routeId,originHarbourId,originHarbourName,originProvince,origin,destination,destinationProvince,service_category_id,service_category_name,serviceId,serviceName,serviceType,serviceCode,description,passengerCapacity,statusLogistic
5488,175,Aimere,Nusa Tenggara Timur,Aimere,Kupang,Nusa Tenggara Timur,pejalan-kaki,Pejalan Kaki,7,Dewasa Ekonomi,passenger,DEWASA,>2 Tahun,10,Inactive
5488,175,Aimere,Nusa Tenggara Timur,Aimere,Kupang,Nusa Tenggara Timur,pejalan-kaki,Pejalan Kaki,5,Dewasa Bisnis I,passenger,DEWASA,>2 Tahun,10,Inactive
5488,175,Aimere,Nusa Tenggara Timur,Aimere,Kupang,Nusa Tenggara Timur,pejalan-kaki,Pejalan Kaki,30,Dewasa Bisnis II,passenger,DEWASA, >2 Tahun ,10,Inactive
5488,175,Aimere,Nusa Tenggara Timur,Aimere,Kupang,Nusa Tenggara Timur,pejalan-kaki,Pejalan Kaki,8,Anak - Anak Ekonomi,passenger,ANAK,2 - 5 Tahun,10,Inactive
5488,175,Aimere,Nusa Tenggara Timur,Aimere,Kupang,Nusa Tenggara Timur,pejalan-kaki,Pejalan Kaki,31,Anak - Anak Bisnis II,passenger,ANAK,2 - 5 Tahun,0,Inactive
5488,175,Aimere,Nusa Tenggara Timur,Aimere,Kupang,Nusa Tenggara Timur,kendaraan,Kendaraan,11,Golongan I,vehicle,GOL I,Sepeda Gayuh,1,inactive
5488,175,Aimere,Nusa Tenggara Timur,Aimere,Kupang,Nusa Tenggara Timur,kendaraan,Kendaraan,12,Golongan II ,vehicle,GOL II,Sepeda motor roda 2 di bawah 500 cc & gerobak dorong,2,inactive
5488,175,Aimere,Nusa Tenggara Timur,Aimere,Kupang,Nusa Tenggara Timur,kendaraan,Kendaraan,13,Golongan III,vehicle,GOL III,Sepeda motor besar lebih dari (500 cc) & Sepeda motor roda 3,2,inactive
5488,175,Aimere,Nusa Tenggara Timur,Aimere,Kupang,Nusa Tenggara Timur,kendaraan,Kendaraan,14,Golongan IV - Penumpang,vehicle,GOL IV A,"Kendaraan penumpang roda 4 (sedan, jeep dan sejenisnya dengan panjang maks 5Meter)",7,inactive
5488,175,Aimere,Nusa Tenggara Timur,Aimere,Kupang,Nusa Tenggara Timur,kendaraan,Kendaraan,15,Golongan IV - Barang,vehicle,GOL IV B,Kendaraan penumpang roda 4 (pickup sejenis dengan bak / boks panjang maks 5Meter),5,inactive
5488,175,Aimere,Nusa Tenggara Timur,Aimere,Kupang,Nusa Tenggara Timur,kendaraan,Kendaraan,16,Golongan V - Penumpang,vehicle,GOL V A,Kendaraan penumpang (minibus/elf sejenis dengan panjang lebih dari 5-7Meter),16,inactive
5488,175,Aimere,Nusa Tenggara Timur,Aimere,Kupang,Nusa Tenggara Timur,kendaraan,Kendaraan,17,Golongan V - Barang,vehicle,GOL V B,Kendaraan barang (dengan bak/boks dan tangki sejenis dengan panjang lebih dari 5-7Meter),2,inactive
5488,175,Aimere,Nusa Tenggara Timur,Aimere,Kupang,Nusa Tenggara Timur,kendaraan,Kendaraan,18,Golongan VI - Penumpang,vehicle,GOL VI A,Kendaraan penumpang (bus dengan panjang lebih dari 7-10Meter),32,inactive
5488,175,Aimere,Nusa Tenggara Timur,Aimere,Kupang,Nusa Tenggara Timur,kendaraan,Kendaraan,19,Golongan VI - Barang,vehicle,GOL VI B,Kendaraan barang (dengan bak/boks dan tangki sejenis dengan panjang lebih dari 7-10m),2,inactive
5488,175,Aimere,Nusa Tenggara Timur,Aimere,Kupang,Nusa Tenggara Timur,kendaraan,Kendaraan,20,Golongan VII,vehicle,GOL VII,"Truk tronton / tangki, kereta penarik kendaraan berat dengan Panjang 10-12m",2,inactive
5488,175,Aimere,Nusa Tenggara Timur,Aimere,Kupang,Nusa Tenggara Timur,kendaraan,Kendaraan,21,Golongan VIII,vehicle,GOL VIII,"Truk tronton / tangki, kereta penarik kendaraan berat dengan Panjang lebih dari 12-16m",2,inactive
5488,175,Aimere,Nusa Tenggara Timur,Aimere,Kupang,Nusa Tenggara Timur,kendaraan,Kendaraan,22,Golongan IX,vehicle,GOL IX,"Truk tronton / tangki, kereta penarik kendaraan berat dengan Panjang lebih dari 16m & Alat Berat",2,inactive
5439,175,Aimere,Nusa Tenggara Timur,Aimere,Waingapu,Nusa Tenggara Timur,pejalan-kaki,Pejalan Kaki,7,Dewasa Ekonomi,passenger,DEWASA,>2 Tahun,10,Inactive
5439,175,Aimere,Nusa Tenggara Timur,Aimere,Waingapu,Nusa Tenggara Timur,pejalan-kaki,Pejalan Kaki,5,Dewasa Bisnis I,passenger,DEWASA,>2 Tahun,10,Inactive
5439,175,Aimere,Nusa Tenggara Timur,Aimere,Waingapu,Nusa Tenggara Timur,pejalan-kaki,Pejalan Kaki,8,Anak - Anak Ekonomi,passenger,ANAK,2 - 5 Tahun,10,Inactive
5439,175,Aimere,Nusa Tenggara Timur,Aimere,Waingapu,Nusa Tenggara Timur,pejalan-kaki,Pejalan Kaki,6,Anak - Anak Bisnis I,passenger,ANAK,2 - 5 Tahun,10,Inactive
5439,175,Aimere,Nusa Tenggara Timur,Aimere,Waingapu,Nusa Tenggara Timur,kendaraan,Kendaraan,11,Golongan I,vehicle,GOL I,Sepeda Gayuh,1,inactive
5439,175,Aimere,Nusa Tenggara Timur,Aimere,Waingapu,Nusa Tenggara Timur,kendaraan,Kendaraan,12,Golongan II ,vehicle,GOL II,Sepeda motor roda 2 di bawah 500 cc & gerobak dorong,2,inactive
5439,175,Aimere,Nusa Tenggara Timur,Aimere,Waingapu,Nusa Tenggara Timur,kendaraan,Kendaraan,13,Golongan III,vehicle,GOL III,Sepeda motor besar lebih dari (500 cc) & Sepeda motor roda 3,2,inactive
5439,175,Aimere,Nusa Tenggara Timur,Aimere,Waingapu,Nusa Tenggara Timur,kendaraan,Kendaraan,14,Golongan IV - Penumpang,vehicle,GOL IV A,"Kendaraan penumpang roda 4 (sedan, jeep dan sejenisnya dengan panjang maks 5Meter)",7,inactive
5439,175,Aimere,Nusa Tenggara Timur,Aimere,Waingapu,Nusa Tenggara Timur,kendaraan,Kendaraan,15,Golongan IV - Barang,vehicle,GOL IV B,Kendaraan penumpang roda 4 (pickup sejenis dengan bak / boks panjang maks 5Meter),5,inactive
5439,175,Aimere,Nusa Tenggara Timur,Aimere,Waingapu,Nusa Tenggara Timur,kendaraan,Kendaraan,16,Golongan V - Penumpang,vehicle,GOL V A,Kendaraan penumpang (minibus/elf sejenis dengan panjang lebih dari 5-7Meter),16,inactive
5439,175,Aimere,Nusa Tenggara Timur,Aimere,Waingapu,Nusa Tenggara Timur,kendaraan,Kendaraan,17,Golongan V - Barang,vehicle,GOL V B,Kendaraan barang (dengan bak/boks dan tangki sejenis dengan panjang lebih dari 5-7Meter),2,inactive
5439,175,Aimere,Nusa Tenggara Timur,Aimere,Waingapu,Nusa Tenggara Timur,kendaraan,Kendaraan,18,Golongan VI - Penumpang,vehicle,GOL VI A,Kendaraan penumpang (bus dengan panjang lebih dari 7-10Meter),32,inactive
5439,175,Aimere,Nusa Tenggara Timur,Aimere,Waingapu,Nusa Tenggara Timur,kendaraan,Kendaraan,19,Golongan VI - Barang,vehicle,GOL VI B,Kendaraan barang (dengan bak/boks dan tangki sejenis dengan panjang lebih dari 7-10m),2,inactive
5439,175,Aimere,Nusa Tenggara Timur,Aimere,Waingapu,Nusa Tenggara Timur,kendaraan,Kendaraan,20,Golongan VII,vehicle,GOL VII,"Truk tronton / tangki, kereta penarik kendaraan berat dengan Panjang 10-12m",2,inactive
5439,175,Aimere,Nusa Tenggara Timur,Aimere,Waingapu,Nusa Tenggara Timur,kendaraan,Kendaraan,21,Golongan VIII,vehicle,GOL VIII,"Truk tronton / tangki, kereta penarik kendaraan berat dengan Panjang lebih dari 12-16m",2,inactive
5439,175,Aimere,Nusa Tenggara Timur,Aimere,Waingapu,Nusa Tenggara Timur,kendaraan,Kendaraan,22,Golongan IX,vehicle,GOL IX,"Truk tronton / tangki, kereta penarik kendaraan berat dengan Panjang lebih dari 16m & Alat Berat",2,inactive
5510,348,Ajibata,Sumatera Utara,Ajibata,Ambarita,Sumatera Utara,pejalan-kaki,Pejalan Kaki,7,Dewasa Ekonomi,passenger,DEWASA,>2 Tahun,10,Inactive
5510,348,Ajibata,Sumatera Utara,Ajibata,Ambarita,Sumatera Utara,pejalan-kaki,Pejalan Kaki,9,Bayi Ekonomi,passenger,BAYI,0 - 2 Tahun,10,Inactive
5510,348,Ajibata,Sumatera Utara,Ajibata,Ambarita,Sumatera Utara,kendaraan,Kendaraan,11,Golongan I,vehicle,GOL I,Sepeda Gayuh,1,inactive
5510,348,Ajibata,Sumatera Utara,Ajibata,Ambarita,Sumatera Utara,kendaraan,Kendaraan,12,Golongan II ,vehicle,GOL II,Sepeda motor roda 2 di bawah 500 cc & gerobak dorong,2,inactive
5510,348,Ajibata,Sumatera Utara,Ajibata,Ambarita,Sumatera Utara,kendaraan,Kendaraan,13,Golongan III,vehicle,GOL III,Sepeda motor besar lebih dari (500 cc) & Sepeda motor roda 3,2,inactive
5510,348,Ajibata,Sumatera Utara,Ajibata,Ambarita,Sumatera Utara,kendaraan,Kendaraan,14,Golongan IV - Penumpang,vehicle,GOL IV A,"Kendaraan penumpang roda 4 (sedan, jeep dan sejenisnya dengan panjang maks 5Meter)",7,inactive
5510,348,Ajibata,Sumatera Utara,Ajibata,Ambarita,Sumatera Utara,kendaraan,Kendaraan,15,Golongan IV - Barang,vehicle,GOL IV B,Kendaraan penumpang roda 4 (pickup sejenis dengan bak / boks panjang maks 5Meter),5,active
5510,348,Ajibata,Sumatera Utara,Ajibata,Ambarita,Sumatera Utara,kendaraan,Kendaraan,16,Golongan V - Penumpang,vehicle,GOL V A,Kendaraan penumpang (minibus/elf sejenis dengan panjang lebih dari 5-7Meter),16,inactive
5510,348,Ajibata,Sumatera Utara,Ajibata,Ambarita,Sumatera Utara,kendaraan,Kendaraan,17,Golongan V - Barang,vehicle,GOL V B,Kendaraan barang (dengan bak/boks dan tangki sejenis dengan panjang lebih dari 5-7Meter),2,active
5510,348,Ajibata,Sumatera Utara,Ajibata,Ambarita,Sumatera Utara,kendaraan,Kendaraan,18,Golongan VI - Penumpang,vehicle,GOL VI A,Kendaraan penumpang (bus dengan panjang lebih dari 7-10Meter),32,inactive
5510,348,Ajibata,Sumatera Utara,Ajibata,Ambarita,Sumatera Utara,kendaraan,Kendaraan,19,Golongan VI - Barang,vehicle,GOL VI B,Kendaraan barang (dengan bak/boks dan tangki sejenis dengan panjang lebih dari 7-10m),2,active
5510,348,Ajibata,Sumatera Utara,Ajibata,Ambarita,Sumatera Utara,kendaraan,Kendaraan,20,Golongan VII,vehicle,GOL VII,"Truk tronton / tangki, kereta penarik kendaraan berat dengan Panjang 10-12m",2,active
5510,348,Ajibata,Sumatera Utara,Ajibata,Ambarita,Sumatera Utara,kendaraan,Kendaraan,21,Golongan VIII,vehicle,GOL VIII,"Truk tronton / tangki, kereta penarik kendaraan berat dengan Panjang lebih dari 12-16m",2,active
5510,348,Ajibata,Sumatera Utara,Ajibata,Ambarita,Sumatera Utara,kendaraan,Kendaraan,22,Golongan IX,vehicle,GOL IX,"Truk tronton / tangki, kereta penarik kendaraan berat dengan Panjang lebih dari 16m & Alat Berat",2,active
5511,349,Ambarita,Sumatera Utara,Ambarita,Ajibata,Sumatera Utara,pejalan-kaki,Pejalan Kaki,7,Dewasa Ekonomi,passenger,DEWASA,>2 Tahun,10,Inactive
5511,349,Ambarita,Sumatera Utara,Ambarita,Ajibata,Sumatera Utara,pejalan-kaki,Pejalan Kaki,9,Bayi Ekonomi,passenger,BAYI,0 - 2 Tahun,10,Inactive
5511,349,Ambarita,Sumatera Utara,Ambarita,Ajibata,Sumatera Utara,kendaraan,Kendaraan,11,Golongan I,vehicle,GOL I,Sepeda Gayuh,1,inactive
5511,349,Ambarita,Sumatera Utara,Ambarita,Ajibata,Sumatera Utara,kendaraan,Kendaraan,12,Golongan II ,vehicle,GOL II,Sepeda motor roda 2 di bawah 500 cc & gerobak dorong,2,inactive
5511,349,Ambarita,Sumatera Utara,Ambarita,Ajibata,Sumatera Utara,kendaraan,Kendaraan,13,Golongan III,vehicle,GOL III,Sepeda motor besar lebih dari (500 cc) & Sepeda motor roda 3,2,inactive
5511,349,Ambarita,Sumatera Utara,Ambarita,Ajibata,Sumatera Utara,kendaraan,Kendaraan,14,Golongan IV - Penumpang,vehicle,GOL IV A,"Kendaraan penumpang roda 4 (sedan, jeep dan sejenisnya dengan panjang maks 5Meter)",7,inactive
5511,349,Ambarita,Sumatera Utara,Ambarita,Ajibata,Sumatera Utara,kendaraan,Kendaraan,15,Golongan IV - Barang,vehicle,GOL IV B,Kendaraan penumpang roda 4 (pickup sejenis dengan bak / boks panjang maks 5Meter),5,active
5511,349,Ambarita,Sumatera Utara,Ambarita,Ajibata,Sumatera Utara,kendaraan,Kendaraan,16,Golongan V - Penumpang,vehicle,GOL V A,Kendaraan penumpang (minibus/elf sejenis dengan panjang lebih dari 5-7Meter),16,inactive
5511,349,Ambarita,Sumatera Utara,Ambarita,Ajibata,Sumatera Utara,kendaraan,Kendaraan,17,Golongan V - Barang,vehicle,GOL V B,Kendaraan barang (dengan bak/boks dan tangki sejenis dengan panjang lebih dari 5-7Meter),2,active
5511,349,Ambarita,Sumatera Utara,Ambarita,Ajibata,Sumatera Utara,kendaraan,Kendaraan,18,Golongan VI - Penumpang,vehicle,GOL VI A,Kendaraan penumpang (bus dengan panjang lebih dari 7-10Meter),32,inactive
5511,349,Ambarita,Sumatera Utara,Ambarita,Ajibata,Sumatera Utara,kendaraan,Kendaraan,19,Golongan VI - Barang,vehicle,GOL VI B,Kendaraan barang (dengan bak/boks dan tangki sejenis dengan panjang lebih dari 7-10m),2,active
5511,349,Ambarita,Sumatera Utara,Ambarita,Ajibata,Sumatera Utara,kendaraan,Kendaraan,20,Golongan VII,vehicle,GOL VII,"Truk tronton / tangki, kereta penarik kendaraan berat dengan Panjang 10-12m",2,active
5511,349,Ambarita,Sumatera Utara,Ambarita,Ajibata,Sumatera Utara,kendaraan,Kendaraan,21,Golongan VIII,vehicle,GOL VIII,"Truk tronton / tangki, kereta penarik kendaraan berat dengan Panjang lebih dari 12-16m",2,active
5511,349,Ambarita,Sumatera Utara,Ambarita,Ajibata,Sumatera Utara,kendaraan,Kendaraan,22,Golongan IX,vehicle,GOL IX,"Truk tronton / tangki, kereta penarik kendaraan berat dengan Panjang lebih dari 16m & Alat Berat",2,active
203202,203,Bajoe,Sulawesi Selatan,Bajoe,Kolaka,Sulawesi Tenggara,pejalan-kaki,Pejalan Kaki,7,Dewasa Ekonomi,passenger,DEWASA,>2 Tahun,10,Inactive
203202,203,Bajoe,Sulawesi Selatan,Bajoe,Kolaka,Sulawesi Tenggara,pejalan-kaki,Pejalan Kaki,1,Dewasa,passenger,DEWASA, >2 Tahun ,10,Inactive
203202,203,Bajoe,Sulawesi Selatan,Bajoe,Kolaka,Sulawesi Tenggara,pejalan-kaki,Pejalan Kaki,9,Bayi Ekonomi,passenger,BAYI,0 - 2 Tahun,10,Inactive
203202,203,Bajoe,Sulawesi Selatan,Bajoe,Kolaka,Sulawesi Tenggara,kendaraan,Kendaraan,11,Golongan I,vehicle,GOL I,Sepeda Gayuh,1,inactive
203202,203,Bajoe,Sulawesi Selatan,Bajoe,Kolaka,Sulawesi Tenggara,kendaraan,Kendaraan,12,Golongan II ,vehicle,GOL II,Sepeda motor roda 2 di bawah 500 cc & gerobak dorong,2,inactive
203202,203,Bajoe,Sulawesi Selatan,Bajoe,Kolaka,Sulawesi Tenggara,kendaraan,Kendaraan,13,Golongan III,vehicle,GOL III,Sepeda motor besar lebih dari (500 cc) & Sepeda motor roda 3,2,inactive
203202,203,Bajoe,Sulawesi Selatan,Bajoe,Kolaka,Sulawesi Tenggara,kendaraan,Kendaraan,14,Golongan IV - Penumpang,vehicle,GOL IV A,"Kendaraan penumpang roda 4 (sedan, jeep dan sejenisnya dengan panjang maks 5Meter)",7,inactive
203202,203,Bajoe,Sulawesi Selatan,Bajoe,Kolaka,Sulawesi Tenggara,kendaraan,Kendaraan,15,Golongan IV - Barang,vehicle,GOL IV B,Kendaraan penumpang roda 4 (pickup sejenis dengan bak / boks panjang maks 5Meter),5,active
203202,203,Bajoe,Sulawesi Selatan,Bajoe,Kolaka,Sulawesi Tenggara,kendaraan,Kendaraan,16,Golongan V - Penumpang,vehicle,GOL V A,Kendaraan penumpang (minibus/elf sejenis dengan panjang lebih dari 5-7Meter),16,inactive
203202,203,Bajoe,Sulawesi Selatan,Bajoe,Kolaka,Sulawesi Tenggara,kendaraan,Kendaraan,17,Golongan V - Barang,vehicle,GOL V B,Kendaraan barang (dengan bak/boks dan tangki sejenis dengan panjang lebih dari 5-7Meter),2,active
203202,203,Bajoe,Sulawesi Selatan,Bajoe,Kolaka,Sulawesi Tenggara,kendaraan,Kendaraan,18,Golongan VI - Penumpang,vehicle,GOL VI A,Kendaraan penumpang (bus dengan panjang lebih dari 7-10Meter),32,inactive
203202,203,Bajoe,Sulawesi Selatan,Bajoe,Kolaka,Sulawesi Tenggara,kendaraan,Kendaraan,19,Golongan VI - Barang,vehicle,GOL VI B,Kendaraan barang (dengan bak/boks dan tangki sejenis dengan panjang lebih dari 7-10m),2,active
203202,203,Bajoe,Sulawesi Selatan,Bajoe,Kolaka,Sulawesi Tenggara,kendaraan,Kendaraan,20,Golongan VII,vehicle,GOL VII,"Truk tronton / tangki, kereta penarik kendaraan berat dengan Panjang 10-12m",2,active
203202,203,Bajoe,Sulawesi Selatan,Bajoe,Kolaka,Sulawesi Tenggara,kendaraan,Kendaraan,21,Golongan VIII,vehicle,GOL VIII,"Truk tronton / tangki, kereta penarik kendaraan berat dengan Panjang lebih dari 12-16m",2,active
203202,203,Bajoe,Sulawesi Selatan,Bajoe,Kolaka,Sulawesi Tenggara,kendaraan,Kendaraan,22,Golongan IX,vehicle,GOL IX,"Truk tronton / tangki, kereta penarik kendaraan berat dengan Panjang lebih dari 16m & Alat Berat",2,active
1516,14,Balohan,Aceh,Balohan,Ulee Lheue,Aceh,pejalan-kaki,Pejalan Kaki,7,Dewasa Ekonomi,passenger,DEWASA,>2 Tahun,10,Inactive
1516,14,Balohan,Aceh,Balohan,Ulee Lheue,Aceh,pejalan-kaki,Pejalan Kaki,9,Bayi Ekonomi,passenger,BAYI,0 - 2 Tahun,10,Inactive
1516,14,Balohan,Aceh,Balohan,Ulee Lheue,Aceh,kendaraan,Kendaraan,11,Golongan I,vehicle,GOL I,Sepeda Gayuh,1,inactive
1516,14,Balohan,Aceh,Balohan,Ulee Lheue,Aceh,kendaraan,Kendaraan,12,Golongan II ,vehicle,GOL II,Sepeda motor roda 2 di bawah 500 cc & gerobak dorong,2,inactive
1516,14,Balohan,Aceh,Balohan,Ulee Lheue,Aceh,kendaraan,Kendaraan,13,Golongan III,vehicle,GOL III,Sepeda motor besar lebih dari (500 cc) & Sepeda motor roda 3,2,inactive
1516,14,Balohan,Aceh,Balohan,Ulee Lheue,Aceh,kendaraan,Kendaraan,14,Golongan IV - Penumpang,vehicle,GOL IV A,"Kendaraan penumpang roda 4 (sedan, jeep dan sejenisnya dengan panjang maks 5Meter)",7,inactive
1516,14,Balohan,Aceh,Balohan,Ulee Lheue,Aceh,kendaraan,Kendaraan,15,Golongan IV - Barang,vehicle,GOL IV B,Kendaraan penumpang roda 4 (pickup sejenis dengan bak / boks panjang maks 5Meter),5,active
1516,14,Balohan,Aceh,Balohan,Ulee Lheue,Aceh,kendaraan,Kendaraan,16,Golongan V - Penumpang,vehicle,GOL V A,Kendaraan penumpang (minibus/elf sejenis dengan panjang lebih dari 5-7Meter),16,inactive
1516,14,Balohan,Aceh,Balohan,Ulee Lheue,Aceh,kendaraan,Kendaraan,17,Golongan V - Barang,vehicle,GOL V B,Kendaraan barang (dengan bak/boks dan tangki sejenis dengan panjang lebih dari 5-7Meter),2,active
1516,14,Balohan,Aceh,Balohan,Ulee Lheue,Aceh,kendaraan,Kendaraan,18,Golongan VI - Penumpang,vehicle,GOL VI A,Kendaraan penumpang (bus dengan panjang lebih dari 7-10Meter),32,inactive
1516,14,Balohan,Aceh,Balohan,Ulee Lheue,Aceh,kendaraan,Kendaraan,19,Golongan VI - Barang,vehicle,GOL VI B,Kendaraan barang (dengan bak/boks dan tangki sejenis dengan panjang lebih dari 7-10m),2,active
1516,14,Balohan,Aceh,Balohan,Ulee Lheue,Aceh,kendaraan,Kendaraan,20,Golongan VII,vehicle,GOL VII,"Truk tronton / tangki, kereta penarik kendaraan berat dengan Panjang 10-12m",2,active
1516,14,Balohan,Aceh,Balohan,Ulee Lheue,Aceh,kendaraan,Kendaraan,21,Golongan VIII,vehicle,GOL VIII,"Truk tronton / tangki, kereta penarik kendaraan berat dengan Panjang lebih dari 12-16m",2,active
1516,14,Balohan,Aceh,Balohan,Ulee Lheue,Aceh,kendaraan,Kendaraan,22,Golongan IX,vehicle,GOL IX,"Truk tronton / tangki, kereta penarik kendaraan berat dengan Panjang lebih dari 16m & Alat Berat",2,active
58,106,Bastiong,Maluku Utara,Bastiong,Babang,Maluku Utara,pejalan-kaki,Pejalan Kaki,7,Dewasa Ekonomi,passenger,DEWASA,>2 Tahun,10,Inactive
58,106,Bastiong,Maluku Utara,Bastiong,Babang,Maluku Utara,pejalan-kaki,Pejalan Kaki,9,Bayi Ekonomi,passenger,BAYI,0 - 2 Tahun,10,Inactive
58,106,Bastiong,Maluku Utara,Bastiong,Babang,Maluku Utara,kendaraan,Kendaraan,11,Golongan I,vehicle,GOL I,Sepeda Gayuh,1,inactive
58,106,Bastiong,Maluku Utara,Bastiong,Babang,Maluku Utara,kendaraan,Kendaraan,12,Golongan II ,vehicle,GOL II,Sepeda motor roda 2 di bawah 500 cc & gerobak dorong,2,inactive
58,106,Bastiong,Maluku Utara,Bastiong,Babang,Maluku Utara,kendaraan,Kendaraan,13,Golongan III,vehicle,GOL III,Sepeda motor besar lebih dari (500 cc) & Sepeda motor roda 3,2,inactive
58,106,Bastiong,Maluku Utara,Bastiong,Babang,Maluku Utara,kendaraan,Kendaraan,14,Golongan IV - Penumpang,vehicle,GOL IV A,"Kendaraan penumpang roda 4 (sedan, jeep dan sejenisnya dengan panjang maks 5Meter)",7,inactive
58,106,Bastiong,Maluku Utara,Bastiong,Babang,Maluku Utara,kendaraan,Kendaraan,15,Golongan IV - Barang,vehicle,GOL IV B,Kendaraan penumpang roda 4 (pickup sejenis dengan bak / boks panjang maks 5Meter),5,active
58,106,Bastiong,Maluku Utara,Bastiong,Babang,Maluku Utara,kendaraan,Kendaraan,16,Golongan V - Penumpang,vehicle,GOL V A,Kendaraan penumpang (minibus/elf sejenis dengan panjang lebih dari 5-7Meter),16,inactive
58,106,Bastiong,Maluku Utara,Bastiong,Babang,Maluku Utara,kendaraan,Kendaraan,17,Golongan V - Barang,vehicle,GOL V B,Kendaraan barang (dengan bak/boks dan tangki sejenis dengan panjang lebih dari 5-7Meter),2,active
58,106,Bastiong,Maluku Utara,Bastiong,Babang,Maluku Utara,kendaraan,Kendaraan,18,Golongan VI - Penumpang,vehicle,GOL VI A,Kendaraan penumpang (bus dengan panjang lebih dari 7-10Meter),32,inactive
58,106,Bastiong,Maluku Utara,Bastiong,Babang,Maluku Utara,kendaraan,Kendaraan,19,Golongan VI - Barang,vehicle,GOL VI B,Kendaraan barang (dengan bak/boks dan tangki sejenis dengan panjang lebih dari 7-10m),2,active
58,106,Bastiong,Maluku Utara,Bastiong,Babang,Maluku Utara,kendaraan,Kendaraan,20,Golongan VII,vehicle,GOL VII,"Truk tronton / tangki, kereta penarik kendaraan berat dengan Panjang 10-12m",2,active
58,106,Bastiong,Maluku Utara,Bastiong,Babang,Maluku Utara,kendaraan,Kendaraan,21,Golongan VIII,vehicle,GOL VIII,"Truk tronton / tangki, kereta penarik kendaraan berat dengan Panjang lebih dari 12-16m",2,active
58,106,Bastiong,Maluku Utara,Bastiong,Babang,Maluku Utara,kendaraan,Kendaraan,22,Golongan IX,vehicle,GOL IX,"Truk tronton / tangki, kereta penarik kendaraan berat dengan Panjang lebih dari 16m & Alat Berat",2,active
42,106,Bastiong,Maluku Utara,Bastiong,Batang Dua,Maluku Utara,pejalan-kaki,Pejalan Kaki,7,Dewasa Ekonomi,passenger,DEWASA,>2 Tahun,10,Inactive
42,106,Bastiong,Maluku Utara,Bastiong,Batang Dua,Maluku Utara,pejalan-kaki,Pejalan Kaki,9,Bayi Ekonomi,passenger,BAYI,0 - 2 Tahun,10,Inactive
42,106,Bastiong,Maluku Utara,Bastiong,Batang Dua,Maluku Utara,kendaraan,Kendaraan,11,Golongan I,vehicle,GOL I,Sepeda Gayuh,1,inactive
42,106,Bastiong,Maluku Utara,Bastiong,Batang Dua,Maluku Utara,kendaraan,Kendaraan,12,Golongan II ,vehicle,GOL II,Sepeda motor roda 2 di bawah 500 cc & gerobak dorong,2,inactive
42,106,Bastiong,Maluku Utara,Bastiong,Batang Dua,Maluku Utara,kendaraan,Kendaraan,13,Golongan III,vehicle,GOL III,Sepeda motor besar lebih dari (500 cc) & Sepeda motor roda 3,2,inactive
42,106,Bastiong,Maluku Utara,Bastiong,Batang Dua,Maluku Utara,kendaraan,Kendaraan,14,Golongan IV - Penumpang,vehicle,GOL IV A,"Kendaraan penumpang roda 4 (sedan, jeep dan sejenisnya dengan panjang maks 5Meter)",7,inactive
42,106,Bastiong,Maluku Utara,Bastiong,Batang Dua,Maluku Utara,kendaraan,Kendaraan,15,Golongan IV - Barang,vehicle,GOL IV B,Kendaraan penumpang roda 4 (pickup sejenis dengan bak / boks panjang maks 5Meter),5,active
42,106,Bastiong,Maluku Utara,Bastiong,Batang Dua,Maluku Utara,kendaraan,Kendaraan,16,Golongan V - Penumpang,vehicle,GOL V A,Kendaraan penumpang (minibus/elf sejenis dengan panjang lebih dari 5-7Meter),16,inactive
42,106,Bastiong,Maluku Utara,Bastiong,Batang Dua,Maluku Utara,kendaraan,Kendaraan,17,Golongan V - Barang,vehicle,GOL V B,Kendaraan barang (dengan bak/boks dan tangki sejenis dengan panjang lebih dari 5-7Meter),2,active
42,106,Bastiong,Maluku Utara,Bastiong,Batang Dua,Maluku Utara,kendaraan,Kendaraan,18,Golongan VI - Penumpang,vehicle,GOL VI A,Kendaraan penumpang (bus dengan panjang lebih dari 7-10Meter),32,inactive
42,106,Bastiong,Maluku Utara,Bastiong,Batang Dua,Maluku Utara,kendaraan,Kendaraan,19,Golongan VI - Barang,vehicle,GOL VI B,Kendaraan barang (dengan bak/boks dan tangki sejenis dengan panjang lebih dari 7-10m),2,active
42,106,Bastiong,Maluku Utara,Bastiong,Batang Dua,Maluku Utara,kendaraan,Kendaraan,20,Golongan VII,vehicle,GOL VII,"Truk tronton / tangki, kereta penarik kendaraan berat dengan Panjang 10-12m",2,active
42,106,Bastiong,Maluku Utara,Bastiong,Batang Dua,Maluku Utara,kendaraan,Kendaraan,21,Golongan VIII,vehicle,GOL VIII,"Truk tronton / tangki, kereta penarik kendaraan berat dengan Panjang lebih dari 12-16m",2,active
42,106,Bastiong,Maluku Utara,Bastiong,Batang Dua,Maluku Utara,kendaraan,Kendaraan,22,Golongan IX,vehicle,GOL IX,"Truk tronton / tangki, kereta penarik kendaraan berat dengan Panjang lebih dari 16m & Alat Berat",2,active
106521,106,Bastiong,Maluku Utara,Bastiong,Bitung,Sulawesi Utara,pejalan-kaki,Pejalan Kaki,7,Dewasa Ekonomi,passenger,DEWASA,>2 Tahun,10,Inactive
106521,106,Bastiong,Maluku Utara,Bastiong,Bitung,Sulawesi Utara,pejalan-kaki,Pejalan Kaki,9,Bayi Ekonomi,passenger,BAYI,0 - 2 Tahun,10,Inactive
106521,106,Bastiong,Maluku Utara,Bastiong,Bitung,Sulawesi Utara,kendaraan,Kendaraan,11,Golongan I,vehicle,GOL I,Sepeda Gayuh,1,inactive
106521,106,Bastiong,Maluku Utara,Bastiong,Bitung,Sulawesi Utara,kendaraan,Kendaraan,12,Golongan II ,vehicle,GOL II,Sepeda motor roda 2 di bawah 500 cc & gerobak dorong,2,inactive
106521,106,Bastiong,Maluku Utara,Bastiong,Bitung,Sulawesi Utara,kendaraan,Kendaraan,13,Golongan III,vehicle,GOL III,Sepeda motor besar lebih dari (500 cc) & Sepeda motor roda 3,2,inactive
106521,106,Bastiong,Maluku Utara,Bastiong,Bitung,Sulawesi Utara,kendaraan,Kendaraan,14,Golongan IV - Penumpang,vehicle,GOL IV A,"Kendaraan penumpang roda 4 (sedan, jeep dan sejenisnya dengan panjang maks 5Meter)",7,inactive
106521,106,Bastiong,Maluku Utara,Bastiong,Bitung,Sulawesi Utara,kendaraan,Kendaraan,15,Golongan IV - Barang,vehicle,GOL IV B,Kendaraan penumpang roda 4 (pickup sejenis dengan bak / boks panjang maks 5Meter),5,active
106521,106,Bastiong,Maluku Utara,Bastiong,Bitung,Sulawesi Utara,kendaraan,Kendaraan,16,Golongan V - Penumpang,vehicle,GOL V A,Kendaraan penumpang (minibus/elf sejenis dengan panjang lebih dari 5-7Meter),16,inactive
106521,106,Bastiong,Maluku Utara,Bastiong,Bitung,Sulawesi Utara,kendaraan,Kendaraan,17,Golongan V - Barang,vehicle,GOL V B,Kendaraan barang (dengan bak/boks dan tangki sejenis dengan panjang lebih dari 5-7Meter),2,active
106521,106,Bastiong,Maluku Utara,Bastiong,Bitung,Sulawesi Utara,kendaraan,Kendaraan,18,Golongan VI - Penumpang,vehicle,GOL VI A,Kendaraan penumpang (bus dengan panjang lebih dari 7-10Meter),32,inactive
106521,106,Bastiong,Maluku Utara,Bastiong,Bitung,Sulawesi Utara,kendaraan,Kendaraan,19,Golongan VI - Barang,vehicle,GOL VI B,Kendaraan barang (dengan bak/boks dan tangki sejenis dengan panjang lebih dari 7-10m),2,active
106521,106,Bastiong,Maluku Utara,Bastiong,Bitung,Sulawesi Utara,kendaraan,Kendaraan,20,Golongan VII,vehicle,GOL VII,"Truk tronton / tangki, kereta penarik kendaraan berat dengan Panjang 10-12m",2,active
106521,106,Bastiong,Maluku Utara,Bastiong,Bitung,Sulawesi Utara,kendaraan,Kendaraan,21,Golongan VIII,vehicle,GOL VIII,"Truk tronton / tangki, kereta penarik kendaraan berat dengan Panjang lebih dari 12-16m",2,active
106521,106,Bastiong,Maluku Utara,Bastiong,Bitung,Sulawesi Utara,kendaraan,Kendaraan,22,Golongan IX,vehicle,GOL IX,"Truk tronton / tangki, kereta penarik kendaraan berat dengan Panjang lebih dari 16m & Alat Berat",2,active
106113,106,Bastiong,Maluku Utara,Bastiong,Kayoa,Maluku Utara,pejalan-kaki,Pejalan Kaki,7,Dewasa Ekonomi,passenger,DEWASA,>2 Tahun,10,Inactive
106113,106,Bastiong,Maluku Utara,Bastiong,Kayoa,Maluku Utara,pejalan-kaki,Pejalan Kaki,9,Bayi Ekonomi,passenger,BAYI,0 - 2 Tahun,10,Inactive
106113,106,Bastiong,Maluku Utara,Bastiong,Kayoa,Maluku Utara,kendaraan,Kendaraan,11,Golongan I,vehicle,GOL I,Sepeda Gayuh,1,inactive
106113,106,Bastiong,Maluku Utara,Bastiong,Kayoa,Maluku Utara,kendaraan,Kendaraan,12,Golongan II ,vehicle,GOL II,Sepeda motor roda 2 di bawah 500 cc & gerobak dorong,2,inactive
106113,106,Bastiong,Maluku Utara,Bastiong,Kayoa,Maluku Utara,kendaraan,Kendaraan,13,Golongan III,vehicle,GOL III,Sepeda motor besar lebih dari (500 cc) & Sepeda motor roda 3,2,inactive
106113,106,Bastiong,Maluku Utara,Bastiong,Kayoa,Maluku Utara,kendaraan,Kendaraan,14,Golongan IV - Penumpang,vehicle,GOL IV A,"Kendaraan penumpang roda 4 (sedan, jeep dan sejenisnya dengan panjang maks 5Meter)",7,inactive
106113,106,Bastiong,Maluku Utara,Bastiong,Kayoa,Maluku Utara,kendaraan,Kendaraan,15,Golongan IV - Barang,vehicle,GOL IV B,Kendaraan penumpang roda 4 (pickup sejenis dengan bak / boks panjang maks 5Meter),5,active
106113,106,Bastiong,Maluku Utara,Bastiong,Kayoa,Maluku Utara,kendaraan,Kendaraan,16,Golongan V - Penumpang,vehicle,GOL V A,Kendaraan penumpang (minibus/elf sejenis dengan panjang lebih dari 5-7Meter),16,inactive
106113,106,Bastiong,Maluku Utara,Bastiong,Kayoa,Maluku Utara,kendaraan,Kendaraan,17,Golongan V - Barang,vehicle,GOL V B,Kendaraan barang (dengan bak/boks dan tangki sejenis dengan panjang lebih dari 5-7Meter),2,active
106113,106,Bastiong,Maluku Utara,Bastiong,Kayoa,Maluku Utara,kendaraan,Kendaraan,18,Golongan VI - Penumpang,vehicle,GOL VI A,Kendaraan penumpang (bus dengan panjang lebih dari 7-10Meter),32,inactive
106113,106,Bastiong,Maluku Utara,Bastiong,Kayoa,Maluku Utara,kendaraan,Kendaraan,19,Golongan VI - Barang,vehicle,GOL VI B,Kendaraan barang (dengan bak/boks dan tangki sejenis dengan panjang lebih dari 7-10m),2,active
106113,106,Bastiong,Maluku Utara,Bastiong,Kayoa,Maluku Utara,kendaraan,Kendaraan,20,Golongan VII,vehicle,GOL VII,"Truk tronton / tangki, kereta penarik kendaraan berat dengan Panjang 10-12m",2,active
106113,106,Bastiong,Maluku Utara,Bastiong,Kayoa,Maluku Utara,kendaraan,Kendaraan,21,Golongan VIII,vehicle,GOL VIII,"Truk tronton / tangki, kereta penarik kendaraan berat dengan Panjang lebih dari 12-16m",2,active
106113,106,Bastiong,Maluku Utara,Bastiong,Kayoa,Maluku Utara,kendaraan,Kendaraan,22,Golongan IX,vehicle,GOL IX,"Truk tronton / tangki, kereta penarik kendaraan berat dengan Panjang lebih dari 16m & Alat Berat",2,active
46,106,Bastiong,Maluku Utara,Bastiong,Makian,Maluku Utara,pejalan-kaki,Pejalan Kaki,7,Dewasa Ekonomi,passenger,DEWASA,>2 Tahun,10,Inactive
46,106,Bastiong,Maluku Utara,Bastiong,Makian,Maluku Utara,pejalan-kaki,Pejalan Kaki,9,Bayi Ekonomi,passenger,BAYI,0 - 2 Tahun,10,Inactive
46,106,Bastiong,Maluku Utara,Bastiong,Makian,Maluku Utara,kendaraan,Kendaraan,11,Golongan I,vehicle,GOL I,Sepeda Gayuh,1,inactive
46,106,Bastiong,Maluku Utara,Bastiong,Makian,Maluku Utara,kendaraan,Kendaraan,12,Golongan II ,vehicle,GOL II,Sepeda motor roda 2 di bawah 500 cc & gerobak dorong,2,inactive
46,106,Bastiong,Maluku Utara,Bastiong,Makian,Maluku Utara,kendaraan,Kendaraan,13,Golongan III,vehicle,GOL III,Sepeda motor besar lebih dari (500 cc) & Sepeda motor roda 3,2,inactive
46,106,Bastiong,Maluku Utara,Bastiong,Makian,Maluku Utara,kendaraan,Kendaraan,14,Golongan IV - Penumpang,vehicle,GOL IV A,"Kendaraan penumpang roda 4 (sedan, jeep dan sejenisnya dengan panjang maks 5Meter)",7,inactive
46,106,Bastiong,Maluku Utara,Bastiong,Makian,Maluku Utara,kendaraan,Kendaraan,15,Golongan IV - Barang,vehicle,GOL IV B,Kendaraan penumpang roda 4 (pickup sejenis dengan bak / boks panjang maks 5Meter),5,inactive
46,106,Bastiong,Maluku Utara,Bastiong,Makian,Maluku Utara,kendaraan,Kendaraan,16,Golongan V - Penumpang,vehicle,GOL V A,Kendaraan penumpang (minibus/elf sejenis dengan panjang lebih dari 5-7Meter),16,inactive
46,106,Bastiong,Maluku Utara,Bastiong,Makian,Maluku Utara,kendaraan,Kendaraan,17,Golongan V - Barang,vehicle,GOL V B,Kendaraan barang (dengan bak/boks dan tangki sejenis dengan panjang lebih dari 5-7Meter),2,inactive
46,106,Bastiong,Maluku Utara,Bastiong,Makian,Maluku Utara,kendaraan,Kendaraan,18,Golongan VI - Penumpang,vehicle,GOL VI A,Kendaraan penumpang (bus dengan panjang lebih dari 7-10Meter),32,inactive
46,106,Bastiong,Maluku Utara,Bastiong,Makian,Maluku Utara,kendaraan,Kendaraan,19,Golongan VI - Barang,vehicle,GOL VI B,Kendaraan barang (dengan bak/boks dan tangki sejenis dengan panjang lebih dari 7-10m),2,inactive
46,106,Bastiong,Maluku Utara,Bastiong,Makian,Maluku Utara,kendaraan,Kendaraan,20,Golongan VII,vehicle,GOL VII,"Truk tronton / tangki, kereta penarik kendaraan berat dengan Panjang 10-12m",2,inactive
46,106,Bastiong,Maluku Utara,Bastiong,Makian,Maluku Utara,kendaraan,Kendaraan,21,Golongan VIII,vehicle,GOL VIII,"Truk tronton / tangki, kereta penarik kendaraan berat dengan Panjang lebih dari 12-16m",2,inactive
46,106,Bastiong,Maluku Utara,Bastiong,Makian,Maluku Utara,kendaraan,Kendaraan,22,Golongan IX,vehicle,GOL IX,"Truk tronton / tangki, kereta penarik kendaraan berat dengan Panjang lebih dari 16m & Alat Berat",2,inactive
40,106,Bastiong,Maluku Utara,Bastiong,Moti,Maluku Utara,pejalan-kaki,Pejalan Kaki,7,Dewasa Ekonomi,passenger,DEWASA,>2 Tahun,10,Inactive
40,106,Bastiong,Maluku Utara,Bastiong,Moti,Maluku Utara,pejalan-kaki,Pejalan Kaki,9,Bayi Ekonomi,passenger,BAYI,0 - 2 Tahun,10,Inactive
40,106,Bastiong,Maluku Utara,Bastiong,Moti,Maluku Utara,kendaraan,Kendaraan,11,Golongan I,vehicle,GOL I,Sepeda Gayuh,1,inactive
40,106,Bastiong,Maluku Utara,Bastiong,Moti,Maluku Utara,kendaraan,Kendaraan,12,Golongan II ,vehicle,GOL II,Sepeda motor roda 2 di bawah 500 cc & gerobak dorong,2,inactive
40,106,Bastiong,Maluku Utara,Bastiong,Moti,Maluku Utara,kendaraan,Kendaraan,13,Golongan III,vehicle,GOL III,Sepeda motor besar lebih dari (500 cc) & Sepeda motor roda 3,2,inactive
40,106,Bastiong,Maluku Utara,Bastiong,Moti,Maluku Utara,kendaraan,Kendaraan,14,Golongan IV - Penumpang,vehicle,GOL IV A,"Kendaraan penumpang roda 4 (sedan, jeep dan sejenisnya dengan panjang maks 5Meter)",7,inactive
40,106,Bastiong,Maluku Utara,Bastiong,Moti,Maluku Utara,kendaraan,Kendaraan,15,Golongan IV - Barang,vehicle,GOL IV B,Kendaraan penumpang roda 4 (pickup sejenis dengan bak / boks panjang maks 5Meter),5,active
40,106,Bastiong,Maluku Utara,Bastiong,Moti,Maluku Utara,kendaraan,Kendaraan,16,Golongan V - Penumpang,vehicle,GOL V A,Kendaraan penumpang (minibus/elf sejenis dengan panjang lebih dari 5-7Meter),16,inactive
40,106,Bastiong,Maluku Utara,Bastiong,Moti,Maluku Utara,kendaraan,Kendaraan,17,Golongan V - Barang,vehicle,GOL V B,Kendaraan barang (dengan bak/boks dan tangki sejenis dengan panjang lebih dari 5-7Meter),2,active
40,106,Bastiong,Maluku Utara,Bastiong,Moti,Maluku Utara,kendaraan,Kendaraan,18,Golongan VI - Penumpang,vehicle,GOL VI A,Kendaraan penumpang (bus dengan panjang lebih dari 7-10Meter),32,inactive
40,106,Bastiong,Maluku Utara,Bastiong,Moti,Maluku Utara,kendaraan,Kendaraan,19,Golongan VI - Barang,vehicle,GOL VI B,Kendaraan barang (dengan bak/boks dan tangki sejenis dengan panjang lebih dari 7-10m),2,active
40,106,Bastiong,Maluku Utara,Bastiong,Moti,Maluku Utara,kendaraan,Kendaraan,20,Golongan VII,vehicle,GOL VII,"Truk tronton / tangki, kereta penarik kendaraan berat dengan Panjang 10-12m",2,active
40,106,Bastiong,Maluku Utara,Bastiong,Moti,Maluku Utara,kendaraan,Kendaraan,21,Golongan VIII,vehicle,GOL VIII,"Truk tronton / tangki, kereta penarik kendaraan berat dengan Panjang lebih dari 12-16m",2,active
40,106,Bastiong,Maluku Utara,Bastiong,Moti,Maluku Utara,kendaraan,Kendaraan,22,Golongan IX,vehicle,GOL IX,"Truk tronton / tangki, kereta penarik kendaraan berat dengan Panjang lebih dari 16m & Alat Berat",2,active
33,106,Bastiong,Maluku Utara,Bastiong,Rum,Maluku Utara,pejalan-kaki,Pejalan Kaki,7,Dewasa Ekonomi,passenger,DEWASA,>2 Tahun,10,Inactive
33,106,Bastiong,Maluku Utara,Bastiong,Rum,Maluku Utara,pejalan-kaki,Pejalan Kaki,9,Bayi Ekonomi,passenger,BAYI,0 - 2 Tahun,10,Inactive
33,106,Bastiong,Maluku Utara,Bastiong,Rum,Maluku Utara,pejalan-kaki,Pejalan Kaki,8,Anak - Anak Ekonomi,passenger,ANAK,2 - 5 Tahun,10,Inactive
33,106,Bastiong,Maluku Utara,Bastiong,Rum,Maluku Utara,kendaraan,Kendaraan,11,Golongan I,vehicle,GOL I,Sepeda Gayuh,1,inactive
33,106,Bastiong,Maluku Utara,Bastiong,Rum,Maluku Utara,kendaraan,Kendaraan,12,Golongan II ,vehicle,GOL II,Sepeda motor roda 2 di bawah 500 cc & gerobak dorong,2,inactive
33,106,Bastiong,Maluku Utara,Bastiong,Rum,Maluku Utara,kendaraan,Kendaraan,13,Golongan III,vehicle,GOL III,Sepeda motor besar lebih dari (500 cc) & Sepeda motor roda 3,2,inactive
33,106,Bastiong,Maluku Utara,Bastiong,Rum,Maluku Utara,kendaraan,Kendaraan,14,Golongan IV - Penumpang,vehicle,GOL IV A,"Kendaraan penumpang roda 4 (sedan, jeep dan sejenisnya dengan panjang maks 5Meter)",7,inactive
33,106,Bastiong,Maluku Utara,Bastiong,Rum,Maluku Utara,kendaraan,Kendaraan,15,Golongan IV - Barang,vehicle,GOL IV B,Kendaraan penumpang roda 4 (pickup sejenis dengan bak / boks panjang maks 5Meter),5,active
33,106,Bastiong,Maluku Utara,Bastiong,Rum,Maluku Utara,kendaraan,Kendaraan,16,Golongan V - Penumpang,vehicle,GOL V A,Kendaraan penumpang (minibus/elf sejenis dengan panjang lebih dari 5-7Meter),16,inactive
33,106,Bastiong,Maluku Utara,Bastiong,Rum,Maluku Utara,kendaraan,Kendaraan,17,Golongan V - Barang,vehicle,GOL V B,Kendaraan barang (dengan bak/boks dan tangki sejenis dengan panjang lebih dari 5-7Meter),2,active
33,106,Bastiong,Maluku Utara,Bastiong,Rum,Maluku Utara,kendaraan,Kendaraan,18,Golongan VI - Penumpang,vehicle,GOL VI A,Kendaraan penumpang (bus dengan panjang lebih dari 7-10Meter),32,inactive
33,106,Bastiong,Maluku Utara,Bastiong,Rum,Maluku Utara,kendaraan,Kendaraan,19,Golongan VI - Barang,vehicle,GOL VI B,Kendaraan barang (dengan bak/boks dan tangki sejenis dengan panjang lebih dari 7-10m),2,active
33,106,Bastiong,Maluku Utara,Bastiong,Rum,Maluku Utara,kendaraan,Kendaraan,20,Golongan VII,vehicle,GOL VII,"Truk tronton / tangki, kereta penarik kendaraan berat dengan Panjang 10-12m",2,active
33,106,Bastiong,Maluku Utara,Bastiong,Rum,Maluku Utara,kendaraan,Kendaraan,21,Golongan VIII,vehicle,GOL VIII,"Truk tronton / tangki, kereta penarik kendaraan berat dengan Panjang lebih dari 12-16m",2,active
33,106,Bastiong,Maluku Utara,Bastiong,Rum,Maluku Utara,kendaraan,Kendaraan,22,Golongan IX,vehicle,GOL IX,"Truk tronton / tangki, kereta penarik kendaraan berat dengan Panjang lebih dari 16m & Alat Berat",2,active
33,106,Bastiong,Maluku Utara,Bastiong,Rum,Maluku Utara,kendaraan,Kendaraan,477,GOLONGAN II SENDIRI,vehicle,GOL II,,0,inactive
36,106,Bastiong,Maluku Utara,Bastiong,Sidangole,Maluku Utara,pejalan-kaki,Pejalan Kaki,7,Dewasa Ekonomi,passenger,DEWASA,>2 Tahun,10,Inactive
36,106,Bastiong,Maluku Utara,Bastiong,Sidangole,Maluku Utara,pejalan-kaki,Pejalan Kaki,9,Bayi Ekonomi,passenger,BAYI,0 - 2 Tahun,10,Inactive
36,106,Bastiong,Maluku Utara,Bastiong,Sidangole,Maluku Utara,pejalan-kaki,Pejalan Kaki,8,Anak - Anak Ekonomi,passenger,ANAK,2 - 5 Tahun,10,Inactive
36,106,Bastiong,Maluku Utara,Bastiong,Sidangole,Maluku Utara,kendaraan,Kendaraan,11,Golongan I,vehicle,GOL I,Sepeda Gayuh,1,inactive
36,106,Bastiong,Maluku Utara,Bastiong,Sidangole,Maluku Utara,kendaraan,Kendaraan,12,Golongan II ,vehicle,GOL II,Sepeda motor roda 2 di bawah 500 cc & gerobak dorong,2,inactive
36,106,Bastiong,Maluku Utara,Bastiong,Sidangole,Maluku Utara,kendaraan,Kendaraan,13,Golongan III,vehicle,GOL III,Sepeda motor besar lebih dari (500 cc) & Sepeda motor roda 3,2,inactive
36,106,Bastiong,Maluku Utara,Bastiong,Sidangole,Maluku Utara,kendaraan,Kendaraan,14,Golongan IV - Penumpang,vehicle,GOL IV A,"Kendaraan penumpang roda 4 (sedan, jeep dan sejenisnya dengan panjang maks 5Meter)",7,inactive
36,106,Bastiong,Maluku Utara,Bastiong,Sidangole,Maluku Utara,kendaraan,Kendaraan,15,Golongan IV - Barang,vehicle,GOL IV B,Kendaraan penumpang roda 4 (pickup sejenis dengan bak / boks panjang maks 5Meter),5,active
36,106,Bastiong,Maluku Utara,Bastiong,Sidangole,Maluku Utara,kendaraan,Kendaraan,16,Golongan V - Penumpang,vehicle,GOL V A,Kendaraan penumpang (minibus/elf sejenis dengan panjang lebih dari 5-7Meter),16,inactive
36,106,Bastiong,Maluku Utara,Bastiong,Sidangole,Maluku Utara,kendaraan,Kendaraan,17,Golongan V - Barang,vehicle,GOL V B,Kendaraan barang (dengan bak/boks dan tangki sejenis dengan panjang lebih dari 5-7Meter),2,active
36,106,Bastiong,Maluku Utara,Bastiong,Sidangole,Maluku Utara,kendaraan,Kendaraan,18,Golongan VI - Penumpang,vehicle,GOL VI A,Kendaraan penumpang (bus dengan panjang lebih dari 7-10Meter),32,inactive
36,106,Bastiong,Maluku Utara,Bastiong,Sidangole,Maluku Utara,kendaraan,Kendaraan,19,Golongan VI - Barang,vehicle,GOL VI B,Kendaraan barang (dengan bak/boks dan tangki sejenis dengan panjang lebih dari 7-10m),2,active
36,106,Bastiong,Maluku Utara,Bastiong,Sidangole,Maluku Utara,kendaraan,Kendaraan,20,Golongan VII,vehicle,GOL VII,"Truk tronton / tangki, kereta penarik kendaraan berat dengan Panjang 10-12m",2,active
36,106,Bastiong,Maluku Utara,Bastiong,Sidangole,Maluku Utara,kendaraan,Kendaraan,21,Golongan VIII,vehicle,GOL VIII,"Truk tronton / tangki, kereta penarik kendaraan berat dengan Panjang lebih dari 12-16m",2,active
36,106,Bastiong,Maluku Utara,Bastiong,Sidangole,Maluku Utara,kendaraan,Kendaraan,22,Golongan IX,vehicle,GOL IX,"Truk tronton / tangki, kereta penarik kendaraan berat dengan Panjang lebih dari 16m & Alat Berat",2,active
38,106,Bastiong,Maluku Utara,Bastiong,Sofifi,Maluku Utara,pejalan-kaki,Pejalan Kaki,7,Dewasa Ekonomi,passenger,DEWASA,>2 Tahun,10,Inactive
38,106,Bastiong,Maluku Utara,Bastiong,Sofifi,Maluku Utara,pejalan-kaki,Pejalan Kaki,9,Bayi Ekonomi,passenger,BAYI,0 - 2 Tahun,10,Inactive
38,106,Bastiong,Maluku Utara,Bastiong,Sofifi,Maluku Utara,pejalan-kaki,Pejalan Kaki,8,Anak - Anak Ekonomi,passenger,ANAK,2 - 5 Tahun,10,Inactive
38,106,Bastiong,Maluku Utara,Bastiong,Sofifi,Maluku Utara,kendaraan,Kendaraan,11,Golongan I,vehicle,GOL I,Sepeda Gayuh,1,inactive
38,106,Bastiong,Maluku Utara,Bastiong,Sofifi,Maluku Utara,kendaraan,Kendaraan,12,Golongan II ,vehicle,GOL II,Sepeda motor roda 2 di bawah 500 cc & gerobak dorong,2,inactive
38,106,Bastiong,Maluku Utara,Bastiong,Sofifi,Maluku Utara,kendaraan,Kendaraan,13,Golongan III,vehicle,GOL III,Sepeda motor besar lebih dari (500 cc) & Sepeda motor roda 3,2,inactive
38,106,Bastiong,Maluku Utara,Bastiong,Sofifi,Maluku Utara,kendaraan,Kendaraan,14,Golongan IV - Penumpang,vehicle,GOL IV A,"Kendaraan penumpang roda 4 (sedan, jeep dan sejenisnya dengan panjang maks 5Meter)",7,inactive
38,106,Bastiong,Maluku Utara,Bastiong,Sofifi,Maluku Utara,kendaraan,Kendaraan,15,Golongan IV - Barang,vehicle,GOL IV B,Kendaraan penumpang roda 4 (pickup sejenis dengan bak / boks panjang maks 5Meter),5,active
38,106,Bastiong,Maluku Utara,Bastiong,Sofifi,Maluku Utara,kendaraan,Kendaraan,16,Golongan V - Penumpang,vehicle,GOL V A,Kendaraan penumpang (minibus/elf sejenis dengan panjang lebih dari 5-7Meter),16,inactive
38,106,Bastiong,Maluku Utara,Bastiong,Sofifi,Maluku Utara,kendaraan,Kendaraan,17,Golongan V - Barang,vehicle,GOL V B,Kendaraan barang (dengan bak/boks dan tangki sejenis dengan panjang lebih dari 5-7Meter),2,active
38,106,Bastiong,Maluku Utara,Bastiong,Sofifi,Maluku Utara,kendaraan,Kendaraan,18,Golongan VI - Penumpang,vehicle,GOL VI A,Kendaraan penumpang (bus dengan panjang lebih dari 7-10Meter),32,inactive
38,106,Bastiong,Maluku Utara,Bastiong,Sofifi,Maluku Utara,kendaraan,Kendaraan,19,Golongan VI - Barang,vehicle,GOL VI B,Kendaraan barang (dengan bak/boks dan tangki sejenis dengan panjang lebih dari 7-10m),2,active
38,106,Bastiong,Maluku Utara,Bastiong,Sofifi,Maluku Utara,kendaraan,Kendaraan,20,Golongan VII,vehicle,GOL VII,"Truk tronton / tangki, kereta penarik kendaraan berat dengan Panjang 10-12m",2,active
38,106,Bastiong,Maluku Utara,Bastiong,Sofifi,Maluku Utara,kendaraan,Kendaraan,21,Golongan VIII,vehicle,GOL VIII,"Truk tronton / tangki, kereta penarik kendaraan berat dengan Panjang lebih dari 12-16m",2,active
38,106,Bastiong,Maluku Utara,Bastiong,Sofifi,Maluku Utara,kendaraan,Kendaraan,22,Golongan IX,vehicle,GOL IX,"Truk tronton / tangki, kereta penarik kendaraan berat dengan Panjang lebih dari 16m & Alat Berat",2,active
83313,83,Batulicin,Kalimantan Selatan,Batulicin,Garongkong,Sulawesi Selatan,pejalan-kaki,Pejalan Kaki,7,Dewasa Ekonomi,passenger,DEWASA,>2 Tahun,10,Inactive
83313,83,Batulicin,Kalimantan Selatan,Batulicin,Garongkong,Sulawesi Selatan,pejalan-kaki,Pejalan Kaki,9,Bayi Ekonomi,passenger,BAYI,0 - 2 Tahun,10,Inactive
83313,83,Batulicin,Kalimantan Selatan,Batulicin,Garongkong,Sulawesi Selatan,kendaraan,Kendaraan,11,Golongan I,vehicle,GOL I,Sepeda Gayuh,1,inactive
83313,83,Batulicin,Kalimantan Selatan,Batulicin,Garongkong,Sulawesi Selatan,kendaraan,Kendaraan,12,Golongan II ,vehicle,GOL II,Sepeda motor roda 2 di bawah 500 cc & gerobak dorong,2,inactive
83313,83,Batulicin,Kalimantan Selatan,Batulicin,Garongkong,Sulawesi Selatan,kendaraan,Kendaraan,13,Golongan III,vehicle,GOL III,Sepeda motor besar lebih dari (500 cc) & Sepeda motor roda 3,2,inactive
83313,83,Batulicin,Kalimantan Selatan,Batulicin,Garongkong,Sulawesi Selatan,kendaraan,Kendaraan,14,Golongan IV - Penumpang,vehicle,GOL IV A,"Kendaraan penumpang roda 4 (sedan, jeep dan sejenisnya dengan panjang maks 5Meter)",7,inactive
83313,83,Batulicin,Kalimantan Selatan,Batulicin,Garongkong,Sulawesi Selatan,kendaraan,Kendaraan,15,Golongan IV - Barang,vehicle,GOL IV B,Kendaraan penumpang roda 4 (pickup sejenis dengan bak / boks panjang maks 5Meter),5,inactive
83313,83,Batulicin,Kalimantan Selatan,Batulicin,Garongkong,Sulawesi Selatan,kendaraan,Kendaraan,16,Golongan V - Penumpang,vehicle,GOL V A,Kendaraan penumpang (minibus/elf sejenis dengan panjang lebih dari 5-7Meter),16,inactive
83313,83,Batulicin,Kalimantan Selatan,Batulicin,Garongkong,Sulawesi Selatan,kendaraan,Kendaraan,17,Golongan V - Barang,vehicle,GOL V B,Kendaraan barang (dengan bak/boks dan tangki sejenis dengan panjang lebih dari 5-7Meter),2,inactive
83313,83,Batulicin,Kalimantan Selatan,Batulicin,Garongkong,Sulawesi Selatan,kendaraan,Kendaraan,18,Golongan VI - Penumpang,vehicle,GOL VI A,Kendaraan penumpang (bus dengan panjang lebih dari 7-10Meter),32,inactive
83313,83,Batulicin,Kalimantan Selatan,Batulicin,Garongkong,Sulawesi Selatan,kendaraan,Kendaraan,19,Golongan VI - Barang,vehicle,GOL VI B,Kendaraan barang (dengan bak/boks dan tangki sejenis dengan panjang lebih dari 7-10m),2,inactive
83313,83,Batulicin,Kalimantan Selatan,Batulicin,Garongkong,Sulawesi Selatan,kendaraan,Kendaraan,20,Golongan VII,vehicle,GOL VII,"Truk tronton / tangki, kereta penarik kendaraan berat dengan Panjang 10-12m",2,inactive
83313,83,Batulicin,Kalimantan Selatan,Batulicin,Garongkong,Sulawesi Selatan,kendaraan,Kendaraan,21,Golongan VIII,vehicle,GOL VIII,"Truk tronton / tangki, kereta penarik kendaraan berat dengan Panjang lebih dari 12-16m",2,inactive
83313,83,Batulicin,Kalimantan Selatan,Batulicin,Garongkong,Sulawesi Selatan,kendaraan,Kendaraan,22,Golongan IX,vehicle,GOL IX,"Truk tronton / tangki, kereta penarik kendaraan berat dengan Panjang lebih dari 16m & Alat Berat",2,inactive
8384,83,Batulicin,Kalimantan Selatan,Batulicin,Tanjung Serdang,Kalimantan Selatan,pejalan-kaki,Pejalan Kaki,7,Dewasa Ekonomi,passenger,DEWASA,>2 Tahun,10,Inactive
8384,83,Batulicin,Kalimantan Selatan,Batulicin,Tanjung Serdang,Kalimantan Selatan,pejalan-kaki,Pejalan Kaki,9,Bayi Ekonomi,passenger,BAYI,0 - 2 Tahun,10,Inactive
8384,83,Batulicin,Kalimantan Selatan,Batulicin,Tanjung Serdang,Kalimantan Selatan,kendaraan,Kendaraan,11,Golongan I,vehicle,GOL I,Sepeda Gayuh,1,inactive
8384,83,Batulicin,Kalimantan Selatan,Batulicin,Tanjung Serdang,Kalimantan Selatan,kendaraan,Kendaraan,12,Golongan II ,vehicle,GOL II,Sepeda motor roda 2 di bawah 500 cc & gerobak dorong,2,inactive
8384,83,Batulicin,Kalimantan Selatan,Batulicin,Tanjung Serdang,Kalimantan Selatan,kendaraan,Kendaraan,13,Golongan III,vehicle,GOL III,Sepeda motor besar lebih dari (500 cc) & Sepeda motor roda 3,2,inactive
8384,83,Batulicin,Kalimantan Selatan,Batulicin,Tanjung Serdang,Kalimantan Selatan,kendaraan,Kendaraan,14,Golongan IV - Penumpang,vehicle,GOL IV A,"Kendaraan penumpang roda 4 (sedan, jeep dan sejenisnya dengan panjang maks 5Meter)",7,inactive
8384,83,Batulicin,Kalimantan Selatan,Batulicin,Tanjung Serdang,Kalimantan Selatan,kendaraan,Kendaraan,15,Golongan IV - Barang,vehicle,GOL IV B,Kendaraan penumpang roda 4 (pickup sejenis dengan bak / boks panjang maks 5Meter),5,inactive
8384,83,Batulicin,Kalimantan Selatan,Batulicin,Tanjung Serdang,Kalimantan Selatan,kendaraan,Kendaraan,16,Golongan V - Penumpang,vehicle,GOL V A,Kendaraan penumpang (minibus/elf sejenis dengan panjang lebih dari 5-7Meter),16,inactive
8384,83,Batulicin,Kalimantan Selatan,Batulicin,Tanjung Serdang,Kalimantan Selatan,kendaraan,Kendaraan,17,Golongan V - Barang,vehicle,GOL V B,Kendaraan barang (dengan bak/boks dan tangki sejenis dengan panjang lebih dari 5-7Meter),2,inactive
8384,83,Batulicin,Kalimantan Selatan,Batulicin,Tanjung Serdang,Kalimantan Selatan,kendaraan,Kendaraan,18,Golongan VI - Penumpang,vehicle,GOL VI A,Kendaraan penumpang (bus dengan panjang lebih dari 7-10Meter),32,inactive
8384,83,Batulicin,Kalimantan Selatan,Batulicin,Tanjung Serdang,Kalimantan Selatan,kendaraan,Kendaraan,19,Golongan VI - Barang,vehicle,GOL VI B,Kendaraan barang (dengan bak/boks dan tangki sejenis dengan panjang lebih dari 7-10m),2,inactive
8384,83,Batulicin,Kalimantan Selatan,Batulicin,Tanjung Serdang,Kalimantan Selatan,kendaraan,Kendaraan,20,Golongan VII,vehicle,GOL VII,"Truk tronton / tangki, kereta penarik kendaraan berat dengan Panjang 10-12m",2,inactive
8384,83,Batulicin,Kalimantan Selatan,Batulicin,Tanjung Serdang,Kalimantan Selatan,kendaraan,Kendaraan,21,Golongan VIII,vehicle,GOL VIII,"Truk tronton / tangki, kereta penarik kendaraan berat dengan Panjang lebih dari 12-16m",2,inactive
8384,83,Batulicin,Kalimantan Selatan,Batulicin,Tanjung Serdang,Kalimantan Selatan,kendaraan,Kendaraan,22,Golongan IX,vehicle,GOL IX,"Truk tronton / tangki, kereta penarik kendaraan berat dengan Panjang lebih dari 16m & Alat Berat",2,inactive
208211,208,Baubau,Sulawesi Tenggara,Baubau,Waara,Sulawesi Tenggara,pejalan-kaki,Pejalan Kaki,7,Dewasa Ekonomi,passenger,DEWASA,>2 Tahun,10,Inactive
208211,208,Baubau,Sulawesi Tenggara,Baubau,Waara,Sulawesi Tenggara,pejalan-kaki,Pejalan Kaki,9,Bayi Ekonomi,passenger,BAYI,0 - 2 Tahun,10,Inactive
208211,208,Baubau,Sulawesi Tenggara,Baubau,Waara,Sulawesi Tenggara,kendaraan,Kendaraan,11,Golongan I,vehicle,GOL I,Sepeda Gayuh,1,inactive
208211,208,Baubau,Sulawesi Tenggara,Baubau,Waara,Sulawesi Tenggara,kendaraan,Kendaraan,12,Golongan II ,vehicle,GOL II,Sepeda motor roda 2 di bawah 500 cc & gerobak dorong,2,inactive
208211,208,Baubau,Sulawesi Tenggara,Baubau,Waara,Sulawesi Tenggara,kendaraan,Kendaraan,13,Golongan III,vehicle,GOL III,Sepeda motor besar lebih dari (500 cc) & Sepeda motor roda 3,2,inactive
208211,208,Baubau,Sulawesi Tenggara,Baubau,Waara,Sulawesi Tenggara,kendaraan,Kendaraan,14,Golongan IV - Penumpang,vehicle,GOL IV A,"Kendaraan penumpang roda 4 (sedan, jeep dan sejenisnya dengan panjang maks 5Meter)",7,inactive
208211,208,Baubau,Sulawesi Tenggara,Baubau,Waara,Sulawesi Tenggara,kendaraan,Kendaraan,15,Golongan IV - Barang,vehicle,GOL IV B,Kendaraan penumpang roda 4 (pickup sejenis dengan bak / boks panjang maks 5Meter),5,active
208211,208,Baubau,Sulawesi Tenggara,Baubau,Waara,Sulawesi Tenggara,kendaraan,Kendaraan,16,Golongan V - Penumpang,vehicle,GOL V A,Kendaraan penumpang (minibus/elf sejenis dengan panjang lebih dari 5-7Meter),16,inactive
208211,208,Baubau,Sulawesi Tenggara,Baubau,Waara,Sulawesi Tenggara,kendaraan,Kendaraan,17,Golongan V - Barang,vehicle,GOL V B,Kendaraan barang (dengan bak/boks dan tangki sejenis dengan panjang lebih dari 5-7Meter),2,active
208211,208,Baubau,Sulawesi Tenggara,Baubau,Waara,Sulawesi Tenggara,kendaraan,Kendaraan,18,Golongan VI - Penumpang,vehicle,GOL VI A,Kendaraan penumpang (bus dengan panjang lebih dari 7-10Meter),32,inactive
208211,208,Baubau,Sulawesi Tenggara,Baubau,Waara,Sulawesi Tenggara,kendaraan,Kendaraan,19,Golongan VI - Barang,vehicle,GOL VI B,Kendaraan barang (dengan bak/boks dan tangki sejenis dengan panjang lebih dari 7-10m),2,active
208211,208,Baubau,Sulawesi Tenggara,Baubau,Waara,Sulawesi Tenggara,kendaraan,Kendaraan,20,Golongan VII,vehicle,GOL VII,"Truk tronton / tangki, kereta penarik kendaraan berat dengan Panjang 10-12m",2,active
208211,208,Baubau,Sulawesi Tenggara,Baubau,Waara,Sulawesi Tenggara,kendaraan,Kendaraan,21,Golongan VIII,vehicle,GOL VIII,"Truk tronton / tangki, kereta penarik kendaraan berat dengan Panjang lebih dari 12-16m",2,active
208211,208,Baubau,Sulawesi Tenggara,Baubau,Waara,Sulawesi Tenggara,kendaraan,Kendaraan,22,Golongan IX,vehicle,GOL IX,"Truk tronton / tangki, kereta penarik kendaraan berat dengan Panjang lebih dari 16m & Alat Berat",2,active
208211,208,Baubau,Sulawesi Tenggara,Baubau,Waara,Sulawesi Tenggara,kendaraan,Kendaraan,514,Golongan BBM 5 TON,vehicle,GOL V B,,0,inactive
18,10,Bawean,Jawa Timur,Bawean,Gresik,Jawa Timur,pejalan-kaki,Pejalan Kaki,7,Dewasa Ekonomi,passenger,DEWASA,>2 Tahun,10,Inactive
18,10,Bawean,Jawa Timur,Bawean,Gresik,Jawa Timur,pejalan-kaki,Pejalan Kaki,5,Dewasa Bisnis I,passenger,DEWASA,>2 Tahun,10,Inactive
18,10,Bawean,Jawa Timur,Bawean,Gresik,Jawa Timur,pejalan-kaki,Pejalan Kaki,9,Bayi Ekonomi,passenger,BAYI,0 - 2 Tahun,10,Inactive
18,10,Bawean,Jawa Timur,Bawean,Gresik,Jawa Timur,pejalan-kaki,Pejalan Kaki,8,Anak - Anak Ekonomi,passenger,ANAK,2 - 5 Tahun,10,Inactive
18,10,Bawean,Jawa Timur,Bawean,Gresik,Jawa Timur,pejalan-kaki,Pejalan Kaki,6,Anak - Anak Bisnis I,passenger,ANAK,2 - 5 Tahun,10,Inactive
18,10,Bawean,Jawa Timur,Bawean,Gresik,Jawa Timur,kendaraan,Kendaraan,11,Golongan I,vehicle,GOL I,Sepeda Gayuh,1,inactive
18,10,Bawean,Jawa Timur,Bawean,Gresik,Jawa Timur,kendaraan,Kendaraan,12,Golongan II ,vehicle,GOL II,Sepeda motor roda 2 di bawah 500 cc & gerobak dorong,2,inactive
18,10,Bawean,Jawa Timur,Bawean,Gresik,Jawa Timur,kendaraan,Kendaraan,13,Golongan III,vehicle,GOL III,Sepeda motor besar lebih dari (500 cc) & Sepeda motor roda 3,2,inactive
18,10,Bawean,Jawa Timur,Bawean,Gresik,Jawa Timur,kendaraan,Kendaraan,14,Golongan IV - Penumpang,vehicle,GOL IV A,"Kendaraan penumpang roda 4 (sedan, jeep dan sejenisnya dengan panjang maks 5Meter)",7,inactive
18,10,Bawean,Jawa Timur,Bawean,Gresik,Jawa Timur,kendaraan,Kendaraan,15,Golongan IV - Barang,vehicle,GOL IV B,Kendaraan penumpang roda 4 (pickup sejenis dengan bak / boks panjang maks 5Meter),5,inactive
18,10,Bawean,Jawa Timur,Bawean,Gresik,Jawa Timur,kendaraan,Kendaraan,16,Golongan V - Penumpang,vehicle,GOL V A,Kendaraan penumpang (minibus/elf sejenis dengan panjang lebih dari 5-7Meter),16,inactive
18,10,Bawean,Jawa Timur,Bawean,Gresik,Jawa Timur,kendaraan,Kendaraan,17,Golongan V - Barang,vehicle,GOL V B,Kendaraan barang (dengan bak/boks dan tangki sejenis dengan panjang lebih dari 5-7Meter),2,inactive
18,10,Bawean,Jawa Timur,Bawean,Gresik,Jawa Timur,kendaraan,Kendaraan,18,Golongan VI - Penumpang,vehicle,GOL VI A,Kendaraan penumpang (bus dengan panjang lebih dari 7-10Meter),32,inactive
18,10,Bawean,Jawa Timur,Bawean,Gresik,Jawa Timur,kendaraan,Kendaraan,19,Golongan VI - Barang,vehicle,GOL VI B,Kendaraan barang (dengan bak/boks dan tangki sejenis dengan panjang lebih dari 7-10m),2,inactive
18,10,Bawean,Jawa Timur,Bawean,Gresik,Jawa Timur,kendaraan,Kendaraan,20,Golongan VII,vehicle,GOL VII,"Truk tronton / tangki, kereta penarik kendaraan berat dengan Panjang 10-12m",2,inactive
18,10,Bawean,Jawa Timur,Bawean,Gresik,Jawa Timur,kendaraan,Kendaraan,21,Golongan VIII,vehicle,GOL VIII,"Truk tronton / tangki, kereta penarik kendaraan berat dengan Panjang lebih dari 12-16m",2,inactive
18,10,Bawean,Jawa Timur,Bawean,Gresik,Jawa Timur,kendaraan,Kendaraan,22,Golongan IX,vehicle,GOL IX,"Truk tronton / tangki, kereta penarik kendaraan berat dengan Panjang lebih dari 16m & Alat Berat",2,inactive
21,10,Bawean,Jawa Timur,Bawean,Paciran,Jawa Timur,pejalan-kaki,Pejalan Kaki,7,Dewasa Ekonomi,passenger,DEWASA,>2 Tahun,10,Inactive
21,10,Bawean,Jawa Timur,Bawean,Paciran,Jawa Timur,pejalan-kaki,Pejalan Kaki,5,Dewasa Bisnis I,passenger,DEWASA,>2 Tahun,10,Inactive
21,10,Bawean,Jawa Timur,Bawean,Paciran,Jawa Timur,pejalan-kaki,Pejalan Kaki,9,Bayi Ekonomi,passenger,BAYI,0 - 2 Tahun,10,Inactive
21,10,Bawean,Jawa Timur,Bawean,Paciran,Jawa Timur,pejalan-kaki,Pejalan Kaki,504,Bayi Bisnis,passenger,BAYI,0 - 2 Tahun,10,Inactive
21,10,Bawean,Jawa Timur,Bawean,Paciran,Jawa Timur,pejalan-kaki,Pejalan Kaki,8,Anak - Anak Ekonomi,passenger,ANAK,2 - 5 Tahun,10,Inactive
21,10,Bawean,Jawa Timur,Bawean,Paciran,Jawa Timur,pejalan-kaki,Pejalan Kaki,6,Anak - Anak Bisnis I,passenger,ANAK,2 - 5 Tahun,10,Inactive
21,10,Bawean,Jawa Timur,Bawean,Paciran,Jawa Timur,pejalan-kaki,Pejalan Kaki,525,SUPLESI BAYI EKONOMI KE BISNIS,passenger,SUPLESI,,0,Inactive
21,10,Bawean,Jawa Timur,Bawean,Paciran,Jawa Timur,kendaraan,Kendaraan,11,Golongan I,vehicle,GOL I,Sepeda Gayuh,1,inactive
21,10,Bawean,Jawa Timur,Bawean,Paciran,Jawa Timur,kendaraan,Kendaraan,12,Golongan II ,vehicle,GOL II,Sepeda motor roda 2 di bawah 500 cc & gerobak dorong,2,inactive
21,10,Bawean,Jawa Timur,Bawean,Paciran,Jawa Timur,kendaraan,Kendaraan,13,Golongan III,vehicle,GOL III,Sepeda motor besar lebih dari (500 cc) & Sepeda motor roda 3,2,inactive
21,10,Bawean,Jawa Timur,Bawean,Paciran,Jawa Timur,kendaraan,Kendaraan,14,Golongan IV - Penumpang,vehicle,GOL IV A,"Kendaraan penumpang roda 4 (sedan, jeep dan sejenisnya dengan panjang maks 5Meter)",7,inactive
21,10,Bawean,Jawa Timur,Bawean,Paciran,Jawa Timur,kendaraan,Kendaraan,15,Golongan IV - Barang,vehicle,GOL IV B,Kendaraan penumpang roda 4 (pickup sejenis dengan bak / boks panjang maks 5Meter),5,inactive
21,10,Bawean,Jawa Timur,Bawean,Paciran,Jawa Timur,kendaraan,Kendaraan,16,Golongan V - Penumpang,vehicle,GOL V A,Kendaraan penumpang (minibus/elf sejenis dengan panjang lebih dari 5-7Meter),16,inactive
21,10,Bawean,Jawa Timur,Bawean,Paciran,Jawa Timur,kendaraan,Kendaraan,17,Golongan V - Barang,vehicle,GOL V B,Kendaraan barang (dengan bak/boks dan tangki sejenis dengan panjang lebih dari 5-7Meter),2,inactive
21,10,Bawean,Jawa Timur,Bawean,Paciran,Jawa Timur,kendaraan,Kendaraan,18,Golongan VI - Penumpang,vehicle,GOL VI A,Kendaraan penumpang (bus dengan panjang lebih dari 7-10Meter),32,inactive
21,10,Bawean,Jawa Timur,Bawean,Paciran,Jawa Timur,kendaraan,Kendaraan,19,Golongan VI - Barang,vehicle,GOL VI B,Kendaraan barang (dengan bak/boks dan tangki sejenis dengan panjang lebih dari 7-10m),2,inactive
21,10,Bawean,Jawa Timur,Bawean,Paciran,Jawa Timur,kendaraan,Kendaraan,20,Golongan VII,vehicle,GOL VII,"Truk tronton / tangki, kereta penarik kendaraan berat dengan Panjang 10-12m",2,inactive
21,10,Bawean,Jawa Timur,Bawean,Paciran,Jawa Timur,kendaraan,Kendaraan,21,Golongan VIII,vehicle,GOL VIII,"Truk tronton / tangki, kereta penarik kendaraan berat dengan Panjang lebih dari 12-16m",2,inactive
21,10,Bawean,Jawa Timur,Bawean,Paciran,Jawa Timur,kendaraan,Kendaraan,22,Golongan IX,vehicle,GOL IX,"Truk tronton / tangki, kereta penarik kendaraan berat dengan Panjang lebih dari 16m & Alat Berat",2,inactive
296284,296,Biak,Papua,Biak,Manokwari,Papua Barat,pejalan-kaki,Pejalan Kaki,7,Dewasa Ekonomi,passenger,DEWASA,>2 Tahun,10,Inactive
296284,296,Biak,Papua,Biak,Manokwari,Papua Barat,pejalan-kaki,Pejalan Kaki,5,Dewasa Bisnis I,passenger,DEWASA,>2 Tahun,10,Inactive
296284,296,Biak,Papua,Biak,Manokwari,Papua Barat,pejalan-kaki,Pejalan Kaki,3,Dewasa Eksekutif,passenger,DEWASA, >2 Tahun ,10,Inactive
296284,296,Biak,Papua,Biak,Manokwari,Papua Barat,pejalan-kaki,Pejalan Kaki,9,Bayi Ekonomi,passenger,BAYI,0 - 2 Tahun,10,Inactive
296284,296,Biak,Papua,Biak,Manokwari,Papua Barat,pejalan-kaki,Pejalan Kaki,8,Anak - Anak Ekonomi,passenger,ANAK,2 - 5 Tahun,10,Inactive
296284,296,Biak,Papua,Biak,Manokwari,Papua Barat,pejalan-kaki,Pejalan Kaki,6,Anak - Anak Bisnis I,passenger,ANAK,2 - 5 Tahun,10,Inactive
296284,296,Biak,Papua,Biak,Manokwari,Papua Barat,pejalan-kaki,Pejalan Kaki,4,Anak - Anak Eksekutif,passenger,ANAK,2 - 5 Tahun,10,Inactive
296284,296,Biak,Papua,Biak,Manokwari,Papua Barat,pejalan-kaki,Pejalan Kaki,525,SUPLESI BAYI EKONOMI KE BISNIS,passenger,SUPLESI,,0,Inactive
296284,296,Biak,Papua,Biak,Manokwari,Papua Barat,pejalan-kaki,Pejalan Kaki,554,SUPLESI BAYI EKONOMI KE EKSEKUTIF,passenger,SUPLESI,,0,Inactive
296284,296,Biak,Papua,Biak,Manokwari,Papua Barat,pejalan-kaki,Pejalan Kaki,580,SUPLESI BAYI BISNIS KE EKSEKUTIF,passenger,SUPLESI,,0,Inactive
296284,296,Biak,Papua,Biak,Manokwari,Papua Barat,pejalan-kaki,Pejalan Kaki,483,BISNIS BAYI,passenger,BAYI,,0,Inactive
296284,296,Biak,Papua,Biak,Manokwari,Papua Barat,pejalan-kaki,Pejalan Kaki,482,EKSEKUTIF BAYI,passenger,BAYI,,0,Inactive
296284,296,Biak,Papua,Biak,Manokwari,Papua Barat,kendaraan,Kendaraan,11,Golongan I,vehicle,GOL I,Sepeda Gayuh,1,inactive
296284,296,Biak,Papua,Biak,Manokwari,Papua Barat,kendaraan,Kendaraan,12,Golongan II ,vehicle,GOL II,Sepeda motor roda 2 di bawah 500 cc & gerobak dorong,2,inactive
296284,296,Biak,Papua,Biak,Manokwari,Papua Barat,kendaraan,Kendaraan,13,Golongan III,vehicle,GOL III,Sepeda motor besar lebih dari (500 cc) & Sepeda motor roda 3,2,inactive
296284,296,Biak,Papua,Biak,Manokwari,Papua Barat,kendaraan,Kendaraan,14,Golongan IV - Penumpang,vehicle,GOL IV A,"Kendaraan penumpang roda 4 (sedan, jeep dan sejenisnya dengan panjang maks 5Meter)",7,inactive
296284,296,Biak,Papua,Biak,Manokwari,Papua Barat,kendaraan,Kendaraan,15,Golongan IV - Barang,vehicle,GOL IV B,Kendaraan penumpang roda 4 (pickup sejenis dengan bak / boks panjang maks 5Meter),5,active
296284,296,Biak,Papua,Biak,Manokwari,Papua Barat,kendaraan,Kendaraan,16,Golongan V - Penumpang,vehicle,GOL V A,Kendaraan penumpang (minibus/elf sejenis dengan panjang lebih dari 5-7Meter),16,inactive
296284,296,Biak,Papua,Biak,Manokwari,Papua Barat,kendaraan,Kendaraan,17,Golongan V - Barang,vehicle,GOL V B,Kendaraan barang (dengan bak/boks dan tangki sejenis dengan panjang lebih dari 5-7Meter),2,active
296284,296,Biak,Papua,Biak,Manokwari,Papua Barat,kendaraan,Kendaraan,18,Golongan VI - Penumpang,vehicle,GOL VI A,Kendaraan penumpang (bus dengan panjang lebih dari 7-10Meter),32,inactive
296284,296,Biak,Papua,Biak,Manokwari,Papua Barat,kendaraan,Kendaraan,19,Golongan VI - Barang,vehicle,GOL VI B,Kendaraan barang (dengan bak/boks dan tangki sejenis dengan panjang lebih dari 7-10m),2,active
296284,296,Biak,Papua,Biak,Manokwari,Papua Barat,kendaraan,Kendaraan,20,Golongan VII,vehicle,GOL VII,"Truk tronton / tangki, kereta penarik kendaraan berat dengan Panjang 10-12m",2,active
296284,296,Biak,Papua,Biak,Manokwari,Papua Barat,kendaraan,Kendaraan,21,Golongan VIII,vehicle,GOL VIII,"Truk tronton / tangki, kereta penarik kendaraan berat dengan Panjang lebih dari 12-16m",2,active
296284,296,Biak,Papua,Biak,Manokwari,Papua Barat,kendaraan,Kendaraan,22,Golongan IX,vehicle,GOL IX,"Truk tronton / tangki, kereta penarik kendaraan berat dengan Panjang lebih dari 16m & Alat Berat",2,active
296300,296,Biak,Papua,Biak,Nabire,Papua Tengah,pejalan-kaki,Pejalan Kaki,7,Dewasa Ekonomi,passenger,DEWASA,>2 Tahun,10,Inactive
296300,296,Biak,Papua,Biak,Nabire,Papua Tengah,pejalan-kaki,Pejalan Kaki,3,Dewasa Eksekutif,passenger,DEWASA, >2 Tahun ,10,Inactive
296300,296,Biak,Papua,Biak,Nabire,Papua Tengah,pejalan-kaki,Pejalan Kaki,9,Bayi Ekonomi,passenger,BAYI,0 - 2 Tahun,10,Inactive
296300,296,Biak,Papua,Biak,Nabire,Papua Tengah,pejalan-kaki,Pejalan Kaki,4,Anak - Anak Eksekutif,passenger,ANAK,2 - 5 Tahun,10,Inactive
296300,296,Biak,Papua,Biak,Nabire,Papua Tengah,pejalan-kaki,Pejalan Kaki,482,EKSEKUTIF BAYI,passenger,BAYI,,0,Inactive
296300,296,Biak,Papua,Biak,Nabire,Papua Tengah,kendaraan,Kendaraan,11,Golongan I,vehicle,GOL I,Sepeda Gayuh,1,inactive
296300,296,Biak,Papua,Biak,Nabire,Papua Tengah,kendaraan,Kendaraan,12,Golongan II ,vehicle,GOL II,Sepeda motor roda 2 di bawah 500 cc & gerobak dorong,2,inactive
296300,296,Biak,Papua,Biak,Nabire,Papua Tengah,kendaraan,Kendaraan,13,Golongan III,vehicle,GOL III,Sepeda motor besar lebih dari (500 cc) & Sepeda motor roda 3,2,inactive
296300,296,Biak,Papua,Biak,Nabire,Papua Tengah,kendaraan,Kendaraan,14,Golongan IV - Penumpang,vehicle,GOL IV A,"Kendaraan penumpang roda 4 (sedan, jeep dan sejenisnya dengan panjang maks 5Meter)",7,inactive
296300,296,Biak,Papua,Biak,Nabire,Papua Tengah,kendaraan,Kendaraan,15,Golongan IV - Barang,vehicle,GOL IV B,Kendaraan penumpang roda 4 (pickup sejenis dengan bak / boks panjang maks 5Meter),5,inactive
296300,296,Biak,Papua,Biak,Nabire,Papua Tengah,kendaraan,Kendaraan,16,Golongan V - Penumpang,vehicle,GOL V A,Kendaraan penumpang (minibus/elf sejenis dengan panjang lebih dari 5-7Meter),16,inactive
296300,296,Biak,Papua,Biak,Nabire,Papua Tengah,kendaraan,Kendaraan,17,Golongan V - Barang,vehicle,GOL V B,Kendaraan barang (dengan bak/boks dan tangki sejenis dengan panjang lebih dari 5-7Meter),2,inactive
296300,296,Biak,Papua,Biak,Nabire,Papua Tengah,kendaraan,Kendaraan,18,Golongan VI - Penumpang,vehicle,GOL VI A,Kendaraan penumpang (bus dengan panjang lebih dari 7-10Meter),32,inactive
296300,296,Biak,Papua,Biak,Nabire,Papua Tengah,kendaraan,Kendaraan,19,Golongan VI - Barang,vehicle,GOL VI B,Kendaraan barang (dengan bak/boks dan tangki sejenis dengan panjang lebih dari 7-10m),2,inactive
296300,296,Biak,Papua,Biak,Nabire,Papua Tengah,kendaraan,Kendaraan,20,Golongan VII,vehicle,GOL VII,"Truk tronton / tangki, kereta penarik kendaraan berat dengan Panjang 10-12m",2,inactive
296300,296,Biak,Papua,Biak,Nabire,Papua Tengah,kendaraan,Kendaraan,21,Golongan VIII,vehicle,GOL VIII,"Truk tronton / tangki, kereta penarik kendaraan berat dengan Panjang lebih dari 12-16m",2,inactive
296300,296,Biak,Papua,Biak,Nabire,Papua Tengah,kendaraan,Kendaraan,22,Golongan IX,vehicle,GOL IX,"Truk tronton / tangki, kereta penarik kendaraan berat dengan Panjang lebih dari 16m & Alat Berat",2,inactive
120,239,Bira,Sulawesi Selatan,Bira,Pamatata,Sulawesi Selatan,pejalan-kaki,Pejalan Kaki,7,Dewasa Ekonomi,passenger,DEWASA,>2 Tahun,10,Inactive
120,239,Bira,Sulawesi Selatan,Bira,Pamatata,Sulawesi Selatan,pejalan-kaki,Pejalan Kaki,5,Dewasa Bisnis I,passenger,DEWASA,>2 Tahun,10,Inactive
120,239,Bira,Sulawesi Selatan,Bira,Pamatata,Sulawesi Selatan,pejalan-kaki,Pejalan Kaki,9,Bayi Ekonomi,passenger,BAYI,0 - 2 Tahun,10,Inactive
120,239,Bira,Sulawesi Selatan,Bira,Pamatata,Sulawesi Selatan,pejalan-kaki,Pejalan Kaki,504,Bayi Bisnis,passenger,BAYI,0 - 2 Tahun,10,Inactive
120,239,Bira,Sulawesi Selatan,Bira,Pamatata,Sulawesi Selatan,pejalan-kaki,Pejalan Kaki,525,SUPLESI BAYI EKONOMI KE BISNIS,passenger,SUPLESI,,0,Inactive
120,239,Bira,Sulawesi Selatan,Bira,Pamatata,Sulawesi Selatan,kendaraan,Kendaraan,11,Golongan I,vehicle,GOL I,Sepeda Gayuh,1,inactive
120,239,Bira,Sulawesi Selatan,Bira,Pamatata,Sulawesi Selatan,kendaraan,Kendaraan,12,Golongan II ,vehicle,GOL II,Sepeda motor roda 2 di bawah 500 cc & gerobak dorong,2,inactive
120,239,Bira,Sulawesi Selatan,Bira,Pamatata,Sulawesi Selatan,kendaraan,Kendaraan,13,Golongan III,vehicle,GOL III,Sepeda motor besar lebih dari (500 cc) & Sepeda motor roda 3,2,inactive
120,239,Bira,Sulawesi Selatan,Bira,Pamatata,Sulawesi Selatan,kendaraan,Kendaraan,14,Golongan IV - Penumpang,vehicle,GOL IV A,"Kendaraan penumpang roda 4 (sedan, jeep dan sejenisnya dengan panjang maks 5Meter)",7,inactive
120,239,Bira,Sulawesi Selatan,Bira,Pamatata,Sulawesi Selatan,kendaraan,Kendaraan,15,Golongan IV - Barang,vehicle,GOL IV B,Kendaraan penumpang roda 4 (pickup sejenis dengan bak / boks panjang maks 5Meter),5,active
120,239,Bira,Sulawesi Selatan,Bira,Pamatata,Sulawesi Selatan,kendaraan,Kendaraan,16,Golongan V - Penumpang,vehicle,GOL V A,Kendaraan penumpang (minibus/elf sejenis dengan panjang lebih dari 5-7Meter),16,inactive
120,239,Bira,Sulawesi Selatan,Bira,Pamatata,Sulawesi Selatan,kendaraan,Kendaraan,17,Golongan V - Barang,vehicle,GOL V B,Kendaraan barang (dengan bak/boks dan tangki sejenis dengan panjang lebih dari 5-7Meter),2,active
120,239,Bira,Sulawesi Selatan,Bira,Pamatata,Sulawesi Selatan,kendaraan,Kendaraan,18,Golongan VI - Penumpang,vehicle,GOL VI A,Kendaraan penumpang (bus dengan panjang lebih dari 7-10Meter),32,inactive
120,239,Bira,Sulawesi Selatan,Bira,Pamatata,Sulawesi Selatan,kendaraan,Kendaraan,19,Golongan VI - Barang,vehicle,GOL VI B,Kendaraan barang (dengan bak/boks dan tangki sejenis dengan panjang lebih dari 7-10m),2,active
120,239,Bira,Sulawesi Selatan,Bira,Pamatata,Sulawesi Selatan,kendaraan,Kendaraan,20,Golongan VII,vehicle,GOL VII,"Truk tronton / tangki, kereta penarik kendaraan berat dengan Panjang 10-12m",2,active
120,239,Bira,Sulawesi Selatan,Bira,Pamatata,Sulawesi Selatan,kendaraan,Kendaraan,21,Golongan VIII,vehicle,GOL VIII,"Truk tronton / tangki, kereta penarik kendaraan berat dengan Panjang lebih dari 12-16m",2,active
120,239,Bira,Sulawesi Selatan,Bira,Pamatata,Sulawesi Selatan,kendaraan,Kendaraan,22,Golongan IX,vehicle,GOL IX,"Truk tronton / tangki, kereta penarik kendaraan berat dengan Panjang lebih dari 16m & Alat Berat",2,active
91,105,Bitung,Sulawesi Utara,Bitung,Melonguane,Sulawesi Utara,pejalan-kaki,Pejalan Kaki,7,Dewasa Ekonomi,passenger,DEWASA,>2 Tahun,10,Inactive
91,105,Bitung,Sulawesi Utara,Bitung,Melonguane,Sulawesi Utara,pejalan-kaki,Pejalan Kaki,9,Bayi Ekonomi,passenger,BAYI,0 - 2 Tahun,10,Inactive
91,105,Bitung,Sulawesi Utara,Bitung,Melonguane,Sulawesi Utara,kendaraan,Kendaraan,11,Golongan I,vehicle,GOL I,Sepeda Gayuh,1,inactive
91,105,Bitung,Sulawesi Utara,Bitung,Melonguane,Sulawesi Utara,kendaraan,Kendaraan,12,Golongan II ,vehicle,GOL II,Sepeda motor roda 2 di bawah 500 cc & gerobak dorong,2,inactive
91,105,Bitung,Sulawesi Utara,Bitung,Melonguane,Sulawesi Utara,kendaraan,Kendaraan,13,Golongan III,vehicle,GOL III,Sepeda motor besar lebih dari (500 cc) & Sepeda motor roda 3,2,inactive
91,105,Bitung,Sulawesi Utara,Bitung,Melonguane,Sulawesi Utara,kendaraan,Kendaraan,14,Golongan IV - Penumpang,vehicle,GOL IV A,"Kendaraan penumpang roda 4 (sedan, jeep dan sejenisnya dengan panjang maks 5Meter)",7,inactive
91,105,Bitung,Sulawesi Utara,Bitung,Melonguane,Sulawesi Utara,kendaraan,Kendaraan,15,Golongan IV - Barang,vehicle,GOL IV B,Kendaraan penumpang roda 4 (pickup sejenis dengan bak / boks panjang maks 5Meter),5,active
91,105,Bitung,Sulawesi Utara,Bitung,Melonguane,Sulawesi Utara,kendaraan,Kendaraan,16,Golongan V - Penumpang,vehicle,GOL V A,Kendaraan penumpang (minibus/elf sejenis dengan panjang lebih dari 5-7Meter),16,inactive
91,105,Bitung,Sulawesi Utara,Bitung,Melonguane,Sulawesi Utara,kendaraan,Kendaraan,17,Golongan V - Barang,vehicle,GOL V B,Kendaraan barang (dengan bak/boks dan tangki sejenis dengan panjang lebih dari 5-7Meter),2,active
91,105,Bitung,Sulawesi Utara,Bitung,Melonguane,Sulawesi Utara,kendaraan,Kendaraan,18,Golongan VI - Penumpang,vehicle,GOL VI A,Kendaraan penumpang (bus dengan panjang lebih dari 7-10Meter),32,inactive
91,105,Bitung,Sulawesi Utara,Bitung,Melonguane,Sulawesi Utara,kendaraan,Kendaraan,19,Golongan VI - Barang,vehicle,GOL VI B,Kendaraan barang (dengan bak/boks dan tangki sejenis dengan panjang lebih dari 7-10m),2,active
91,105,Bitung,Sulawesi Utara,Bitung,Melonguane,Sulawesi Utara,kendaraan,Kendaraan,20,Golongan VII,vehicle,GOL VII,"Truk tronton / tangki, kereta penarik kendaraan berat dengan Panjang 10-12m",2,active
91,105,Bitung,Sulawesi Utara,Bitung,Melonguane,Sulawesi Utara,kendaraan,Kendaraan,21,Golongan VIII,vehicle,GOL VIII,"Truk tronton / tangki, kereta penarik kendaraan berat dengan Panjang lebih dari 12-16m",2,active
91,105,Bitung,Sulawesi Utara,Bitung,Melonguane,Sulawesi Utara,kendaraan,Kendaraan,22,Golongan IX,vehicle,GOL IX,"Truk tronton / tangki, kereta penarik kendaraan berat dengan Panjang lebih dari 16m & Alat Berat",2,active
93,105,Bitung,Sulawesi Utara,Bitung,Ternate,Maluku Utara,pejalan-kaki,Pejalan Kaki,7,Dewasa Ekonomi,passenger,DEWASA,>2 Tahun,10,Inactive
93,105,Bitung,Sulawesi Utara,Bitung,Ternate,Maluku Utara,pejalan-kaki,Pejalan Kaki,9,Bayi Ekonomi,passenger,BAYI,0 - 2 Tahun,10,Inactive
93,105,Bitung,Sulawesi Utara,Bitung,Ternate,Maluku Utara,kendaraan,Kendaraan,11,Golongan I,vehicle,GOL I,Sepeda Gayuh,1,inactive
93,105,Bitung,Sulawesi Utara,Bitung,Ternate,Maluku Utara,kendaraan,Kendaraan,12,Golongan II ,vehicle,GOL II,Sepeda motor roda 2 di bawah 500 cc & gerobak dorong,2,inactive
93,105,Bitung,Sulawesi Utara,Bitung,Ternate,Maluku Utara,kendaraan,Kendaraan,13,Golongan III,vehicle,GOL III,Sepeda motor besar lebih dari (500 cc) & Sepeda motor roda 3,2,inactive
93,105,Bitung,Sulawesi Utara,Bitung,Ternate,Maluku Utara,kendaraan,Kendaraan,14,Golongan IV - Penumpang,vehicle,GOL IV A,"Kendaraan penumpang roda 4 (sedan, jeep dan sejenisnya dengan panjang maks 5Meter)",7,inactive
93,105,Bitung,Sulawesi Utara,Bitung,Ternate,Maluku Utara,kendaraan,Kendaraan,15,Golongan IV - Barang,vehicle,GOL IV B,Kendaraan penumpang roda 4 (pickup sejenis dengan bak / boks panjang maks 5Meter),5,active
93,105,Bitung,Sulawesi Utara,Bitung,Ternate,Maluku Utara,kendaraan,Kendaraan,16,Golongan V - Penumpang,vehicle,GOL V A,Kendaraan penumpang (minibus/elf sejenis dengan panjang lebih dari 5-7Meter),16,inactive
93,105,Bitung,Sulawesi Utara,Bitung,Ternate,Maluku Utara,kendaraan,Kendaraan,17,Golongan V - Barang,vehicle,GOL V B,Kendaraan barang (dengan bak/boks dan tangki sejenis dengan panjang lebih dari 5-7Meter),2,active
93,105,Bitung,Sulawesi Utara,Bitung,Ternate,Maluku Utara,kendaraan,Kendaraan,18,Golongan VI - Penumpang,vehicle,GOL VI A,Kendaraan penumpang (bus dengan panjang lebih dari 7-10Meter),32,inactive
93,105,Bitung,Sulawesi Utara,Bitung,Ternate,Maluku Utara,kendaraan,Kendaraan,19,Golongan VI - Barang,vehicle,GOL VI B,Kendaraan barang (dengan bak/boks dan tangki sejenis dengan panjang lebih dari 7-10m),2,active
93,105,Bitung,Sulawesi Utara,Bitung,Ternate,Maluku Utara,kendaraan,Kendaraan,20,Golongan VII,vehicle,GOL VII,"Truk tronton / tangki, kereta penarik kendaraan berat dengan Panjang 10-12m",2,active
93,105,Bitung,Sulawesi Utara,Bitung,Ternate,Maluku Utara,kendaraan,Kendaraan,21,Golongan VIII,vehicle,GOL VIII,"Truk tronton / tangki, kereta penarik kendaraan berat dengan Panjang lebih dari 12-16m",2,active
93,105,Bitung,Sulawesi Utara,Bitung,Ternate,Maluku Utara,kendaraan,Kendaraan,22,Golongan IX,vehicle,GOL IX,"Truk tronton / tangki, kereta penarik kendaraan berat dengan Panjang lebih dari 16m & Alat Berat",2,active
96,105,Bitung,Sulawesi Utara,Bitung,Tobelo,Maluku Utara,pejalan-kaki,Pejalan Kaki,7,Dewasa Ekonomi,passenger,DEWASA,>2 Tahun,10,Inactive
96,105,Bitung,Sulawesi Utara,Bitung,Tobelo,Maluku Utara,pejalan-kaki,Pejalan Kaki,9,Bayi Ekonomi,passenger,BAYI,0 - 2 Tahun,10,Inactive
96,105,Bitung,Sulawesi Utara,Bitung,Tobelo,Maluku Utara,kendaraan,Kendaraan,11,Golongan I,vehicle,GOL I,Sepeda Gayuh,1,inactive
96,105,Bitung,Sulawesi Utara,Bitung,Tobelo,Maluku Utara,kendaraan,Kendaraan,12,Golongan II ,vehicle,GOL II,Sepeda motor roda 2 di bawah 500 cc & gerobak dorong,2,inactive
96,105,Bitung,Sulawesi Utara,Bitung,Tobelo,Maluku Utara,kendaraan,Kendaraan,13,Golongan III,vehicle,GOL III,Sepeda motor besar lebih dari (500 cc) & Sepeda motor roda 3,2,inactive
96,105,Bitung,Sulawesi Utara,Bitung,Tobelo,Maluku Utara,kendaraan,Kendaraan,14,Golongan IV - Penumpang,vehicle,GOL IV A,"Kendaraan penumpang roda 4 (sedan, jeep dan sejenisnya dengan panjang maks 5Meter)",7,inactive
96,105,Bitung,Sulawesi Utara,Bitung,Tobelo,Maluku Utara,kendaraan,Kendaraan,15,Golongan IV - Barang,vehicle,GOL IV B,Kendaraan penumpang roda 4 (pickup sejenis dengan bak / boks panjang maks 5Meter),5,active
96,105,Bitung,Sulawesi Utara,Bitung,Tobelo,Maluku Utara,kendaraan,Kendaraan,16,Golongan V - Penumpang,vehicle,GOL V A,Kendaraan penumpang (minibus/elf sejenis dengan panjang lebih dari 5-7Meter),16,inactive
96,105,Bitung,Sulawesi Utara,Bitung,Tobelo,Maluku Utara,kendaraan,Kendaraan,17,Golongan V - Barang,vehicle,GOL V B,Kendaraan barang (dengan bak/boks dan tangki sejenis dengan panjang lebih dari 5-7Meter),2,active
96,105,Bitung,Sulawesi Utara,Bitung,Tobelo,Maluku Utara,kendaraan,Kendaraan,18,Golongan VI - Penumpang,vehicle,GOL VI A,Kendaraan penumpang (bus dengan panjang lebih dari 7-10Meter),32,inactive
96,105,Bitung,Sulawesi Utara,Bitung,Tobelo,Maluku Utara,kendaraan,Kendaraan,19,Golongan VI - Barang,vehicle,GOL VI B,Kendaraan barang (dengan bak/boks dan tangki sejenis dengan panjang lebih dari 7-10m),2,active
96,105,Bitung,Sulawesi Utara,Bitung,Tobelo,Maluku Utara,kendaraan,Kendaraan,20,Golongan VII,vehicle,GOL VII,"Truk tronton / tangki, kereta penarik kendaraan berat dengan Panjang 10-12m",2,active
96,105,Bitung,Sulawesi Utara,Bitung,Tobelo,Maluku Utara,kendaraan,Kendaraan,21,Golongan VIII,vehicle,GOL VIII,"Truk tronton / tangki, kereta penarik kendaraan berat dengan Panjang lebih dari 12-16m",2,active
96,105,Bitung,Sulawesi Utara,Bitung,Tobelo,Maluku Utara,kendaraan,Kendaraan,22,Golongan IX,vehicle,GOL IX,"Truk tronton / tangki, kereta penarik kendaraan berat dengan Panjang lebih dari 16m & Alat Berat",2,active
429427,429,Dwikora Pontianak,Kalimantan Barat,Dwikora Pontianak,Patimban,Jawa Barat,pejalan-kaki,Pejalan Kaki,7,Dewasa Ekonomi,passenger,DEWASA,>2 Tahun,10,Inactive
429427,429,Dwikora Pontianak,Kalimantan Barat,Dwikora Pontianak,Patimban,Jawa Barat,pejalan-kaki,Pejalan Kaki,9,Bayi Ekonomi,passenger,BAYI,0 - 2 Tahun,10,Inactive
429427,429,Dwikora Pontianak,Kalimantan Barat,Dwikora Pontianak,Patimban,Jawa Barat,kendaraan,Kendaraan,11,Golongan I,vehicle,GOL I,Sepeda Gayuh,1,inactive
429427,429,Dwikora Pontianak,Kalimantan Barat,Dwikora Pontianak,Patimban,Jawa Barat,kendaraan,Kendaraan,12,Golongan II ,vehicle,GOL II,Sepeda motor roda 2 di bawah 500 cc & gerobak dorong,2,inactive
429427,429,Dwikora Pontianak,Kalimantan Barat,Dwikora Pontianak,Patimban,Jawa Barat,kendaraan,Kendaraan,13,Golongan III,vehicle,GOL III,Sepeda motor besar lebih dari (500 cc) & Sepeda motor roda 3,2,inactive
429427,429,Dwikora Pontianak,Kalimantan Barat,Dwikora Pontianak,Patimban,Jawa Barat,kendaraan,Kendaraan,14,Golongan IV - Penumpang,vehicle,GOL IV A,"Kendaraan penumpang roda 4 (sedan, jeep dan sejenisnya dengan panjang maks 5Meter)",7,inactive
429427,429,Dwikora Pontianak,Kalimantan Barat,Dwikora Pontianak,Patimban,Jawa Barat,kendaraan,Kendaraan,15,Golongan IV - Barang,vehicle,GOL IV B,Kendaraan penumpang roda 4 (pickup sejenis dengan bak / boks panjang maks 5Meter),5,inactive
429427,429,Dwikora Pontianak,Kalimantan Barat,Dwikora Pontianak,Patimban,Jawa Barat,kendaraan,Kendaraan,16,Golongan V - Penumpang,vehicle,GOL V A,Kendaraan penumpang (minibus/elf sejenis dengan panjang lebih dari 5-7Meter),16,inactive
429427,429,Dwikora Pontianak,Kalimantan Barat,Dwikora Pontianak,Patimban,Jawa Barat,kendaraan,Kendaraan,17,Golongan V - Barang,vehicle,GOL V B,Kendaraan barang (dengan bak/boks dan tangki sejenis dengan panjang lebih dari 5-7Meter),2,inactive
429427,429,Dwikora Pontianak,Kalimantan Barat,Dwikora Pontianak,Patimban,Jawa Barat,kendaraan,Kendaraan,18,Golongan VI - Penumpang,vehicle,GOL VI A,Kendaraan penumpang (bus dengan panjang lebih dari 7-10Meter),32,inactive
429427,429,Dwikora Pontianak,Kalimantan Barat,Dwikora Pontianak,Patimban,Jawa Barat,kendaraan,Kendaraan,19,Golongan VI - Barang,vehicle,GOL VI B,Kendaraan barang (dengan bak/boks dan tangki sejenis dengan panjang lebih dari 7-10m),2,inactive
429427,429,Dwikora Pontianak,Kalimantan Barat,Dwikora Pontianak,Patimban,Jawa Barat,kendaraan,Kendaraan,20,Golongan VII,vehicle,GOL VII,"Truk tronton / tangki, kereta penarik kendaraan berat dengan Panjang 10-12m",2,inactive
429427,429,Dwikora Pontianak,Kalimantan Barat,Dwikora Pontianak,Patimban,Jawa Barat,kendaraan,Kendaraan,21,Golongan VIII,vehicle,GOL VIII,"Truk tronton / tangki, kereta penarik kendaraan berat dengan Panjang lebih dari 12-16m",2,inactive
429427,429,Dwikora Pontianak,Kalimantan Barat,Dwikora Pontianak,Patimban,Jawa Barat,kendaraan,Kendaraan,22,Golongan IX,vehicle,GOL IX,"Truk tronton / tangki, kereta penarik kendaraan berat dengan Panjang lebih dari 16m & Alat Berat",2,inactive
5486,88,Galala,Maluku,Galala,Namlea,Maluku,pejalan-kaki,Pejalan Kaki,7,Dewasa Ekonomi,passenger,DEWASA,>2 Tahun,10,Inactive
5486,88,Galala,Maluku,Galala,Namlea,Maluku,pejalan-kaki,Pejalan Kaki,5,Dewasa Bisnis I,passenger,DEWASA,>2 Tahun,10,Inactive
5486,88,Galala,Maluku,Galala,Namlea,Maluku,pejalan-kaki,Pejalan Kaki,9,Bayi Ekonomi,passenger,BAYI,0 - 2 Tahun,10,Inactive
5486,88,Galala,Maluku,Galala,Namlea,Maluku,pejalan-kaki,Pejalan Kaki,504,Bayi Bisnis,passenger,BAYI,0 - 2 Tahun,10,Inactive
5486,88,Galala,Maluku,Galala,Namlea,Maluku,kendaraan,Kendaraan,11,Golongan I,vehicle,GOL I,Sepeda Gayuh,1,inactive
5486,88,Galala,Maluku,Galala,Namlea,Maluku,kendaraan,Kendaraan,12,Golongan II ,vehicle,GOL II,Sepeda motor roda 2 di bawah 500 cc & gerobak dorong,2,inactive
5486,88,Galala,Maluku,Galala,Namlea,Maluku,kendaraan,Kendaraan,13,Golongan III,vehicle,GOL III,Sepeda motor besar lebih dari (500 cc) & Sepeda motor roda 3,2,inactive
5486,88,Galala,Maluku,Galala,Namlea,Maluku,kendaraan,Kendaraan,14,Golongan IV - Penumpang,vehicle,GOL IV A,"Kendaraan penumpang roda 4 (sedan, jeep dan sejenisnya dengan panjang maks 5Meter)",7,inactive
5486,88,Galala,Maluku,Galala,Namlea,Maluku,kendaraan,Kendaraan,15,Golongan IV - Barang,vehicle,GOL IV B,Kendaraan penumpang roda 4 (pickup sejenis dengan bak / boks panjang maks 5Meter),5,active
5486,88,Galala,Maluku,Galala,Namlea,Maluku,kendaraan,Kendaraan,16,Golongan V - Penumpang,vehicle,GOL V A,Kendaraan penumpang (minibus/elf sejenis dengan panjang lebih dari 5-7Meter),16,inactive
5486,88,Galala,Maluku,Galala,Namlea,Maluku,kendaraan,Kendaraan,17,Golongan V - Barang,vehicle,GOL V B,Kendaraan barang (dengan bak/boks dan tangki sejenis dengan panjang lebih dari 5-7Meter),2,active
5486,88,Galala,Maluku,Galala,Namlea,Maluku,kendaraan,Kendaraan,18,Golongan VI - Penumpang,vehicle,GOL VI A,Kendaraan penumpang (bus dengan panjang lebih dari 7-10Meter),32,inactive
5486,88,Galala,Maluku,Galala,Namlea,Maluku,kendaraan,Kendaraan,19,Golongan VI - Barang,vehicle,GOL VI B,Kendaraan barang (dengan bak/boks dan tangki sejenis dengan panjang lebih dari 7-10m),2,active
5486,88,Galala,Maluku,Galala,Namlea,Maluku,kendaraan,Kendaraan,20,Golongan VII,vehicle,GOL VII,"Truk tronton / tangki, kereta penarik kendaraan berat dengan Panjang 10-12m",2,active
5486,88,Galala,Maluku,Galala,Namlea,Maluku,kendaraan,Kendaraan,21,Golongan VIII,vehicle,GOL VIII,"Truk tronton / tangki, kereta penarik kendaraan berat dengan Panjang lebih dari 12-16m",2,active
5486,88,Galala,Maluku,Galala,Namlea,Maluku,kendaraan,Kendaraan,22,Golongan IX,vehicle,GOL IX,"Truk tronton / tangki, kereta penarik kendaraan berat dengan Panjang lebih dari 16m & Alat Berat",2,active
31383,313,Garongkong,Sulawesi Selatan,Garongkong,Batulicin,Kalimantan Selatan,pejalan-kaki,Pejalan Kaki,7,Dewasa Ekonomi,passenger,DEWASA,>2 Tahun,10,Inactive
31383,313,Garongkong,Sulawesi Selatan,Garongkong,Batulicin,Kalimantan Selatan,pejalan-kaki,Pejalan Kaki,9,Bayi Ekonomi,passenger,BAYI,0 - 2 Tahun,10,Inactive
31383,313,Garongkong,Sulawesi Selatan,Garongkong,Batulicin,Kalimantan Selatan,pejalan-kaki,Pejalan Kaki,8,Anak - Anak Ekonomi,passenger,ANAK,2 - 5 Tahun,10,Inactive
31383,313,Garongkong,Sulawesi Selatan,Garongkong,Batulicin,Kalimantan Selatan,kendaraan,Kendaraan,11,Golongan I,vehicle,GOL I,Sepeda Gayuh,1,inactive
31383,313,Garongkong,Sulawesi Selatan,Garongkong,Batulicin,Kalimantan Selatan,kendaraan,Kendaraan,12,Golongan II ,vehicle,GOL II,Sepeda motor roda 2 di bawah 500 cc & gerobak dorong,2,inactive
31383,313,Garongkong,Sulawesi Selatan,Garongkong,Batulicin,Kalimantan Selatan,kendaraan,Kendaraan,13,Golongan III,vehicle,GOL III,Sepeda motor besar lebih dari (500 cc) & Sepeda motor roda 3,2,inactive
31383,313,Garongkong,Sulawesi Selatan,Garongkong,Batulicin,Kalimantan Selatan,kendaraan,Kendaraan,14,Golongan IV - Penumpang,vehicle,GOL IV A,"Kendaraan penumpang roda 4 (sedan, jeep dan sejenisnya dengan panjang maks 5Meter)",7,inactive
31383,313,Garongkong,Sulawesi Selatan,Garongkong,Batulicin,Kalimantan Selatan,kendaraan,Kendaraan,15,Golongan IV - Barang,vehicle,GOL IV B,Kendaraan penumpang roda 4 (pickup sejenis dengan bak / boks panjang maks 5Meter),5,inactive
31383,313,Garongkong,Sulawesi Selatan,Garongkong,Batulicin,Kalimantan Selatan,kendaraan,Kendaraan,16,Golongan V - Penumpang,vehicle,GOL V A,Kendaraan penumpang (minibus/elf sejenis dengan panjang lebih dari 5-7Meter),16,inactive
31383,313,Garongkong,Sulawesi Selatan,Garongkong,Batulicin,Kalimantan Selatan,kendaraan,Kendaraan,17,Golongan V - Barang,vehicle,GOL V B,Kendaraan barang (dengan bak/boks dan tangki sejenis dengan panjang lebih dari 5-7Meter),2,inactive
31383,313,Garongkong,Sulawesi Selatan,Garongkong,Batulicin,Kalimantan Selatan,kendaraan,Kendaraan,18,Golongan VI - Penumpang,vehicle,GOL VI A,Kendaraan penumpang (bus dengan panjang lebih dari 7-10Meter),32,inactive
31383,313,Garongkong,Sulawesi Selatan,Garongkong,Batulicin,Kalimantan Selatan,kendaraan,Kendaraan,19,Golongan VI - Barang,vehicle,GOL VI B,Kendaraan barang (dengan bak/boks dan tangki sejenis dengan panjang lebih dari 7-10m),2,inactive
31383,313,Garongkong,Sulawesi Selatan,Garongkong,Batulicin,Kalimantan Selatan,kendaraan,Kendaraan,20,Golongan VII,vehicle,GOL VII,"Truk tronton / tangki, kereta penarik kendaraan berat dengan Panjang 10-12m",2,inactive
31383,313,Garongkong,Sulawesi Selatan,Garongkong,Batulicin,Kalimantan Selatan,kendaraan,Kendaraan,21,Golongan VIII,vehicle,GOL VIII,"Truk tronton / tangki, kereta penarik kendaraan berat dengan Panjang lebih dari 12-16m",2,inactive
31383,313,Garongkong,Sulawesi Selatan,Garongkong,Batulicin,Kalimantan Selatan,kendaraan,Kendaraan,22,Golongan IX,vehicle,GOL IX,"Truk tronton / tangki, kereta penarik kendaraan berat dengan Panjang lebih dari 16m & Alat Berat",2,inactive
228225,228,Gorontalo,Gorontalo,Gorontalo,Ampana,Sulawesi Tengah,pejalan-kaki,Pejalan Kaki,7,Dewasa Ekonomi,passenger,DEWASA,>2 Tahun,10,Inactive
228225,228,Gorontalo,Gorontalo,Gorontalo,Ampana,Sulawesi Tengah,pejalan-kaki,Pejalan Kaki,5,Dewasa Bisnis I,passenger,DEWASA,>2 Tahun,10,Inactive
228225,228,Gorontalo,Gorontalo,Gorontalo,Ampana,Sulawesi Tengah,pejalan-kaki,Pejalan Kaki,3,Dewasa Eksekutif,passenger,DEWASA, >2 Tahun ,10,Inactive
228225,228,Gorontalo,Gorontalo,Gorontalo,Ampana,Sulawesi Tengah,pejalan-kaki,Pejalan Kaki,9,Bayi Ekonomi,passenger,BAYI,0 - 2 Tahun,10,Inactive
228225,228,Gorontalo,Gorontalo,Gorontalo,Ampana,Sulawesi Tengah,kendaraan,Kendaraan,11,Golongan I,vehicle,GOL I,Sepeda Gayuh,1,inactive
228225,228,Gorontalo,Gorontalo,Gorontalo,Ampana,Sulawesi Tengah,kendaraan,Kendaraan,12,Golongan II ,vehicle,GOL II,Sepeda motor roda 2 di bawah 500 cc & gerobak dorong,2,inactive
228225,228,Gorontalo,Gorontalo,Gorontalo,Ampana,Sulawesi Tengah,kendaraan,Kendaraan,13,Golongan III,vehicle,GOL III,Sepeda motor besar lebih dari (500 cc) & Sepeda motor roda 3,2,inactive
228225,228,Gorontalo,Gorontalo,Gorontalo,Ampana,Sulawesi Tengah,kendaraan,Kendaraan,14,Golongan IV - Penumpang,vehicle,GOL IV A,"Kendaraan penumpang roda 4 (sedan, jeep dan sejenisnya dengan panjang maks 5Meter)",7,inactive
228225,228,Gorontalo,Gorontalo,Gorontalo,Ampana,Sulawesi Tengah,kendaraan,Kendaraan,15,Golongan IV - Barang,vehicle,GOL IV B,Kendaraan penumpang roda 4 (pickup sejenis dengan bak / boks panjang maks 5Meter),5,inactive
228225,228,Gorontalo,Gorontalo,Gorontalo,Ampana,Sulawesi Tengah,kendaraan,Kendaraan,16,Golongan V - Penumpang,vehicle,GOL V A,Kendaraan penumpang (minibus/elf sejenis dengan panjang lebih dari 5-7Meter),16,inactive
228225,228,Gorontalo,Gorontalo,Gorontalo,Ampana,Sulawesi Tengah,kendaraan,Kendaraan,17,Golongan V - Barang,vehicle,GOL V B,Kendaraan barang (dengan bak/boks dan tangki sejenis dengan panjang lebih dari 5-7Meter),2,inactive
228225,228,Gorontalo,Gorontalo,Gorontalo,Ampana,Sulawesi Tengah,kendaraan,Kendaraan,18,Golongan VI - Penumpang,vehicle,GOL VI A,Kendaraan penumpang (bus dengan panjang lebih dari 7-10Meter),32,inactive
228225,228,Gorontalo,Gorontalo,Gorontalo,Ampana,Sulawesi Tengah,kendaraan,Kendaraan,19,Golongan VI - Barang,vehicle,GOL VI B,Kendaraan barang (dengan bak/boks dan tangki sejenis dengan panjang lebih dari 7-10m),2,inactive
228225,228,Gorontalo,Gorontalo,Gorontalo,Ampana,Sulawesi Tengah,kendaraan,Kendaraan,20,Golongan VII,vehicle,GOL VII,"Truk tronton / tangki, kereta penarik kendaraan berat dengan Panjang 10-12m",2,inactive
228225,228,Gorontalo,Gorontalo,Gorontalo,Ampana,Sulawesi Tengah,kendaraan,Kendaraan,21,Golongan VIII,vehicle,GOL VIII,"Truk tronton / tangki, kereta penarik kendaraan berat dengan Panjang lebih dari 12-16m",2,inactive
228225,228,Gorontalo,Gorontalo,Gorontalo,Ampana,Sulawesi Tengah,kendaraan,Kendaraan,22,Golongan IX,vehicle,GOL IX,"Truk tronton / tangki, kereta penarik kendaraan berat dengan Panjang lebih dari 16m & Alat Berat",2,inactive
228234,228,Gorontalo,Gorontalo,Gorontalo,Pagimana,Sulawesi Tengah,pejalan-kaki,Pejalan Kaki,7,Dewasa Ekonomi,passenger,DEWASA,>2 Tahun,10,Inactive
228234,228,Gorontalo,Gorontalo,Gorontalo,Pagimana,Sulawesi Tengah,pejalan-kaki,Pejalan Kaki,5,Dewasa Bisnis I,passenger,DEWASA,>2 Tahun,10,Inactive
228234,228,Gorontalo,Gorontalo,Gorontalo,Pagimana,Sulawesi Tengah,pejalan-kaki,Pejalan Kaki,3,Dewasa Eksekutif,passenger,DEWASA, >2 Tahun ,10,Inactive
228234,228,Gorontalo,Gorontalo,Gorontalo,Pagimana,Sulawesi Tengah,pejalan-kaki,Pejalan Kaki,9,Bayi Ekonomi,passenger,BAYI,0 - 2 Tahun,10,Inactive
228234,228,Gorontalo,Gorontalo,Gorontalo,Pagimana,Sulawesi Tengah,pejalan-kaki,Pejalan Kaki,483,BISNIS BAYI,passenger,BAYI,,0,Inactive
228234,228,Gorontalo,Gorontalo,Gorontalo,Pagimana,Sulawesi Tengah,pejalan-kaki,Pejalan Kaki,482,EKSEKUTIF BAYI,passenger,BAYI,,0,Inactive
228234,228,Gorontalo,Gorontalo,Gorontalo,Pagimana,Sulawesi Tengah,kendaraan,Kendaraan,11,Golongan I,vehicle,GOL I,Sepeda Gayuh,1,inactive
228234,228,Gorontalo,Gorontalo,Gorontalo,Pagimana,Sulawesi Tengah,kendaraan,Kendaraan,12,Golongan II ,vehicle,GOL II,Sepeda motor roda 2 di bawah 500 cc & gerobak dorong,2,inactive
228234,228,Gorontalo,Gorontalo,Gorontalo,Pagimana,Sulawesi Tengah,kendaraan,Kendaraan,13,Golongan III,vehicle,GOL III,Sepeda motor besar lebih dari (500 cc) & Sepeda motor roda 3,2,inactive
228234,228,Gorontalo,Gorontalo,Gorontalo,Pagimana,Sulawesi Tengah,kendaraan,Kendaraan,14,Golongan IV - Penumpang,vehicle,GOL IV A,"Kendaraan penumpang roda 4 (sedan, jeep dan sejenisnya dengan panjang maks 5Meter)",7,inactive
228234,228,Gorontalo,Gorontalo,Gorontalo,Pagimana,Sulawesi Tengah,kendaraan,Kendaraan,15,Golongan IV - Barang,vehicle,GOL IV B,Kendaraan penumpang roda 4 (pickup sejenis dengan bak / boks panjang maks 5Meter),5,active
228234,228,Gorontalo,Gorontalo,Gorontalo,Pagimana,Sulawesi Tengah,kendaraan,Kendaraan,16,Golongan V - Penumpang,vehicle,GOL V A,Kendaraan penumpang (minibus/elf sejenis dengan panjang lebih dari 5-7Meter),16,inactive
228234,228,Gorontalo,Gorontalo,Gorontalo,Pagimana,Sulawesi Tengah,kendaraan,Kendaraan,17,Golongan V - Barang,vehicle,GOL V B,Kendaraan barang (dengan bak/boks dan tangki sejenis dengan panjang lebih dari 5-7Meter),2,active
228234,228,Gorontalo,Gorontalo,Gorontalo,Pagimana,Sulawesi Tengah,kendaraan,Kendaraan,18,Golongan VI - Penumpang,vehicle,GOL VI A,Kendaraan penumpang (bus dengan panjang lebih dari 7-10Meter),32,inactive
228234,228,Gorontalo,Gorontalo,Gorontalo,Pagimana,Sulawesi Tengah,kendaraan,Kendaraan,19,Golongan VI - Barang,vehicle,GOL VI B,Kendaraan barang (dengan bak/boks dan tangki sejenis dengan panjang lebih dari 7-10m),2,active
228234,228,Gorontalo,Gorontalo,Gorontalo,Pagimana,Sulawesi Tengah,kendaraan,Kendaraan,20,Golongan VII,vehicle,GOL VII,"Truk tronton / tangki, kereta penarik kendaraan berat dengan Panjang 10-12m",2,active
228234,228,Gorontalo,Gorontalo,Gorontalo,Pagimana,Sulawesi Tengah,kendaraan,Kendaraan,21,Golongan VIII,vehicle,GOL VIII,"Truk tronton / tangki, kereta penarik kendaraan berat dengan Panjang lebih dari 12-16m",2,active
228234,228,Gorontalo,Gorontalo,Gorontalo,Pagimana,Sulawesi Tengah,kendaraan,Kendaraan,22,Golongan IX,vehicle,GOL IX,"Truk tronton / tangki, kereta penarik kendaraan berat dengan Panjang lebih dari 16m & Alat Berat",2,active
228229,228,Gorontalo,Gorontalo,Gorontalo,Wakai,Sulawesi Tengah,pejalan-kaki,Pejalan Kaki,7,Dewasa Ekonomi,passenger,DEWASA,>2 Tahun,10,Inactive
228229,228,Gorontalo,Gorontalo,Gorontalo,Wakai,Sulawesi Tengah,pejalan-kaki,Pejalan Kaki,1,Dewasa,passenger,DEWASA, >2 Tahun ,10,Inactive
228229,228,Gorontalo,Gorontalo,Gorontalo,Wakai,Sulawesi Tengah,pejalan-kaki,Pejalan Kaki,5,Dewasa Bisnis I,passenger,DEWASA,>2 Tahun,10,Inactive
228229,228,Gorontalo,Gorontalo,Gorontalo,Wakai,Sulawesi Tengah,pejalan-kaki,Pejalan Kaki,3,Dewasa Eksekutif,passenger,DEWASA, >2 Tahun ,10,Inactive
228229,228,Gorontalo,Gorontalo,Gorontalo,Wakai,Sulawesi Tengah,pejalan-kaki,Pejalan Kaki,9,Bayi Ekonomi,passenger,BAYI,0 - 2 Tahun,10,Inactive
228229,228,Gorontalo,Gorontalo,Gorontalo,Wakai,Sulawesi Tengah,kendaraan,Kendaraan,11,Golongan I,vehicle,GOL I,Sepeda Gayuh,1,inactive
228229,228,Gorontalo,Gorontalo,Gorontalo,Wakai,Sulawesi Tengah,kendaraan,Kendaraan,12,Golongan II ,vehicle,GOL II,Sepeda motor roda 2 di bawah 500 cc & gerobak dorong,2,inactive
228229,228,Gorontalo,Gorontalo,Gorontalo,Wakai,Sulawesi Tengah,kendaraan,Kendaraan,13,Golongan III,vehicle,GOL III,Sepeda motor besar lebih dari (500 cc) & Sepeda motor roda 3,2,inactive
228229,228,Gorontalo,Gorontalo,Gorontalo,Wakai,Sulawesi Tengah,kendaraan,Kendaraan,14,Golongan IV - Penumpang,vehicle,GOL IV A,"Kendaraan penumpang roda 4 (sedan, jeep dan sejenisnya dengan panjang maks 5Meter)",7,inactive
228229,228,Gorontalo,Gorontalo,Gorontalo,Wakai,Sulawesi Tengah,kendaraan,Kendaraan,15,Golongan IV - Barang,vehicle,GOL IV B,Kendaraan penumpang roda 4 (pickup sejenis dengan bak / boks panjang maks 5Meter),5,inactive
228229,228,Gorontalo,Gorontalo,Gorontalo,Wakai,Sulawesi Tengah,kendaraan,Kendaraan,16,Golongan V - Penumpang,vehicle,GOL V A,Kendaraan penumpang (minibus/elf sejenis dengan panjang lebih dari 5-7Meter),16,inactive
228229,228,Gorontalo,Gorontalo,Gorontalo,Wakai,Sulawesi Tengah,kendaraan,Kendaraan,17,Golongan V - Barang,vehicle,GOL V B,Kendaraan barang (dengan bak/boks dan tangki sejenis dengan panjang lebih dari 5-7Meter),2,inactive
228229,228,Gorontalo,Gorontalo,Gorontalo,Wakai,Sulawesi Tengah,kendaraan,Kendaraan,18,Golongan VI - Penumpang,vehicle,GOL VI A,Kendaraan penumpang (bus dengan panjang lebih dari 7-10Meter),32,inactive
228229,228,Gorontalo,Gorontalo,Gorontalo,Wakai,Sulawesi Tengah,kendaraan,Kendaraan,19,Golongan VI - Barang,vehicle,GOL VI B,Kendaraan barang (dengan bak/boks dan tangki sejenis dengan panjang lebih dari 7-10m),2,inactive
228229,228,Gorontalo,Gorontalo,Gorontalo,Wakai,Sulawesi Tengah,kendaraan,Kendaraan,20,Golongan VII,vehicle,GOL VII,"Truk tronton / tangki, kereta penarik kendaraan berat dengan Panjang 10-12m",2,inactive
228229,228,Gorontalo,Gorontalo,Gorontalo,Wakai,Sulawesi Tengah,kendaraan,Kendaraan,21,Golongan VIII,vehicle,GOL VIII,"Truk tronton / tangki, kereta penarik kendaraan berat dengan Panjang lebih dari 12-16m",2,inactive
228229,228,Gorontalo,Gorontalo,Gorontalo,Wakai,Sulawesi Tengah,kendaraan,Kendaraan,22,Golongan IX,vehicle,GOL IX,"Truk tronton / tangki, kereta penarik kendaraan berat dengan Panjang lebih dari 16m & Alat Berat",2,inactive
19,11,Gresik,Jawa Timur,Gresik,Bawean,Jawa Timur,pejalan-kaki,Pejalan Kaki,7,Dewasa Ekonomi,passenger,DEWASA,>2 Tahun,10,Inactive
19,11,Gresik,Jawa Timur,Gresik,Bawean,Jawa Timur,pejalan-kaki,Pejalan Kaki,5,Dewasa Bisnis I,passenger,DEWASA,>2 Tahun,10,Inactive
19,11,Gresik,Jawa Timur,Gresik,Bawean,Jawa Timur,pejalan-kaki,Pejalan Kaki,9,Bayi Ekonomi,passenger,BAYI,0 - 2 Tahun,10,Inactive
19,11,Gresik,Jawa Timur,Gresik,Bawean,Jawa Timur,pejalan-kaki,Pejalan Kaki,8,Anak - Anak Ekonomi,passenger,ANAK,2 - 5 Tahun,10,Inactive
19,11,Gresik,Jawa Timur,Gresik,Bawean,Jawa Timur,pejalan-kaki,Pejalan Kaki,6,Anak - Anak Bisnis I,passenger,ANAK,2 - 5 Tahun,10,Inactive
19,11,Gresik,Jawa Timur,Gresik,Bawean,Jawa Timur,kendaraan,Kendaraan,11,Golongan I,vehicle,GOL I,Sepeda Gayuh,1,inactive
19,11,Gresik,Jawa Timur,Gresik,Bawean,Jawa Timur,kendaraan,Kendaraan,12,Golongan II ,vehicle,GOL II,Sepeda motor roda 2 di bawah 500 cc & gerobak dorong,2,inactive
19,11,Gresik,Jawa Timur,Gresik,Bawean,Jawa Timur,kendaraan,Kendaraan,13,Golongan III,vehicle,GOL III,Sepeda motor besar lebih dari (500 cc) & Sepeda motor roda 3,2,inactive
19,11,Gresik,Jawa Timur,Gresik,Bawean,Jawa Timur,kendaraan,Kendaraan,14,Golongan IV - Penumpang,vehicle,GOL IV A,"Kendaraan penumpang roda 4 (sedan, jeep dan sejenisnya dengan panjang maks 5Meter)",7,inactive
19,11,Gresik,Jawa Timur,Gresik,Bawean,Jawa Timur,kendaraan,Kendaraan,15,Golongan IV - Barang,vehicle,GOL IV B,Kendaraan penumpang roda 4 (pickup sejenis dengan bak / boks panjang maks 5Meter),5,inactive
19,11,Gresik,Jawa Timur,Gresik,Bawean,Jawa Timur,kendaraan,Kendaraan,16,Golongan V - Penumpang,vehicle,GOL V A,Kendaraan penumpang (minibus/elf sejenis dengan panjang lebih dari 5-7Meter),16,inactive
19,11,Gresik,Jawa Timur,Gresik,Bawean,Jawa Timur,kendaraan,Kendaraan,17,Golongan V - Barang,vehicle,GOL V B,Kendaraan barang (dengan bak/boks dan tangki sejenis dengan panjang lebih dari 5-7Meter),2,inactive
19,11,Gresik,Jawa Timur,Gresik,Bawean,Jawa Timur,kendaraan,Kendaraan,18,Golongan VI - Penumpang,vehicle,GOL VI A,Kendaraan penumpang (bus dengan panjang lebih dari 7-10Meter),32,inactive
19,11,Gresik,Jawa Timur,Gresik,Bawean,Jawa Timur,kendaraan,Kendaraan,19,Golongan VI - Barang,vehicle,GOL VI B,Kendaraan barang (dengan bak/boks dan tangki sejenis dengan panjang lebih dari 7-10m),2,inactive
19,11,Gresik,Jawa Timur,Gresik,Bawean,Jawa Timur,kendaraan,Kendaraan,20,Golongan VII,vehicle,GOL VII,"Truk tronton / tangki, kereta penarik kendaraan berat dengan Panjang 10-12m",2,inactive
19,11,Gresik,Jawa Timur,Gresik,Bawean,Jawa Timur,kendaraan,Kendaraan,21,Golongan VIII,vehicle,GOL VIII,"Truk tronton / tangki, kereta penarik kendaraan berat dengan Panjang lebih dari 12-16m",2,inactive
19,11,Gresik,Jawa Timur,Gresik,Bawean,Jawa Timur,kendaraan,Kendaraan,22,Golongan IX,vehicle,GOL IX,"Truk tronton / tangki, kereta penarik kendaraan berat dengan Panjang lebih dari 16m & Alat Berat",2,inactive
4140,41,Gunungsitoli,Sumatera Utara,Gunungsitoli,Sibolga,Sumatera Utara,pejalan-kaki,Pejalan Kaki,7,Dewasa Ekonomi,passenger,DEWASA,>2 Tahun,10,Inactive
4140,41,Gunungsitoli,Sumatera Utara,Gunungsitoli,Sibolga,Sumatera Utara,pejalan-kaki,Pejalan Kaki,9,Bayi Ekonomi,passenger,BAYI,0 - 2 Tahun,10,Inactive
4140,41,Gunungsitoli,Sumatera Utara,Gunungsitoli,Sibolga,Sumatera Utara,kendaraan,Kendaraan,11,Golongan I,vehicle,GOL I,Sepeda Gayuh,1,inactive
4140,41,Gunungsitoli,Sumatera Utara,Gunungsitoli,Sibolga,Sumatera Utara,kendaraan,Kendaraan,12,Golongan II ,vehicle,GOL II,Sepeda motor roda 2 di bawah 500 cc & gerobak dorong,2,inactive
4140,41,Gunungsitoli,Sumatera Utara,Gunungsitoli,Sibolga,Sumatera Utara,kendaraan,Kendaraan,13,Golongan III,vehicle,GOL III,Sepeda motor besar lebih dari (500 cc) & Sepeda motor roda 3,2,inactive
4140,41,Gunungsitoli,Sumatera Utara,Gunungsitoli,Sibolga,Sumatera Utara,kendaraan,Kendaraan,14,Golongan IV - Penumpang,vehicle,GOL IV A,"Kendaraan penumpang roda 4 (sedan, jeep dan sejenisnya dengan panjang maks 5Meter)",7,inactive
4140,41,Gunungsitoli,Sumatera Utara,Gunungsitoli,Sibolga,Sumatera Utara,kendaraan,Kendaraan,15,Golongan IV - Barang,vehicle,GOL IV B,Kendaraan penumpang roda 4 (pickup sejenis dengan bak / boks panjang maks 5Meter),5,inactive
4140,41,Gunungsitoli,Sumatera Utara,Gunungsitoli,Sibolga,Sumatera Utara,kendaraan,Kendaraan,16,Golongan V - Penumpang,vehicle,GOL V A,Kendaraan penumpang (minibus/elf sejenis dengan panjang lebih dari 5-7Meter),16,inactive
4140,41,Gunungsitoli,Sumatera Utara,Gunungsitoli,Sibolga,Sumatera Utara,kendaraan,Kendaraan,17,Golongan V - Barang,vehicle,GOL V B,Kendaraan barang (dengan bak/boks dan tangki sejenis dengan panjang lebih dari 5-7Meter),2,inactive
4140,41,Gunungsitoli,Sumatera Utara,Gunungsitoli,Sibolga,Sumatera Utara,kendaraan,Kendaraan,18,Golongan VI - Penumpang,vehicle,GOL VI A,Kendaraan penumpang (bus dengan panjang lebih dari 7-10Meter),32,inactive
4140,41,Gunungsitoli,Sumatera Utara,Gunungsitoli,Sibolga,Sumatera Utara,kendaraan,Kendaraan,19,Golongan VI - Barang,vehicle,GOL VI B,Kendaraan barang (dengan bak/boks dan tangki sejenis dengan panjang lebih dari 7-10m),2,inactive
4140,41,Gunungsitoli,Sumatera Utara,Gunungsitoli,Sibolga,Sumatera Utara,kendaraan,Kendaraan,20,Golongan VII,vehicle,GOL VII,"Truk tronton / tangki, kereta penarik kendaraan berat dengan Panjang 10-12m",2,inactive
4140,41,Gunungsitoli,Sumatera Utara,Gunungsitoli,Sibolga,Sumatera Utara,kendaraan,Kendaraan,21,Golongan VIII,vehicle,GOL VIII,"Truk tronton / tangki, kereta penarik kendaraan berat dengan Panjang lebih dari 12-16m",2,inactive
4140,41,Gunungsitoli,Sumatera Utara,Gunungsitoli,Sibolga,Sumatera Utara,kendaraan,Kendaraan,22,Golongan IX,vehicle,GOL IX,"Truk tronton / tangki, kereta penarik kendaraan berat dengan Panjang lebih dari 16m & Alat Berat",2,inactive
5484,94,Hunimua,Maluku,Hunimua,Waipirit,Maluku,pejalan-kaki,Pejalan Kaki,7,Dewasa Ekonomi,passenger,DEWASA,>2 Tahun,10,Inactive
5484,94,Hunimua,Maluku,Hunimua,Waipirit,Maluku,pejalan-kaki,Pejalan Kaki,5,Dewasa Bisnis I,passenger,DEWASA,>2 Tahun,10,Inactive
5484,94,Hunimua,Maluku,Hunimua,Waipirit,Maluku,pejalan-kaki,Pejalan Kaki,3,Dewasa Eksekutif,passenger,DEWASA, >2 Tahun ,10,Inactive
5484,94,Hunimua,Maluku,Hunimua,Waipirit,Maluku,pejalan-kaki,Pejalan Kaki,9,Bayi Ekonomi,passenger,BAYI,0 - 2 Tahun,10,Inactive
5484,94,Hunimua,Maluku,Hunimua,Waipirit,Maluku,pejalan-kaki,Pejalan Kaki,504,Bayi Bisnis,passenger,BAYI,0 - 2 Tahun,10,Inactive
5484,94,Hunimua,Maluku,Hunimua,Waipirit,Maluku,pejalan-kaki,Pejalan Kaki,505,Bayi Eksekutif,passenger,BAYI,0 - 2 Tahun,10,Inactive
5484,94,Hunimua,Maluku,Hunimua,Waipirit,Maluku,kendaraan,Kendaraan,11,Golongan I,vehicle,GOL I,Sepeda Gayuh,1,inactive
5484,94,Hunimua,Maluku,Hunimua,Waipirit,Maluku,kendaraan,Kendaraan,12,Golongan II ,vehicle,GOL II,Sepeda motor roda 2 di bawah 500 cc & gerobak dorong,2,inactive
5484,94,Hunimua,Maluku,Hunimua,Waipirit,Maluku,kendaraan,Kendaraan,13,Golongan III,vehicle,GOL III,Sepeda motor besar lebih dari (500 cc) & Sepeda motor roda 3,2,inactive
5484,94,Hunimua,Maluku,Hunimua,Waipirit,Maluku,kendaraan,Kendaraan,14,Golongan IV - Penumpang,vehicle,GOL IV A,"Kendaraan penumpang roda 4 (sedan, jeep dan sejenisnya dengan panjang maks 5Meter)",7,inactive
5484,94,Hunimua,Maluku,Hunimua,Waipirit,Maluku,kendaraan,Kendaraan,15,Golongan IV - Barang,vehicle,GOL IV B,Kendaraan penumpang roda 4 (pickup sejenis dengan bak / boks panjang maks 5Meter),5,active
5484,94,Hunimua,Maluku,Hunimua,Waipirit,Maluku,kendaraan,Kendaraan,16,Golongan V - Penumpang,vehicle,GOL V A,Kendaraan penumpang (minibus/elf sejenis dengan panjang lebih dari 5-7Meter),16,inactive
5484,94,Hunimua,Maluku,Hunimua,Waipirit,Maluku,kendaraan,Kendaraan,17,Golongan V - Barang,vehicle,GOL V B,Kendaraan barang (dengan bak/boks dan tangki sejenis dengan panjang lebih dari 5-7Meter),2,active
5484,94,Hunimua,Maluku,Hunimua,Waipirit,Maluku,kendaraan,Kendaraan,18,Golongan VI - Penumpang,vehicle,GOL VI A,Kendaraan penumpang (bus dengan panjang lebih dari 7-10Meter),32,inactive
5484,94,Hunimua,Maluku,Hunimua,Waipirit,Maluku,kendaraan,Kendaraan,19,Golongan VI - Barang,vehicle,GOL VI B,Kendaraan barang (dengan bak/boks dan tangki sejenis dengan panjang lebih dari 7-10m),2,active
5484,94,Hunimua,Maluku,Hunimua,Waipirit,Maluku,kendaraan,Kendaraan,20,Golongan VII,vehicle,GOL VII,"Truk tronton / tangki, kereta penarik kendaraan berat dengan Panjang 10-12m",2,active
5484,94,Hunimua,Maluku,Hunimua,Waipirit,Maluku,kendaraan,Kendaraan,21,Golongan VIII,vehicle,GOL VIII,"Truk tronton / tangki, kereta penarik kendaraan berat dengan Panjang lebih dari 12-16m",2,active
5484,94,Hunimua,Maluku,Hunimua,Waipirit,Maluku,kendaraan,Kendaraan,22,Golongan IX,vehicle,GOL IX,"Truk tronton / tangki, kereta penarik kendaraan berat dengan Panjang lebih dari 16m & Alat Berat",2,active
5641002,564,Jangkar,Jawa Timur,Jangkar,Kalianget,Jawa Timur,pejalan-kaki,Pejalan Kaki,7,Dewasa Ekonomi,passenger,DEWASA,>2 Tahun,10,Inactive
5641002,564,Jangkar,Jawa Timur,Jangkar,Kalianget,Jawa Timur,pejalan-kaki,Pejalan Kaki,9,Bayi Ekonomi,passenger,BAYI,0 - 2 Tahun,10,Inactive
5641002,564,Jangkar,Jawa Timur,Jangkar,Kalianget,Jawa Timur,kendaraan,Kendaraan,11,Golongan I,vehicle,GOL I,Sepeda Gayuh,1,inactive
5641002,564,Jangkar,Jawa Timur,Jangkar,Kalianget,Jawa Timur,kendaraan,Kendaraan,12,Golongan II ,vehicle,GOL II,Sepeda motor roda 2 di bawah 500 cc & gerobak dorong,2,inactive
5641002,564,Jangkar,Jawa Timur,Jangkar,Kalianget,Jawa Timur,kendaraan,Kendaraan,13,Golongan III,vehicle,GOL III,Sepeda motor besar lebih dari (500 cc) & Sepeda motor roda 3,2,inactive
5641002,564,Jangkar,Jawa Timur,Jangkar,Kalianget,Jawa Timur,kendaraan,Kendaraan,14,Golongan IV - Penumpang,vehicle,GOL IV A,"Kendaraan penumpang roda 4 (sedan, jeep dan sejenisnya dengan panjang maks 5Meter)",7,inactive
5641002,564,Jangkar,Jawa Timur,Jangkar,Kalianget,Jawa Timur,kendaraan,Kendaraan,15,Golongan IV - Barang,vehicle,GOL IV B,Kendaraan penumpang roda 4 (pickup sejenis dengan bak / boks panjang maks 5Meter),5,inactive
5641002,564,Jangkar,Jawa Timur,Jangkar,Kalianget,Jawa Timur,kendaraan,Kendaraan,16,Golongan V - Penumpang,vehicle,GOL V A,Kendaraan penumpang (minibus/elf sejenis dengan panjang lebih dari 5-7Meter),16,inactive
5641002,564,Jangkar,Jawa Timur,Jangkar,Kalianget,Jawa Timur,kendaraan,Kendaraan,17,Golongan V - Barang,vehicle,GOL V B,Kendaraan barang (dengan bak/boks dan tangki sejenis dengan panjang lebih dari 5-7Meter),2,inactive
5641002,564,Jangkar,Jawa Timur,Jangkar,Kalianget,Jawa Timur,kendaraan,Kendaraan,18,Golongan VI - Penumpang,vehicle,GOL VI A,Kendaraan penumpang (bus dengan panjang lebih dari 7-10Meter),32,inactive
5641002,564,Jangkar,Jawa Timur,Jangkar,Kalianget,Jawa Timur,kendaraan,Kendaraan,19,Golongan VI - Barang,vehicle,GOL VI B,Kendaraan barang (dengan bak/boks dan tangki sejenis dengan panjang lebih dari 7-10m),2,inactive
5641002,564,Jangkar,Jawa Timur,Jangkar,Kalianget,Jawa Timur,kendaraan,Kendaraan,20,Golongan VII,vehicle,GOL VII,"Truk tronton / tangki, kereta penarik kendaraan berat dengan Panjang 10-12m",2,inactive
5641002,564,Jangkar,Jawa Timur,Jangkar,Kalianget,Jawa Timur,kendaraan,Kendaraan,21,Golongan VIII,vehicle,GOL VIII,"Truk tronton / tangki, kereta penarik kendaraan berat dengan Panjang lebih dari 12-16m",2,inactive
5641002,564,Jangkar,Jawa Timur,Jangkar,Kalianget,Jawa Timur,kendaraan,Kendaraan,22,Golongan IX,vehicle,GOL IX,"Truk tronton / tangki, kereta penarik kendaraan berat dengan Panjang lebih dari 16m & Alat Berat",2,inactive
5641003,564,Jangkar,Jawa Timur,Jangkar,Kangean,Jawa Timur,pejalan-kaki,Pejalan Kaki,7,Dewasa Ekonomi,passenger,DEWASA,>2 Tahun,10,Inactive
5641003,564,Jangkar,Jawa Timur,Jangkar,Kangean,Jawa Timur,pejalan-kaki,Pejalan Kaki,5,Dewasa Bisnis I,passenger,DEWASA,>2 Tahun,10,Inactive
5641003,564,Jangkar,Jawa Timur,Jangkar,Kangean,Jawa Timur,pejalan-kaki,Pejalan Kaki,9,Bayi Ekonomi,passenger,BAYI,0 - 2 Tahun,10,Inactive
5641003,564,Jangkar,Jawa Timur,Jangkar,Kangean,Jawa Timur,pejalan-kaki,Pejalan Kaki,504,Bayi Bisnis,passenger,BAYI,0 - 2 Tahun,10,Inactive
5641003,564,Jangkar,Jawa Timur,Jangkar,Kangean,Jawa Timur,kendaraan,Kendaraan,11,Golongan I,vehicle,GOL I,Sepeda Gayuh,1,inactive
5641003,564,Jangkar,Jawa Timur,Jangkar,Kangean,Jawa Timur,kendaraan,Kendaraan,12,Golongan II ,vehicle,GOL II,Sepeda motor roda 2 di bawah 500 cc & gerobak dorong,2,inactive
5641003,564,Jangkar,Jawa Timur,Jangkar,Kangean,Jawa Timur,kendaraan,Kendaraan,13,Golongan III,vehicle,GOL III,Sepeda motor besar lebih dari (500 cc) & Sepeda motor roda 3,2,inactive
5641003,564,Jangkar,Jawa Timur,Jangkar,Kangean,Jawa Timur,kendaraan,Kendaraan,14,Golongan IV - Penumpang,vehicle,GOL IV A,"Kendaraan penumpang roda 4 (sedan, jeep dan sejenisnya dengan panjang maks 5Meter)",7,inactive
5641003,564,Jangkar,Jawa Timur,Jangkar,Kangean,Jawa Timur,kendaraan,Kendaraan,15,Golongan IV - Barang,vehicle,GOL IV B,Kendaraan penumpang roda 4 (pickup sejenis dengan bak / boks panjang maks 5Meter),5,inactive
5641003,564,Jangkar,Jawa Timur,Jangkar,Kangean,Jawa Timur,kendaraan,Kendaraan,16,Golongan V - Penumpang,vehicle,GOL V A,Kendaraan penumpang (minibus/elf sejenis dengan panjang lebih dari 5-7Meter),16,inactive
5641003,564,Jangkar,Jawa Timur,Jangkar,Kangean,Jawa Timur,kendaraan,Kendaraan,17,Golongan V - Barang,vehicle,GOL V B,Kendaraan barang (dengan bak/boks dan tangki sejenis dengan panjang lebih dari 5-7Meter),2,inactive
5641003,564,Jangkar,Jawa Timur,Jangkar,Kangean,Jawa Timur,kendaraan,Kendaraan,18,Golongan VI - Penumpang,vehicle,GOL VI A,Kendaraan penumpang (bus dengan panjang lebih dari 7-10Meter),32,inactive
5641003,564,Jangkar,Jawa Timur,Jangkar,Kangean,Jawa Timur,kendaraan,Kendaraan,19,Golongan VI - Barang,vehicle,GOL VI B,Kendaraan barang (dengan bak/boks dan tangki sejenis dengan panjang lebih dari 7-10m),2,inactive
5641003,564,Jangkar,Jawa Timur,Jangkar,Kangean,Jawa Timur,kendaraan,Kendaraan,20,Golongan VII,vehicle,GOL VII,"Truk tronton / tangki, kereta penarik kendaraan berat dengan Panjang 10-12m",2,inactive
5641003,564,Jangkar,Jawa Timur,Jangkar,Kangean,Jawa Timur,kendaraan,Kendaraan,21,Golongan VIII,vehicle,GOL VIII,"Truk tronton / tangki, kereta penarik kendaraan berat dengan Panjang lebih dari 12-16m",2,inactive
5641003,564,Jangkar,Jawa Timur,Jangkar,Kangean,Jawa Timur,kendaraan,Kendaraan,22,Golongan IX,vehicle,GOL IX,"Truk tronton / tangki, kereta penarik kendaraan berat dengan Panjang lebih dari 16m & Alat Berat",2,inactive
564565,564,Jangkar,Jawa Timur,Jangkar,Lembar,Nusa Tenggara Barat,pejalan-kaki,Pejalan Kaki,7,Dewasa Ekonomi,passenger,DEWASA,>2 Tahun,10,Inactive
564565,564,Jangkar,Jawa Timur,Jangkar,Lembar,Nusa Tenggara Barat,pejalan-kaki,Pejalan Kaki,9,Bayi Ekonomi,passenger,BAYI,0 - 2 Tahun,10,Inactive
564565,564,Jangkar,Jawa Timur,Jangkar,Lembar,Nusa Tenggara Barat,kendaraan,Kendaraan,11,Golongan I,vehicle,GOL I,Sepeda Gayuh,1,inactive
564565,564,Jangkar,Jawa Timur,Jangkar,Lembar,Nusa Tenggara Barat,kendaraan,Kendaraan,12,Golongan II ,vehicle,GOL II,Sepeda motor roda 2 di bawah 500 cc & gerobak dorong,2,inactive
564565,564,Jangkar,Jawa Timur,Jangkar,Lembar,Nusa Tenggara Barat,kendaraan,Kendaraan,13,Golongan III,vehicle,GOL III,Sepeda motor besar lebih dari (500 cc) & Sepeda motor roda 3,2,inactive
564565,564,Jangkar,Jawa Timur,Jangkar,Lembar,Nusa Tenggara Barat,kendaraan,Kendaraan,14,Golongan IV - Penumpang,vehicle,GOL IV A,"Kendaraan penumpang roda 4 (sedan, jeep dan sejenisnya dengan panjang maks 5Meter)",7,inactive
564565,564,Jangkar,Jawa Timur,Jangkar,Lembar,Nusa Tenggara Barat,kendaraan,Kendaraan,15,Golongan IV - Barang,vehicle,GOL IV B,Kendaraan penumpang roda 4 (pickup sejenis dengan bak / boks panjang maks 5Meter),5,inactive
564565,564,Jangkar,Jawa Timur,Jangkar,Lembar,Nusa Tenggara Barat,kendaraan,Kendaraan,16,Golongan V - Penumpang,vehicle,GOL V A,Kendaraan penumpang (minibus/elf sejenis dengan panjang lebih dari 5-7Meter),16,inactive
564565,564,Jangkar,Jawa Timur,Jangkar,Lembar,Nusa Tenggara Barat,kendaraan,Kendaraan,17,Golongan V - Barang,vehicle,GOL V B,Kendaraan barang (dengan bak/boks dan tangki sejenis dengan panjang lebih dari 5-7Meter),2,inactive
564565,564,Jangkar,Jawa Timur,Jangkar,Lembar,Nusa Tenggara Barat,kendaraan,Kendaraan,18,Golongan VI - Penumpang,vehicle,GOL VI A,Kendaraan penumpang (bus dengan panjang lebih dari 7-10Meter),32,inactive
564565,564,Jangkar,Jawa Timur,Jangkar,Lembar,Nusa Tenggara Barat,kendaraan,Kendaraan,19,Golongan VI - Barang,vehicle,GOL VI B,Kendaraan barang (dengan bak/boks dan tangki sejenis dengan panjang lebih dari 7-10m),2,inactive
564565,564,Jangkar,Jawa Timur,Jangkar,Lembar,Nusa Tenggara Barat,kendaraan,Kendaraan,20,Golongan VII,vehicle,GOL VII,"Truk tronton / tangki, kereta penarik kendaraan berat dengan Panjang 10-12m",2,inactive
564565,564,Jangkar,Jawa Timur,Jangkar,Lembar,Nusa Tenggara Barat,kendaraan,Kendaraan,21,Golongan VIII,vehicle,GOL VIII,"Truk tronton / tangki, kereta penarik kendaraan berat dengan Panjang lebih dari 12-16m",2,inactive
564565,564,Jangkar,Jawa Timur,Jangkar,Lembar,Nusa Tenggara Barat,kendaraan,Kendaraan,22,Golongan IX,vehicle,GOL IX,"Truk tronton / tangki, kereta penarik kendaraan berat dengan Panjang lebih dari 16m & Alat Berat",2,inactive
5641005,564,Jangkar,Jawa Timur,Jangkar,Raas,Jawa Timur,pejalan-kaki,Pejalan Kaki,7,Dewasa Ekonomi,passenger,DEWASA,>2 Tahun,10,Inactive
5641005,564,Jangkar,Jawa Timur,Jangkar,Raas,Jawa Timur,pejalan-kaki,Pejalan Kaki,9,Bayi Ekonomi,passenger,BAYI,0 - 2 Tahun,10,Inactive
5641005,564,Jangkar,Jawa Timur,Jangkar,Raas,Jawa Timur,kendaraan,Kendaraan,11,Golongan I,vehicle,GOL I,Sepeda Gayuh,1,inactive
5641005,564,Jangkar,Jawa Timur,Jangkar,Raas,Jawa Timur,kendaraan,Kendaraan,12,Golongan II ,vehicle,GOL II,Sepeda motor roda 2 di bawah 500 cc & gerobak dorong,2,inactive
5641005,564,Jangkar,Jawa Timur,Jangkar,Raas,Jawa Timur,kendaraan,Kendaraan,13,Golongan III,vehicle,GOL III,Sepeda motor besar lebih dari (500 cc) & Sepeda motor roda 3,2,inactive
5641005,564,Jangkar,Jawa Timur,Jangkar,Raas,Jawa Timur,kendaraan,Kendaraan,14,Golongan IV - Penumpang,vehicle,GOL IV A,"Kendaraan penumpang roda 4 (sedan, jeep dan sejenisnya dengan panjang maks 5Meter)",7,inactive
5641005,564,Jangkar,Jawa Timur,Jangkar,Raas,Jawa Timur,kendaraan,Kendaraan,15,Golongan IV - Barang,vehicle,GOL IV B,Kendaraan penumpang roda 4 (pickup sejenis dengan bak / boks panjang maks 5Meter),5,inactive
5641005,564,Jangkar,Jawa Timur,Jangkar,Raas,Jawa Timur,kendaraan,Kendaraan,16,Golongan V - Penumpang,vehicle,GOL V A,Kendaraan penumpang (minibus/elf sejenis dengan panjang lebih dari 5-7Meter),16,inactive
5641005,564,Jangkar,Jawa Timur,Jangkar,Raas,Jawa Timur,kendaraan,Kendaraan,17,Golongan V - Barang,vehicle,GOL V B,Kendaraan barang (dengan bak/boks dan tangki sejenis dengan panjang lebih dari 5-7Meter),2,inactive
5641005,564,Jangkar,Jawa Timur,Jangkar,Raas,Jawa Timur,kendaraan,Kendaraan,18,Golongan VI - Penumpang,vehicle,GOL VI A,Kendaraan penumpang (bus dengan panjang lebih dari 7-10Meter),32,inactive
5641005,564,Jangkar,Jawa Timur,Jangkar,Raas,Jawa Timur,kendaraan,Kendaraan,19,Golongan VI - Barang,vehicle,GOL VI B,Kendaraan barang (dengan bak/boks dan tangki sejenis dengan panjang lebih dari 7-10m),2,inactive
5641005,564,Jangkar,Jawa Timur,Jangkar,Raas,Jawa Timur,kendaraan,Kendaraan,20,Golongan VII,vehicle,GOL VII,"Truk tronton / tangki, kereta penarik kendaraan berat dengan Panjang 10-12m",2,inactive
5641005,564,Jangkar,Jawa Timur,Jangkar,Raas,Jawa Timur,kendaraan,Kendaraan,21,Golongan VIII,vehicle,GOL VIII,"Truk tronton / tangki, kereta penarik kendaraan berat dengan Panjang lebih dari 12-16m",2,inactive
5641005,564,Jangkar,Jawa Timur,Jangkar,Raas,Jawa Timur,kendaraan,Kendaraan,22,Golongan IX,vehicle,GOL IX,"Truk tronton / tangki, kereta penarik kendaraan berat dengan Panjang lebih dari 16m & Alat Berat",2,inactive
5641004,564,Jangkar,Jawa Timur,Jangkar,Sapudi,Jawa Timur,pejalan-kaki,Pejalan Kaki,7,Dewasa Ekonomi,passenger,DEWASA,>2 Tahun,10,Inactive
5641004,564,Jangkar,Jawa Timur,Jangkar,Sapudi,Jawa Timur,pejalan-kaki,Pejalan Kaki,9,Bayi Ekonomi,passenger,BAYI,0 - 2 Tahun,10,Inactive
5641004,564,Jangkar,Jawa Timur,Jangkar,Sapudi,Jawa Timur,kendaraan,Kendaraan,11,Golongan I,vehicle,GOL I,Sepeda Gayuh,1,inactive
5641004,564,Jangkar,Jawa Timur,Jangkar,Sapudi,Jawa Timur,kendaraan,Kendaraan,12,Golongan II ,vehicle,GOL II,Sepeda motor roda 2 di bawah 500 cc & gerobak dorong,2,inactive
5641004,564,Jangkar,Jawa Timur,Jangkar,Sapudi,Jawa Timur,kendaraan,Kendaraan,13,Golongan III,vehicle,GOL III,Sepeda motor besar lebih dari (500 cc) & Sepeda motor roda 3,2,inactive
5641004,564,Jangkar,Jawa Timur,Jangkar,Sapudi,Jawa Timur,kendaraan,Kendaraan,14,Golongan IV - Penumpang,vehicle,GOL IV A,"Kendaraan penumpang roda 4 (sedan, jeep dan sejenisnya dengan panjang maks 5Meter)",7,inactive
5641004,564,Jangkar,Jawa Timur,Jangkar,Sapudi,Jawa Timur,kendaraan,Kendaraan,15,Golongan IV - Barang,vehicle,GOL IV B,Kendaraan penumpang roda 4 (pickup sejenis dengan bak / boks panjang maks 5Meter),5,inactive
5641004,564,Jangkar,Jawa Timur,Jangkar,Sapudi,Jawa Timur,kendaraan,Kendaraan,16,Golongan V - Penumpang,vehicle,GOL V A,Kendaraan penumpang (minibus/elf sejenis dengan panjang lebih dari 5-7Meter),16,inactive
5641004,564,Jangkar,Jawa Timur,Jangkar,Sapudi,Jawa Timur,kendaraan,Kendaraan,17,Golongan V - Barang,vehicle,GOL V B,Kendaraan barang (dengan bak/boks dan tangki sejenis dengan panjang lebih dari 5-7Meter),2,inactive
5641004,564,Jangkar,Jawa Timur,Jangkar,Sapudi,Jawa Timur,kendaraan,Kendaraan,18,Golongan VI - Penumpang,vehicle,GOL VI A,Kendaraan penumpang (bus dengan panjang lebih dari 7-10Meter),32,inactive
5641004,564,Jangkar,Jawa Timur,Jangkar,Sapudi,Jawa Timur,kendaraan,Kendaraan,19,Golongan VI - Barang,vehicle,GOL VI B,Kendaraan barang (dengan bak/boks dan tangki sejenis dengan panjang lebih dari 7-10m),2,inactive
5641004,564,Jangkar,Jawa Timur,Jangkar,Sapudi,Jawa Timur,kendaraan,Kendaraan,20,Golongan VII,vehicle,GOL VII,"Truk tronton / tangki, kereta penarik kendaraan berat dengan Panjang 10-12m",2,inactive
5641004,564,Jangkar,Jawa Timur,Jangkar,Sapudi,Jawa Timur,kendaraan,Kendaraan,21,Golongan VIII,vehicle,GOL VIII,"Truk tronton / tangki, kereta penarik kendaraan berat dengan Panjang lebih dari 12-16m",2,inactive
5641004,564,Jangkar,Jawa Timur,Jangkar,Sapudi,Jawa Timur,kendaraan,Kendaraan,22,Golongan IX,vehicle,GOL IX,"Truk tronton / tangki, kereta penarik kendaraan berat dengan Panjang lebih dari 16m & Alat Berat",2,inactive
3002,3,Jepara,Jawa Tengah,Jepara,Karimun Jawa,Jawa Tengah,pejalan-kaki,Pejalan Kaki,7,Dewasa Ekonomi,passenger,DEWASA,>2 Tahun,10,Inactive
3002,3,Jepara,Jawa Tengah,Jepara,Karimun Jawa,Jawa Tengah,pejalan-kaki,Pejalan Kaki,5,Dewasa Bisnis I,passenger,DEWASA,>2 Tahun,10,Inactive
3002,3,Jepara,Jawa Tengah,Jepara,Karimun Jawa,Jawa Tengah,pejalan-kaki,Pejalan Kaki,9,Bayi Ekonomi,passenger,BAYI,0 - 2 Tahun,10,Inactive
3002,3,Jepara,Jawa Tengah,Jepara,Karimun Jawa,Jawa Tengah,pejalan-kaki,Pejalan Kaki,517,Tenaga Kesehatan,passenger,DEWASA,Golonga  khusus tenaga kesehatan,10,Inactive
3002,3,Jepara,Jawa Tengah,Jepara,Karimun Jawa,Jawa Tengah,pejalan-kaki,Pejalan Kaki,504,Bayi Bisnis,passenger,BAYI,0 - 2 Tahun,10,Inactive
3002,3,Jepara,Jawa Tengah,Jepara,Karimun Jawa,Jawa Tengah,kendaraan,Kendaraan,11,Golongan I,vehicle,GOL I,Sepeda Gayuh,1,inactive
3002,3,Jepara,Jawa Tengah,Jepara,Karimun Jawa,Jawa Tengah,kendaraan,Kendaraan,12,Golongan II ,vehicle,GOL II,Sepeda motor roda 2 di bawah 500 cc & gerobak dorong,2,inactive
3002,3,Jepara,Jawa Tengah,Jepara,Karimun Jawa,Jawa Tengah,kendaraan,Kendaraan,13,Golongan III,vehicle,GOL III,Sepeda motor besar lebih dari (500 cc) & Sepeda motor roda 3,2,inactive
3002,3,Jepara,Jawa Tengah,Jepara,Karimun Jawa,Jawa Tengah,kendaraan,Kendaraan,14,Golongan IV - Penumpang,vehicle,GOL IV A,"Kendaraan penumpang roda 4 (sedan, jeep dan sejenisnya dengan panjang maks 5Meter)",7,inactive
3002,3,Jepara,Jawa Tengah,Jepara,Karimun Jawa,Jawa Tengah,kendaraan,Kendaraan,15,Golongan IV - Barang,vehicle,GOL IV B,Kendaraan penumpang roda 4 (pickup sejenis dengan bak / boks panjang maks 5Meter),5,inactive
3002,3,Jepara,Jawa Tengah,Jepara,Karimun Jawa,Jawa Tengah,kendaraan,Kendaraan,16,Golongan V - Penumpang,vehicle,GOL V A,Kendaraan penumpang (minibus/elf sejenis dengan panjang lebih dari 5-7Meter),16,inactive
3002,3,Jepara,Jawa Tengah,Jepara,Karimun Jawa,Jawa Tengah,kendaraan,Kendaraan,17,Golongan V - Barang,vehicle,GOL V B,Kendaraan barang (dengan bak/boks dan tangki sejenis dengan panjang lebih dari 5-7Meter),2,inactive
3002,3,Jepara,Jawa Tengah,Jepara,Karimun Jawa,Jawa Tengah,kendaraan,Kendaraan,18,Golongan VI - Penumpang,vehicle,GOL VI A,Kendaraan penumpang (bus dengan panjang lebih dari 7-10Meter),32,inactive
3002,3,Jepara,Jawa Tengah,Jepara,Karimun Jawa,Jawa Tengah,kendaraan,Kendaraan,19,Golongan VI - Barang,vehicle,GOL VI B,Kendaraan barang (dengan bak/boks dan tangki sejenis dengan panjang lebih dari 7-10m),2,inactive
3002,3,Jepara,Jawa Tengah,Jepara,Karimun Jawa,Jawa Tengah,kendaraan,Kendaraan,20,Golongan VII,vehicle,GOL VII,"Truk tronton / tangki, kereta penarik kendaraan berat dengan Panjang 10-12m",2,inactive
3002,3,Jepara,Jawa Tengah,Jepara,Karimun Jawa,Jawa Tengah,kendaraan,Kendaraan,21,Golongan VIII,vehicle,GOL VIII,"Truk tronton / tangki, kereta penarik kendaraan berat dengan Panjang lebih dari 12-16m",2,inactive
3002,3,Jepara,Jawa Tengah,Jepara,Karimun Jawa,Jawa Tengah,kendaraan,Kendaraan,22,Golongan IX,vehicle,GOL IX,"Truk tronton / tangki, kereta penarik kendaraan berat dengan Panjang lebih dari 16m & Alat Berat",2,inactive
3002,3,Jepara,Jawa Tengah,Jepara,Karimun Jawa,Jawa Tengah,kendaraan,Kendaraan,518,Ambulance,vehicle,GOL IV B,Kendaraan Ambulance,0,inactive
3002,3,Jepara,Jawa Tengah,Jepara,Karimun Jawa,Jawa Tengah,kendaraan,Kendaraan,519,Kendaraan Badan Penanggulangan Bencana Daerah,vehicle,GOL IV B,Kendaraan khusus SAR Daerah,0,inactive
5417,174,Kalabahi,Nusa Tenggara Timur,Kalabahi,Adonara,Nusa Tenggara Timur,pejalan-kaki,Pejalan Kaki,7,Dewasa Ekonomi,passenger,DEWASA,>2 Tahun,10,Inactive
5417,174,Kalabahi,Nusa Tenggara Timur,Kalabahi,Adonara,Nusa Tenggara Timur,pejalan-kaki,Pejalan Kaki,5,Dewasa Bisnis I,passenger,DEWASA,>2 Tahun,10,Inactive
5417,174,Kalabahi,Nusa Tenggara Timur,Kalabahi,Adonara,Nusa Tenggara Timur,pejalan-kaki,Pejalan Kaki,8,Anak - Anak Ekonomi,passenger,ANAK,2 - 5 Tahun,10,Inactive
5417,174,Kalabahi,Nusa Tenggara Timur,Kalabahi,Adonara,Nusa Tenggara Timur,kendaraan,Kendaraan,11,Golongan I,vehicle,GOL I,Sepeda Gayuh,1,inactive
5417,174,Kalabahi,Nusa Tenggara Timur,Kalabahi,Adonara,Nusa Tenggara Timur,kendaraan,Kendaraan,12,Golongan II ,vehicle,GOL II,Sepeda motor roda 2 di bawah 500 cc & gerobak dorong,2,inactive
5417,174,Kalabahi,Nusa Tenggara Timur,Kalabahi,Adonara,Nusa Tenggara Timur,kendaraan,Kendaraan,13,Golongan III,vehicle,GOL III,Sepeda motor besar lebih dari (500 cc) & Sepeda motor roda 3,2,inactive
5417,174,Kalabahi,Nusa Tenggara Timur,Kalabahi,Adonara,Nusa Tenggara Timur,kendaraan,Kendaraan,14,Golongan IV - Penumpang,vehicle,GOL IV A,"Kendaraan penumpang roda 4 (sedan, jeep dan sejenisnya dengan panjang maks 5Meter)",7,inactive
5417,174,Kalabahi,Nusa Tenggara Timur,Kalabahi,Adonara,Nusa Tenggara Timur,kendaraan,Kendaraan,15,Golongan IV - Barang,vehicle,GOL IV B,Kendaraan penumpang roda 4 (pickup sejenis dengan bak / boks panjang maks 5Meter),5,inactive
5417,174,Kalabahi,Nusa Tenggara Timur,Kalabahi,Adonara,Nusa Tenggara Timur,kendaraan,Kendaraan,16,Golongan V - Penumpang,vehicle,GOL V A,Kendaraan penumpang (minibus/elf sejenis dengan panjang lebih dari 5-7Meter),16,inactive
5417,174,Kalabahi,Nusa Tenggara Timur,Kalabahi,Adonara,Nusa Tenggara Timur,kendaraan,Kendaraan,17,Golongan V - Barang,vehicle,GOL V B,Kendaraan barang (dengan bak/boks dan tangki sejenis dengan panjang lebih dari 5-7Meter),2,inactive
5417,174,Kalabahi,Nusa Tenggara Timur,Kalabahi,Adonara,Nusa Tenggara Timur,kendaraan,Kendaraan,18,Golongan VI - Penumpang,vehicle,GOL VI A,Kendaraan penumpang (bus dengan panjang lebih dari 7-10Meter),32,inactive
5417,174,Kalabahi,Nusa Tenggara Timur,Kalabahi,Adonara,Nusa Tenggara Timur,kendaraan,Kendaraan,19,Golongan VI - Barang,vehicle,GOL VI B,Kendaraan barang (dengan bak/boks dan tangki sejenis dengan panjang lebih dari 7-10m),2,inactive
5417,174,Kalabahi,Nusa Tenggara Timur,Kalabahi,Adonara,Nusa Tenggara Timur,kendaraan,Kendaraan,20,Golongan VII,vehicle,GOL VII,"Truk tronton / tangki, kereta penarik kendaraan berat dengan Panjang 10-12m",2,inactive
5417,174,Kalabahi,Nusa Tenggara Timur,Kalabahi,Adonara,Nusa Tenggara Timur,kendaraan,Kendaraan,21,Golongan VIII,vehicle,GOL VIII,"Truk tronton / tangki, kereta penarik kendaraan berat dengan Panjang lebih dari 12-16m",2,inactive
5417,174,Kalabahi,Nusa Tenggara Timur,Kalabahi,Adonara,Nusa Tenggara Timur,kendaraan,Kendaraan,22,Golongan IX,vehicle,GOL IX,"Truk tronton / tangki, kereta penarik kendaraan berat dengan Panjang lebih dari 16m & Alat Berat",2,inactive
5471,174,Kalabahi,Nusa Tenggara Timur,Kalabahi,Bakalang,Nusa Tenggara Timur,pejalan-kaki,Pejalan Kaki,7,Dewasa Ekonomi,passenger,DEWASA,>2 Tahun,10,Inactive
5471,174,Kalabahi,Nusa Tenggara Timur,Kalabahi,Bakalang,Nusa Tenggara Timur,pejalan-kaki,Pejalan Kaki,8,Anak - Anak Ekonomi,passenger,ANAK,2 - 5 Tahun,10,Inactive
5471,174,Kalabahi,Nusa Tenggara Timur,Kalabahi,Bakalang,Nusa Tenggara Timur,kendaraan,Kendaraan,11,Golongan I,vehicle,GOL I,Sepeda Gayuh,1,inactive
5471,174,Kalabahi,Nusa Tenggara Timur,Kalabahi,Bakalang,Nusa Tenggara Timur,kendaraan,Kendaraan,12,Golongan II ,vehicle,GOL II,Sepeda motor roda 2 di bawah 500 cc & gerobak dorong,2,inactive
5471,174,Kalabahi,Nusa Tenggara Timur,Kalabahi,Bakalang,Nusa Tenggara Timur,kendaraan,Kendaraan,13,Golongan III,vehicle,GOL III,Sepeda motor besar lebih dari (500 cc) & Sepeda motor roda 3,2,inactive
5471,174,Kalabahi,Nusa Tenggara Timur,Kalabahi,Bakalang,Nusa Tenggara Timur,kendaraan,Kendaraan,14,Golongan IV - Penumpang,vehicle,GOL IV A,"Kendaraan penumpang roda 4 (sedan, jeep dan sejenisnya dengan panjang maks 5Meter)",7,inactive
5471,174,Kalabahi,Nusa Tenggara Timur,Kalabahi,Bakalang,Nusa Tenggara Timur,kendaraan,Kendaraan,15,Golongan IV - Barang,vehicle,GOL IV B,Kendaraan penumpang roda 4 (pickup sejenis dengan bak / boks panjang maks 5Meter),5,inactive
5471,174,Kalabahi,Nusa Tenggara Timur,Kalabahi,Bakalang,Nusa Tenggara Timur,kendaraan,Kendaraan,16,Golongan V - Penumpang,vehicle,GOL V A,Kendaraan penumpang (minibus/elf sejenis dengan panjang lebih dari 5-7Meter),16,inactive
5471,174,Kalabahi,Nusa Tenggara Timur,Kalabahi,Bakalang,Nusa Tenggara Timur,kendaraan,Kendaraan,17,Golongan V - Barang,vehicle,GOL V B,Kendaraan barang (dengan bak/boks dan tangki sejenis dengan panjang lebih dari 5-7Meter),2,inactive
5471,174,Kalabahi,Nusa Tenggara Timur,Kalabahi,Bakalang,Nusa Tenggara Timur,kendaraan,Kendaraan,18,Golongan VI - Penumpang,vehicle,GOL VI A,Kendaraan penumpang (bus dengan panjang lebih dari 7-10Meter),32,inactive
5471,174,Kalabahi,Nusa Tenggara Timur,Kalabahi,Bakalang,Nusa Tenggara Timur,kendaraan,Kendaraan,19,Golongan VI - Barang,vehicle,GOL VI B,Kendaraan barang (dengan bak/boks dan tangki sejenis dengan panjang lebih dari 7-10m),2,inactive
5471,174,Kalabahi,Nusa Tenggara Timur,Kalabahi,Bakalang,Nusa Tenggara Timur,kendaraan,Kendaraan,20,Golongan VII,vehicle,GOL VII,"Truk tronton / tangki, kereta penarik kendaraan berat dengan Panjang 10-12m",2,inactive
5471,174,Kalabahi,Nusa Tenggara Timur,Kalabahi,Bakalang,Nusa Tenggara Timur,kendaraan,Kendaraan,21,Golongan VIII,vehicle,GOL VIII,"Truk tronton / tangki, kereta penarik kendaraan berat dengan Panjang lebih dari 12-16m",2,inactive
5471,174,Kalabahi,Nusa Tenggara Timur,Kalabahi,Bakalang,Nusa Tenggara Timur,kendaraan,Kendaraan,22,Golongan IX,vehicle,GOL IX,"Truk tronton / tangki, kereta penarik kendaraan berat dengan Panjang lebih dari 16m & Alat Berat",2,inactive
5438,174,Kalabahi,Nusa Tenggara Timur,Kalabahi,Baranusa,Nusa Tenggara Timur,pejalan-kaki,Pejalan Kaki,7,Dewasa Ekonomi,passenger,DEWASA,>2 Tahun,10,Inactive
5438,174,Kalabahi,Nusa Tenggara Timur,Kalabahi,Baranusa,Nusa Tenggara Timur,pejalan-kaki,Pejalan Kaki,8,Anak - Anak Ekonomi,passenger,ANAK,2 - 5 Tahun,10,Inactive
5438,174,Kalabahi,Nusa Tenggara Timur,Kalabahi,Baranusa,Nusa Tenggara Timur,kendaraan,Kendaraan,11,Golongan I,vehicle,GOL I,Sepeda Gayuh,1,inactive
5438,174,Kalabahi,Nusa Tenggara Timur,Kalabahi,Baranusa,Nusa Tenggara Timur,kendaraan,Kendaraan,12,Golongan II ,vehicle,GOL II,Sepeda motor roda 2 di bawah 500 cc & gerobak dorong,2,inactive
5438,174,Kalabahi,Nusa Tenggara Timur,Kalabahi,Baranusa,Nusa Tenggara Timur,kendaraan,Kendaraan,13,Golongan III,vehicle,GOL III,Sepeda motor besar lebih dari (500 cc) & Sepeda motor roda 3,2,inactive
5438,174,Kalabahi,Nusa Tenggara Timur,Kalabahi,Baranusa,Nusa Tenggara Timur,kendaraan,Kendaraan,14,Golongan IV - Penumpang,vehicle,GOL IV A,"Kendaraan penumpang roda 4 (sedan, jeep dan sejenisnya dengan panjang maks 5Meter)",7,inactive
5438,174,Kalabahi,Nusa Tenggara Timur,Kalabahi,Baranusa,Nusa Tenggara Timur,kendaraan,Kendaraan,15,Golongan IV - Barang,vehicle,GOL IV B,Kendaraan penumpang roda 4 (pickup sejenis dengan bak / boks panjang maks 5Meter),5,inactive
5438,174,Kalabahi,Nusa Tenggara Timur,Kalabahi,Baranusa,Nusa Tenggara Timur,kendaraan,Kendaraan,16,Golongan V - Penumpang,vehicle,GOL V A,Kendaraan penumpang (minibus/elf sejenis dengan panjang lebih dari 5-7Meter),16,inactive
5438,174,Kalabahi,Nusa Tenggara Timur,Kalabahi,Baranusa,Nusa Tenggara Timur,kendaraan,Kendaraan,17,Golongan V - Barang,vehicle,GOL V B,Kendaraan barang (dengan bak/boks dan tangki sejenis dengan panjang lebih dari 5-7Meter),2,inactive
5438,174,Kalabahi,Nusa Tenggara Timur,Kalabahi,Baranusa,Nusa Tenggara Timur,kendaraan,Kendaraan,18,Golongan VI - Penumpang,vehicle,GOL VI A,Kendaraan penumpang (bus dengan panjang lebih dari 7-10Meter),32,inactive
5438,174,Kalabahi,Nusa Tenggara Timur,Kalabahi,Baranusa,Nusa Tenggara Timur,kendaraan,Kendaraan,19,Golongan VI - Barang,vehicle,GOL VI B,Kendaraan barang (dengan bak/boks dan tangki sejenis dengan panjang lebih dari 7-10m),2,inactive
5438,174,Kalabahi,Nusa Tenggara Timur,Kalabahi,Baranusa,Nusa Tenggara Timur,kendaraan,Kendaraan,20,Golongan VII,vehicle,GOL VII,"Truk tronton / tangki, kereta penarik kendaraan berat dengan Panjang 10-12m",2,inactive
5438,174,Kalabahi,Nusa Tenggara Timur,Kalabahi,Baranusa,Nusa Tenggara Timur,kendaraan,Kendaraan,21,Golongan VIII,vehicle,GOL VIII,"Truk tronton / tangki, kereta penarik kendaraan berat dengan Panjang lebih dari 12-16m",2,inactive
5438,174,Kalabahi,Nusa Tenggara Timur,Kalabahi,Baranusa,Nusa Tenggara Timur,kendaraan,Kendaraan,22,Golongan IX,vehicle,GOL IX,"Truk tronton / tangki, kereta penarik kendaraan berat dengan Panjang lebih dari 16m & Alat Berat",2,inactive
5409,174,Kalabahi,Nusa Tenggara Timur,Kalabahi,Kupang,Nusa Tenggara Timur,pejalan-kaki,Pejalan Kaki,7,Dewasa Ekonomi,passenger,DEWASA,>2 Tahun,10,Inactive
5409,174,Kalabahi,Nusa Tenggara Timur,Kalabahi,Kupang,Nusa Tenggara Timur,pejalan-kaki,Pejalan Kaki,5,Dewasa Bisnis I,passenger,DEWASA,>2 Tahun,10,Inactive
5409,174,Kalabahi,Nusa Tenggara Timur,Kalabahi,Kupang,Nusa Tenggara Timur,pejalan-kaki,Pejalan Kaki,8,Anak - Anak Ekonomi,passenger,ANAK,2 - 5 Tahun,10,Inactive
5409,174,Kalabahi,Nusa Tenggara Timur,Kalabahi,Kupang,Nusa Tenggara Timur,pejalan-kaki,Pejalan Kaki,6,Anak - Anak Bisnis I,passenger,ANAK,2 - 5 Tahun,10,Inactive
5409,174,Kalabahi,Nusa Tenggara Timur,Kalabahi,Kupang,Nusa Tenggara Timur,kendaraan,Kendaraan,11,Golongan I,vehicle,GOL I,Sepeda Gayuh,1,inactive
5409,174,Kalabahi,Nusa Tenggara Timur,Kalabahi,Kupang,Nusa Tenggara Timur,kendaraan,Kendaraan,12,Golongan II ,vehicle,GOL II,Sepeda motor roda 2 di bawah 500 cc & gerobak dorong,2,inactive
5409,174,Kalabahi,Nusa Tenggara Timur,Kalabahi,Kupang,Nusa Tenggara Timur,kendaraan,Kendaraan,13,Golongan III,vehicle,GOL III,Sepeda motor besar lebih dari (500 cc) & Sepeda motor roda 3,2,inactive
5409,174,Kalabahi,Nusa Tenggara Timur,Kalabahi,Kupang,Nusa Tenggara Timur,kendaraan,Kendaraan,14,Golongan IV - Penumpang,vehicle,GOL IV A,"Kendaraan penumpang roda 4 (sedan, jeep dan sejenisnya dengan panjang maks 5Meter)",7,inactive
5409,174,Kalabahi,Nusa Tenggara Timur,Kalabahi,Kupang,Nusa Tenggara Timur,kendaraan,Kendaraan,15,Golongan IV - Barang,vehicle,GOL IV B,Kendaraan penumpang roda 4 (pickup sejenis dengan bak / boks panjang maks 5Meter),5,inactive
5409,174,Kalabahi,Nusa Tenggara Timur,Kalabahi,Kupang,Nusa Tenggara Timur,kendaraan,Kendaraan,16,Golongan V - Penumpang,vehicle,GOL V A,Kendaraan penumpang (minibus/elf sejenis dengan panjang lebih dari 5-7Meter),16,inactive
5409,174,Kalabahi,Nusa Tenggara Timur,Kalabahi,Kupang,Nusa Tenggara Timur,kendaraan,Kendaraan,17,Golongan V - Barang,vehicle,GOL V B,Kendaraan barang (dengan bak/boks dan tangki sejenis dengan panjang lebih dari 5-7Meter),2,inactive
5409,174,Kalabahi,Nusa Tenggara Timur,Kalabahi,Kupang,Nusa Tenggara Timur,kendaraan,Kendaraan,18,Golongan VI - Penumpang,vehicle,GOL VI A,Kendaraan penumpang (bus dengan panjang lebih dari 7-10Meter),32,inactive
5409,174,Kalabahi,Nusa Tenggara Timur,Kalabahi,Kupang,Nusa Tenggara Timur,kendaraan,Kendaraan,19,Golongan VI - Barang,vehicle,GOL VI B,Kendaraan barang (dengan bak/boks dan tangki sejenis dengan panjang lebih dari 7-10m),2,inactive
5409,174,Kalabahi,Nusa Tenggara Timur,Kalabahi,Kupang,Nusa Tenggara Timur,kendaraan,Kendaraan,20,Golongan VII,vehicle,GOL VII,"Truk tronton / tangki, kereta penarik kendaraan berat dengan Panjang 10-12m",2,inactive
5409,174,Kalabahi,Nusa Tenggara Timur,Kalabahi,Kupang,Nusa Tenggara Timur,kendaraan,Kendaraan,21,Golongan VIII,vehicle,GOL VIII,"Truk tronton / tangki, kereta penarik kendaraan berat dengan Panjang lebih dari 12-16m",2,inactive
5409,174,Kalabahi,Nusa Tenggara Timur,Kalabahi,Kupang,Nusa Tenggara Timur,kendaraan,Kendaraan,22,Golongan IX,vehicle,GOL IX,"Truk tronton / tangki, kereta penarik kendaraan berat dengan Panjang lebih dari 16m & Alat Berat",2,inactive
5426,174,Kalabahi,Nusa Tenggara Timur,Kalabahi,Larantuka,Nusa Tenggara Timur,pejalan-kaki,Pejalan Kaki,7,Dewasa Ekonomi,passenger,DEWASA,>2 Tahun,10,Inactive
5426,174,Kalabahi,Nusa Tenggara Timur,Kalabahi,Larantuka,Nusa Tenggara Timur,pejalan-kaki,Pejalan Kaki,8,Anak - Anak Ekonomi,passenger,ANAK,2 - 5 Tahun,10,Inactive
5426,174,Kalabahi,Nusa Tenggara Timur,Kalabahi,Larantuka,Nusa Tenggara Timur,kendaraan,Kendaraan,11,Golongan I,vehicle,GOL I,Sepeda Gayuh,1,inactive
5426,174,Kalabahi,Nusa Tenggara Timur,Kalabahi,Larantuka,Nusa Tenggara Timur,kendaraan,Kendaraan,12,Golongan II ,vehicle,GOL II,Sepeda motor roda 2 di bawah 500 cc & gerobak dorong,2,inactive
5426,174,Kalabahi,Nusa Tenggara Timur,Kalabahi,Larantuka,Nusa Tenggara Timur,kendaraan,Kendaraan,13,Golongan III,vehicle,GOL III,Sepeda motor besar lebih dari (500 cc) & Sepeda motor roda 3,2,inactive
5426,174,Kalabahi,Nusa Tenggara Timur,Kalabahi,Larantuka,Nusa Tenggara Timur,kendaraan,Kendaraan,14,Golongan IV - Penumpang,vehicle,GOL IV A,"Kendaraan penumpang roda 4 (sedan, jeep dan sejenisnya dengan panjang maks 5Meter)",7,inactive
5426,174,Kalabahi,Nusa Tenggara Timur,Kalabahi,Larantuka,Nusa Tenggara Timur,kendaraan,Kendaraan,15,Golongan IV - Barang,vehicle,GOL IV B,Kendaraan penumpang roda 4 (pickup sejenis dengan bak / boks panjang maks 5Meter),5,inactive
5426,174,Kalabahi,Nusa Tenggara Timur,Kalabahi,Larantuka,Nusa Tenggara Timur,kendaraan,Kendaraan,16,Golongan V - Penumpang,vehicle,GOL V A,Kendaraan penumpang (minibus/elf sejenis dengan panjang lebih dari 5-7Meter),16,inactive
5426,174,Kalabahi,Nusa Tenggara Timur,Kalabahi,Larantuka,Nusa Tenggara Timur,kendaraan,Kendaraan,17,Golongan V - Barang,vehicle,GOL V B,Kendaraan barang (dengan bak/boks dan tangki sejenis dengan panjang lebih dari 5-7Meter),2,inactive
5426,174,Kalabahi,Nusa Tenggara Timur,Kalabahi,Larantuka,Nusa Tenggara Timur,kendaraan,Kendaraan,18,Golongan VI - Penumpang,vehicle,GOL VI A,Kendaraan penumpang (bus dengan panjang lebih dari 7-10Meter),32,inactive
5426,174,Kalabahi,Nusa Tenggara Timur,Kalabahi,Larantuka,Nusa Tenggara Timur,kendaraan,Kendaraan,19,Golongan VI - Barang,vehicle,GOL VI B,Kendaraan barang (dengan bak/boks dan tangki sejenis dengan panjang lebih dari 7-10m),2,inactive
5426,174,Kalabahi,Nusa Tenggara Timur,Kalabahi,Larantuka,Nusa Tenggara Timur,kendaraan,Kendaraan,20,Golongan VII,vehicle,GOL VII,"Truk tronton / tangki, kereta penarik kendaraan berat dengan Panjang 10-12m",2,inactive
5426,174,Kalabahi,Nusa Tenggara Timur,Kalabahi,Larantuka,Nusa Tenggara Timur,kendaraan,Kendaraan,21,Golongan VIII,vehicle,GOL VIII,"Truk tronton / tangki, kereta penarik kendaraan berat dengan Panjang lebih dari 12-16m",2,inactive
5426,174,Kalabahi,Nusa Tenggara Timur,Kalabahi,Larantuka,Nusa Tenggara Timur,kendaraan,Kendaraan,22,Golongan IX,vehicle,GOL IX,"Truk tronton / tangki, kereta penarik kendaraan berat dengan Panjang lebih dari 16m & Alat Berat",2,inactive
5437,174,Kalabahi,Nusa Tenggara Timur,Kalabahi,Lewoleba,Nusa Tenggara Timur,pejalan-kaki,Pejalan Kaki,7,Dewasa Ekonomi,passenger,DEWASA,>2 Tahun,10,Inactive
5437,174,Kalabahi,Nusa Tenggara Timur,Kalabahi,Lewoleba,Nusa Tenggara Timur,pejalan-kaki,Pejalan Kaki,8,Anak - Anak Ekonomi,passenger,ANAK,2 - 5 Tahun,10,Inactive
5437,174,Kalabahi,Nusa Tenggara Timur,Kalabahi,Lewoleba,Nusa Tenggara Timur,kendaraan,Kendaraan,11,Golongan I,vehicle,GOL I,Sepeda Gayuh,1,inactive
5437,174,Kalabahi,Nusa Tenggara Timur,Kalabahi,Lewoleba,Nusa Tenggara Timur,kendaraan,Kendaraan,12,Golongan II ,vehicle,GOL II,Sepeda motor roda 2 di bawah 500 cc & gerobak dorong,2,inactive
5437,174,Kalabahi,Nusa Tenggara Timur,Kalabahi,Lewoleba,Nusa Tenggara Timur,kendaraan,Kendaraan,13,Golongan III,vehicle,GOL III,Sepeda motor besar lebih dari (500 cc) & Sepeda motor roda 3,2,inactive
5437,174,Kalabahi,Nusa Tenggara Timur,Kalabahi,Lewoleba,Nusa Tenggara Timur,kendaraan,Kendaraan,14,Golongan IV - Penumpang,vehicle,GOL IV A,"Kendaraan penumpang roda 4 (sedan, jeep dan sejenisnya dengan panjang maks 5Meter)",7,inactive
5437,174,Kalabahi,Nusa Tenggara Timur,Kalabahi,Lewoleba,Nusa Tenggara Timur,kendaraan,Kendaraan,15,Golongan IV - Barang,vehicle,GOL IV B,Kendaraan penumpang roda 4 (pickup sejenis dengan bak / boks panjang maks 5Meter),5,inactive
5437,174,Kalabahi,Nusa Tenggara Timur,Kalabahi,Lewoleba,Nusa Tenggara Timur,kendaraan,Kendaraan,16,Golongan V - Penumpang,vehicle,GOL V A,Kendaraan penumpang (minibus/elf sejenis dengan panjang lebih dari 5-7Meter),16,inactive
5437,174,Kalabahi,Nusa Tenggara Timur,Kalabahi,Lewoleba,Nusa Tenggara Timur,kendaraan,Kendaraan,17,Golongan V - Barang,vehicle,GOL V B,Kendaraan barang (dengan bak/boks dan tangki sejenis dengan panjang lebih dari 5-7Meter),2,inactive
5437,174,Kalabahi,Nusa Tenggara Timur,Kalabahi,Lewoleba,Nusa Tenggara Timur,kendaraan,Kendaraan,18,Golongan VI - Penumpang,vehicle,GOL VI A,Kendaraan penumpang (bus dengan panjang lebih dari 7-10Meter),32,inactive
5437,174,Kalabahi,Nusa Tenggara Timur,Kalabahi,Lewoleba,Nusa Tenggara Timur,kendaraan,Kendaraan,19,Golongan VI - Barang,vehicle,GOL VI B,Kendaraan barang (dengan bak/boks dan tangki sejenis dengan panjang lebih dari 7-10m),2,inactive
5437,174,Kalabahi,Nusa Tenggara Timur,Kalabahi,Lewoleba,Nusa Tenggara Timur,kendaraan,Kendaraan,20,Golongan VII,vehicle,GOL VII,"Truk tronton / tangki, kereta penarik kendaraan berat dengan Panjang 10-12m",2,inactive
5437,174,Kalabahi,Nusa Tenggara Timur,Kalabahi,Lewoleba,Nusa Tenggara Timur,kendaraan,Kendaraan,21,Golongan VIII,vehicle,GOL VIII,"Truk tronton / tangki, kereta penarik kendaraan berat dengan Panjang lebih dari 12-16m",2,inactive
5437,174,Kalabahi,Nusa Tenggara Timur,Kalabahi,Lewoleba,Nusa Tenggara Timur,kendaraan,Kendaraan,22,Golongan IX,vehicle,GOL IX,"Truk tronton / tangki, kereta penarik kendaraan berat dengan Panjang lebih dari 16m & Alat Berat",2,inactive
174531,174,Kalabahi,Nusa Tenggara Timur,Kalabahi,Pura,Nusa Tenggara Timur,pejalan-kaki,Pejalan Kaki,7,Dewasa Ekonomi,passenger,DEWASA,>2 Tahun,10,Inactive
174531,174,Kalabahi,Nusa Tenggara Timur,Kalabahi,Pura,Nusa Tenggara Timur,pejalan-kaki,Pejalan Kaki,8,Anak - Anak Ekonomi,passenger,ANAK,2 - 5 Tahun,10,Inactive
174531,174,Kalabahi,Nusa Tenggara Timur,Kalabahi,Pura,Nusa Tenggara Timur,kendaraan,Kendaraan,11,Golongan I,vehicle,GOL I,Sepeda Gayuh,1,inactive
174531,174,Kalabahi,Nusa Tenggara Timur,Kalabahi,Pura,Nusa Tenggara Timur,kendaraan,Kendaraan,12,Golongan II ,vehicle,GOL II,Sepeda motor roda 2 di bawah 500 cc & gerobak dorong,2,inactive
174531,174,Kalabahi,Nusa Tenggara Timur,Kalabahi,Pura,Nusa Tenggara Timur,kendaraan,Kendaraan,13,Golongan III,vehicle,GOL III,Sepeda motor besar lebih dari (500 cc) & Sepeda motor roda 3,2,inactive
174531,174,Kalabahi,Nusa Tenggara Timur,Kalabahi,Pura,Nusa Tenggara Timur,kendaraan,Kendaraan,14,Golongan IV - Penumpang,vehicle,GOL IV A,"Kendaraan penumpang roda 4 (sedan, jeep dan sejenisnya dengan panjang maks 5Meter)",7,inactive
174531,174,Kalabahi,Nusa Tenggara Timur,Kalabahi,Pura,Nusa Tenggara Timur,kendaraan,Kendaraan,15,Golongan IV - Barang,vehicle,GOL IV B,Kendaraan penumpang roda 4 (pickup sejenis dengan bak / boks panjang maks 5Meter),5,inactive
174531,174,Kalabahi,Nusa Tenggara Timur,Kalabahi,Pura,Nusa Tenggara Timur,kendaraan,Kendaraan,16,Golongan V - Penumpang,vehicle,GOL V A,Kendaraan penumpang (minibus/elf sejenis dengan panjang lebih dari 5-7Meter),16,inactive
174531,174,Kalabahi,Nusa Tenggara Timur,Kalabahi,Pura,Nusa Tenggara Timur,kendaraan,Kendaraan,17,Golongan V - Barang,vehicle,GOL V B,Kendaraan barang (dengan bak/boks dan tangki sejenis dengan panjang lebih dari 5-7Meter),2,inactive
174531,174,Kalabahi,Nusa Tenggara Timur,Kalabahi,Pura,Nusa Tenggara Timur,kendaraan,Kendaraan,18,Golongan VI - Penumpang,vehicle,GOL VI A,Kendaraan penumpang (bus dengan panjang lebih dari 7-10Meter),32,inactive
174531,174,Kalabahi,Nusa Tenggara Timur,Kalabahi,Pura,Nusa Tenggara Timur,kendaraan,Kendaraan,19,Golongan VI - Barang,vehicle,GOL VI B,Kendaraan barang (dengan bak/boks dan tangki sejenis dengan panjang lebih dari 7-10m),2,inactive
174531,174,Kalabahi,Nusa Tenggara Timur,Kalabahi,Pura,Nusa Tenggara Timur,kendaraan,Kendaraan,20,Golongan VII,vehicle,GOL VII,"Truk tronton / tangki, kereta penarik kendaraan berat dengan Panjang 10-12m",2,inactive
174531,174,Kalabahi,Nusa Tenggara Timur,Kalabahi,Pura,Nusa Tenggara Timur,kendaraan,Kendaraan,21,Golongan VIII,vehicle,GOL VIII,"Truk tronton / tangki, kereta penarik kendaraan berat dengan Panjang lebih dari 12-16m",2,inactive
174531,174,Kalabahi,Nusa Tenggara Timur,Kalabahi,Pura,Nusa Tenggara Timur,kendaraan,Kendaraan,22,Golongan IX,vehicle,GOL IX,"Truk tronton / tangki, kereta penarik kendaraan berat dengan Panjang lebih dari 16m & Alat Berat",2,inactive
5436,174,Kalabahi,Nusa Tenggara Timur,Kalabahi,Solor,Nusa Tenggara Timur,pejalan-kaki,Pejalan Kaki,7,Dewasa Ekonomi,passenger,DEWASA,>2 Tahun,10,Inactive
5436,174,Kalabahi,Nusa Tenggara Timur,Kalabahi,Solor,Nusa Tenggara Timur,pejalan-kaki,Pejalan Kaki,8,Anak - Anak Ekonomi,passenger,ANAK,2 - 5 Tahun,10,Inactive
5436,174,Kalabahi,Nusa Tenggara Timur,Kalabahi,Solor,Nusa Tenggara Timur,kendaraan,Kendaraan,11,Golongan I,vehicle,GOL I,Sepeda Gayuh,1,inactive
5436,174,Kalabahi,Nusa Tenggara Timur,Kalabahi,Solor,Nusa Tenggara Timur,kendaraan,Kendaraan,12,Golongan II ,vehicle,GOL II,Sepeda motor roda 2 di bawah 500 cc & gerobak dorong,2,inactive
5436,174,Kalabahi,Nusa Tenggara Timur,Kalabahi,Solor,Nusa Tenggara Timur,kendaraan,Kendaraan,13,Golongan III,vehicle,GOL III,Sepeda motor besar lebih dari (500 cc) & Sepeda motor roda 3,2,inactive
5436,174,Kalabahi,Nusa Tenggara Timur,Kalabahi,Solor,Nusa Tenggara Timur,kendaraan,Kendaraan,14,Golongan IV - Penumpang,vehicle,GOL IV A,"Kendaraan penumpang roda 4 (sedan, jeep dan sejenisnya dengan panjang maks 5Meter)",7,inactive
5436,174,Kalabahi,Nusa Tenggara Timur,Kalabahi,Solor,Nusa Tenggara Timur,kendaraan,Kendaraan,15,Golongan IV - Barang,vehicle,GOL IV B,Kendaraan penumpang roda 4 (pickup sejenis dengan bak / boks panjang maks 5Meter),5,inactive
5436,174,Kalabahi,Nusa Tenggara Timur,Kalabahi,Solor,Nusa Tenggara Timur,kendaraan,Kendaraan,16,Golongan V - Penumpang,vehicle,GOL V A,Kendaraan penumpang (minibus/elf sejenis dengan panjang lebih dari 5-7Meter),16,inactive
5436,174,Kalabahi,Nusa Tenggara Timur,Kalabahi,Solor,Nusa Tenggara Timur,kendaraan,Kendaraan,17,Golongan V - Barang,vehicle,GOL V B,Kendaraan barang (dengan bak/boks dan tangki sejenis dengan panjang lebih dari 5-7Meter),2,inactive
5436,174,Kalabahi,Nusa Tenggara Timur,Kalabahi,Solor,Nusa Tenggara Timur,kendaraan,Kendaraan,18,Golongan VI - Penumpang,vehicle,GOL VI A,Kendaraan penumpang (bus dengan panjang lebih dari 7-10Meter),32,inactive
5436,174,Kalabahi,Nusa Tenggara Timur,Kalabahi,Solor,Nusa Tenggara Timur,kendaraan,Kendaraan,19,Golongan VI - Barang,vehicle,GOL VI B,Kendaraan barang (dengan bak/boks dan tangki sejenis dengan panjang lebih dari 7-10m),2,inactive
5436,174,Kalabahi,Nusa Tenggara Timur,Kalabahi,Solor,Nusa Tenggara Timur,kendaraan,Kendaraan,20,Golongan VII,vehicle,GOL VII,"Truk tronton / tangki, kereta penarik kendaraan berat dengan Panjang 10-12m",2,inactive
5436,174,Kalabahi,Nusa Tenggara Timur,Kalabahi,Solor,Nusa Tenggara Timur,kendaraan,Kendaraan,21,Golongan VIII,vehicle,GOL VIII,"Truk tronton / tangki, kereta penarik kendaraan berat dengan Panjang lebih dari 12-16m",2,inactive
5436,174,Kalabahi,Nusa Tenggara Timur,Kalabahi,Solor,Nusa Tenggara Timur,kendaraan,Kendaraan,22,Golongan IX,vehicle,GOL IX,"Truk tronton / tangki, kereta penarik kendaraan berat dengan Panjang lebih dari 16m & Alat Berat",2,inactive
5418,174,Kalabahi,Nusa Tenggara Timur,Kalabahi,Teluk Gurita,Nusa Tenggara Timur,pejalan-kaki,Pejalan Kaki,7,Dewasa Ekonomi,passenger,DEWASA,>2 Tahun,10,Inactive
5418,174,Kalabahi,Nusa Tenggara Timur,Kalabahi,Teluk Gurita,Nusa Tenggara Timur,pejalan-kaki,Pejalan Kaki,8,Anak - Anak Ekonomi,passenger,ANAK,2 - 5 Tahun,10,Inactive
5418,174,Kalabahi,Nusa Tenggara Timur,Kalabahi,Teluk Gurita,Nusa Tenggara Timur,kendaraan,Kendaraan,11,Golongan I,vehicle,GOL I,Sepeda Gayuh,1,inactive
5418,174,Kalabahi,Nusa Tenggara Timur,Kalabahi,Teluk Gurita,Nusa Tenggara Timur,kendaraan,Kendaraan,12,Golongan II ,vehicle,GOL II,Sepeda motor roda 2 di bawah 500 cc & gerobak dorong,2,inactive
5418,174,Kalabahi,Nusa Tenggara Timur,Kalabahi,Teluk Gurita,Nusa Tenggara Timur,kendaraan,Kendaraan,13,Golongan III,vehicle,GOL III,Sepeda motor besar lebih dari (500 cc) & Sepeda motor roda 3,2,inactive
5418,174,Kalabahi,Nusa Tenggara Timur,Kalabahi,Teluk Gurita,Nusa Tenggara Timur,kendaraan,Kendaraan,14,Golongan IV - Penumpang,vehicle,GOL IV A,"Kendaraan penumpang roda 4 (sedan, jeep dan sejenisnya dengan panjang maks 5Meter)",7,inactive
5418,174,Kalabahi,Nusa Tenggara Timur,Kalabahi,Teluk Gurita,Nusa Tenggara Timur,kendaraan,Kendaraan,15,Golongan IV - Barang,vehicle,GOL IV B,Kendaraan penumpang roda 4 (pickup sejenis dengan bak / boks panjang maks 5Meter),5,inactive
5418,174,Kalabahi,Nusa Tenggara Timur,Kalabahi,Teluk Gurita,Nusa Tenggara Timur,kendaraan,Kendaraan,16,Golongan V - Penumpang,vehicle,GOL V A,Kendaraan penumpang (minibus/elf sejenis dengan panjang lebih dari 5-7Meter),16,inactive
5418,174,Kalabahi,Nusa Tenggara Timur,Kalabahi,Teluk Gurita,Nusa Tenggara Timur,kendaraan,Kendaraan,17,Golongan V - Barang,vehicle,GOL V B,Kendaraan barang (dengan bak/boks dan tangki sejenis dengan panjang lebih dari 5-7Meter),2,inactive
5418,174,Kalabahi,Nusa Tenggara Timur,Kalabahi,Teluk Gurita,Nusa Tenggara Timur,kendaraan,Kendaraan,18,Golongan VI - Penumpang,vehicle,GOL VI A,Kendaraan penumpang (bus dengan panjang lebih dari 7-10Meter),32,inactive
5418,174,Kalabahi,Nusa Tenggara Timur,Kalabahi,Teluk Gurita,Nusa Tenggara Timur,kendaraan,Kendaraan,19,Golongan VI - Barang,vehicle,GOL VI B,Kendaraan barang (dengan bak/boks dan tangki sejenis dengan panjang lebih dari 7-10m),2,inactive
5418,174,Kalabahi,Nusa Tenggara Timur,Kalabahi,Teluk Gurita,Nusa Tenggara Timur,kendaraan,Kendaraan,20,Golongan VII,vehicle,GOL VII,"Truk tronton / tangki, kereta penarik kendaraan berat dengan Panjang 10-12m",2,inactive
5418,174,Kalabahi,Nusa Tenggara Timur,Kalabahi,Teluk Gurita,Nusa Tenggara Timur,kendaraan,Kendaraan,21,Golongan VIII,vehicle,GOL VIII,"Truk tronton / tangki, kereta penarik kendaraan berat dengan Panjang lebih dari 12-16m",2,inactive
5418,174,Kalabahi,Nusa Tenggara Timur,Kalabahi,Teluk Gurita,Nusa Tenggara Timur,kendaraan,Kendaraan,22,Golongan IX,vehicle,GOL IX,"Truk tronton / tangki, kereta penarik kendaraan berat dengan Panjang lebih dari 16m & Alat Berat",2,inactive
441440,441,Kalianget,Jawa Timur,Kalianget,Jangkar,Jawa Timur,pejalan-kaki,Pejalan Kaki,7,Dewasa Ekonomi,passenger,DEWASA,>2 Tahun,10,Inactive
441440,441,Kalianget,Jawa Timur,Kalianget,Jangkar,Jawa Timur,pejalan-kaki,Pejalan Kaki,5,Dewasa Bisnis I,passenger,DEWASA,>2 Tahun,10,Inactive
441440,441,Kalianget,Jawa Timur,Kalianget,Jangkar,Jawa Timur,pejalan-kaki,Pejalan Kaki,9,Bayi Ekonomi,passenger,BAYI,0 - 2 Tahun,10,Inactive
441440,441,Kalianget,Jawa Timur,Kalianget,Jangkar,Jawa Timur,pejalan-kaki,Pejalan Kaki,504,Bayi Bisnis,passenger,BAYI,0 - 2 Tahun,10,Inactive
441440,441,Kalianget,Jawa Timur,Kalianget,Jangkar,Jawa Timur,pejalan-kaki,Pejalan Kaki,525,SUPLESI BAYI EKONOMI KE BISNIS,passenger,SUPLESI,,0,Inactive
441440,441,Kalianget,Jawa Timur,Kalianget,Jangkar,Jawa Timur,kendaraan,Kendaraan,11,Golongan I,vehicle,GOL I,Sepeda Gayuh,1,inactive
441440,441,Kalianget,Jawa Timur,Kalianget,Jangkar,Jawa Timur,kendaraan,Kendaraan,12,Golongan II ,vehicle,GOL II,Sepeda motor roda 2 di bawah 500 cc & gerobak dorong,2,inactive
441440,441,Kalianget,Jawa Timur,Kalianget,Jangkar,Jawa Timur,kendaraan,Kendaraan,13,Golongan III,vehicle,GOL III,Sepeda motor besar lebih dari (500 cc) & Sepeda motor roda 3,2,inactive
441440,441,Kalianget,Jawa Timur,Kalianget,Jangkar,Jawa Timur,kendaraan,Kendaraan,14,Golongan IV - Penumpang,vehicle,GOL IV A,"Kendaraan penumpang roda 4 (sedan, jeep dan sejenisnya dengan panjang maks 5Meter)",7,inactive
441440,441,Kalianget,Jawa Timur,Kalianget,Jangkar,Jawa Timur,kendaraan,Kendaraan,15,Golongan IV - Barang,vehicle,GOL IV B,Kendaraan penumpang roda 4 (pickup sejenis dengan bak / boks panjang maks 5Meter),5,inactive
441440,441,Kalianget,Jawa Timur,Kalianget,Jangkar,Jawa Timur,kendaraan,Kendaraan,16,Golongan V - Penumpang,vehicle,GOL V A,Kendaraan penumpang (minibus/elf sejenis dengan panjang lebih dari 5-7Meter),16,inactive
441440,441,Kalianget,Jawa Timur,Kalianget,Jangkar,Jawa Timur,kendaraan,Kendaraan,17,Golongan V - Barang,vehicle,GOL V B,Kendaraan barang (dengan bak/boks dan tangki sejenis dengan panjang lebih dari 5-7Meter),2,inactive
441440,441,Kalianget,Jawa Timur,Kalianget,Jangkar,Jawa Timur,kendaraan,Kendaraan,18,Golongan VI - Penumpang,vehicle,GOL VI A,Kendaraan penumpang (bus dengan panjang lebih dari 7-10Meter),32,inactive
441440,441,Kalianget,Jawa Timur,Kalianget,Jangkar,Jawa Timur,kendaraan,Kendaraan,19,Golongan VI - Barang,vehicle,GOL VI B,Kendaraan barang (dengan bak/boks dan tangki sejenis dengan panjang lebih dari 7-10m),2,inactive
441440,441,Kalianget,Jawa Timur,Kalianget,Jangkar,Jawa Timur,kendaraan,Kendaraan,20,Golongan VII,vehicle,GOL VII,"Truk tronton / tangki, kereta penarik kendaraan berat dengan Panjang 10-12m",2,inactive
441440,441,Kalianget,Jawa Timur,Kalianget,Jangkar,Jawa Timur,kendaraan,Kendaraan,21,Golongan VIII,vehicle,GOL VIII,"Truk tronton / tangki, kereta penarik kendaraan berat dengan Panjang lebih dari 12-16m",2,inactive
441440,441,Kalianget,Jawa Timur,Kalianget,Jangkar,Jawa Timur,kendaraan,Kendaraan,22,Golongan IX,vehicle,GOL IX,"Truk tronton / tangki, kereta penarik kendaraan berat dengan Panjang lebih dari 16m & Alat Berat",2,inactive
441442,441,Kalianget,Jawa Timur,Kalianget,Kangean,Jawa Timur,pejalan-kaki,Pejalan Kaki,7,Dewasa Ekonomi,passenger,DEWASA,>2 Tahun,10,Inactive
441442,441,Kalianget,Jawa Timur,Kalianget,Kangean,Jawa Timur,pejalan-kaki,Pejalan Kaki,5,Dewasa Bisnis I,passenger,DEWASA,>2 Tahun,10,Inactive
441442,441,Kalianget,Jawa Timur,Kalianget,Kangean,Jawa Timur,pejalan-kaki,Pejalan Kaki,9,Bayi Ekonomi,passenger,BAYI,0 - 2 Tahun,10,Inactive
441442,441,Kalianget,Jawa Timur,Kalianget,Kangean,Jawa Timur,pejalan-kaki,Pejalan Kaki,8,Anak - Anak Ekonomi,passenger,ANAK,2 - 5 Tahun,10,Inactive
441442,441,Kalianget,Jawa Timur,Kalianget,Kangean,Jawa Timur,pejalan-kaki,Pejalan Kaki,6,Anak - Anak Bisnis I,passenger,ANAK,2 - 5 Tahun,10,Inactive
441442,441,Kalianget,Jawa Timur,Kalianget,Kangean,Jawa Timur,kendaraan,Kendaraan,11,Golongan I,vehicle,GOL I,Sepeda Gayuh,1,inactive
441442,441,Kalianget,Jawa Timur,Kalianget,Kangean,Jawa Timur,kendaraan,Kendaraan,12,Golongan II ,vehicle,GOL II,Sepeda motor roda 2 di bawah 500 cc & gerobak dorong,2,inactive
441442,441,Kalianget,Jawa Timur,Kalianget,Kangean,Jawa Timur,kendaraan,Kendaraan,13,Golongan III,vehicle,GOL III,Sepeda motor besar lebih dari (500 cc) & Sepeda motor roda 3,2,inactive
441442,441,Kalianget,Jawa Timur,Kalianget,Kangean,Jawa Timur,kendaraan,Kendaraan,14,Golongan IV - Penumpang,vehicle,GOL IV A,"Kendaraan penumpang roda 4 (sedan, jeep dan sejenisnya dengan panjang maks 5Meter)",7,inactive
441442,441,Kalianget,Jawa Timur,Kalianget,Kangean,Jawa Timur,kendaraan,Kendaraan,15,Golongan IV - Barang,vehicle,GOL IV B,Kendaraan penumpang roda 4 (pickup sejenis dengan bak / boks panjang maks 5Meter),5,inactive
441442,441,Kalianget,Jawa Timur,Kalianget,Kangean,Jawa Timur,kendaraan,Kendaraan,16,Golongan V - Penumpang,vehicle,GOL V A,Kendaraan penumpang (minibus/elf sejenis dengan panjang lebih dari 5-7Meter),16,inactive
441442,441,Kalianget,Jawa Timur,Kalianget,Kangean,Jawa Timur,kendaraan,Kendaraan,17,Golongan V - Barang,vehicle,GOL V B,Kendaraan barang (dengan bak/boks dan tangki sejenis dengan panjang lebih dari 5-7Meter),2,inactive
441442,441,Kalianget,Jawa Timur,Kalianget,Kangean,Jawa Timur,kendaraan,Kendaraan,18,Golongan VI - Penumpang,vehicle,GOL VI A,Kendaraan penumpang (bus dengan panjang lebih dari 7-10Meter),32,inactive
441442,441,Kalianget,Jawa Timur,Kalianget,Kangean,Jawa Timur,kendaraan,Kendaraan,19,Golongan VI - Barang,vehicle,GOL VI B,Kendaraan barang (dengan bak/boks dan tangki sejenis dengan panjang lebih dari 7-10m),2,inactive
441442,441,Kalianget,Jawa Timur,Kalianget,Kangean,Jawa Timur,kendaraan,Kendaraan,20,Golongan VII,vehicle,GOL VII,"Truk tronton / tangki, kereta penarik kendaraan berat dengan Panjang 10-12m",2,inactive
441442,441,Kalianget,Jawa Timur,Kalianget,Kangean,Jawa Timur,kendaraan,Kendaraan,21,Golongan VIII,vehicle,GOL VIII,"Truk tronton / tangki, kereta penarik kendaraan berat dengan Panjang lebih dari 12-16m",2,inactive
441442,441,Kalianget,Jawa Timur,Kalianget,Kangean,Jawa Timur,kendaraan,Kendaraan,22,Golongan IX,vehicle,GOL IX,"Truk tronton / tangki, kereta penarik kendaraan berat dengan Panjang lebih dari 16m & Alat Berat",2,inactive
23,13,Kamal,Jawa Timur,Kamal,Ujung,Jawa Timur,pejalan-kaki,Pejalan Kaki,7,Dewasa Ekonomi,passenger,DEWASA,>2 Tahun,10,Inactive
23,13,Kamal,Jawa Timur,Kamal,Ujung,Jawa Timur,pejalan-kaki,Pejalan Kaki,9,Bayi Ekonomi,passenger,BAYI,0 - 2 Tahun,10,Inactive
23,13,Kamal,Jawa Timur,Kamal,Ujung,Jawa Timur,pejalan-kaki,Pejalan Kaki,10,TNI/POLRI/Pelajar/Mahasiswa,passenger,TNI,>5 Tahun,10,Inactive
23,13,Kamal,Jawa Timur,Kamal,Ujung,Jawa Timur,kendaraan,Kendaraan,11,Golongan I,vehicle,GOL I,Sepeda Gayuh,1,inactive
23,13,Kamal,Jawa Timur,Kamal,Ujung,Jawa Timur,kendaraan,Kendaraan,12,Golongan II ,vehicle,GOL II,Sepeda motor roda 2 di bawah 500 cc & gerobak dorong,2,inactive
23,13,Kamal,Jawa Timur,Kamal,Ujung,Jawa Timur,kendaraan,Kendaraan,13,Golongan III,vehicle,GOL III,Sepeda motor besar lebih dari (500 cc) & Sepeda motor roda 3,2,inactive
23,13,Kamal,Jawa Timur,Kamal,Ujung,Jawa Timur,kendaraan,Kendaraan,14,Golongan IV - Penumpang,vehicle,GOL IV A,"Kendaraan penumpang roda 4 (sedan, jeep dan sejenisnya dengan panjang maks 5Meter)",7,inactive
23,13,Kamal,Jawa Timur,Kamal,Ujung,Jawa Timur,kendaraan,Kendaraan,15,Golongan IV - Barang,vehicle,GOL IV B,Kendaraan penumpang roda 4 (pickup sejenis dengan bak / boks panjang maks 5Meter),5,active
23,13,Kamal,Jawa Timur,Kamal,Ujung,Jawa Timur,kendaraan,Kendaraan,16,Golongan V - Penumpang,vehicle,GOL V A,Kendaraan penumpang (minibus/elf sejenis dengan panjang lebih dari 5-7Meter),16,inactive
23,13,Kamal,Jawa Timur,Kamal,Ujung,Jawa Timur,kendaraan,Kendaraan,17,Golongan V - Barang,vehicle,GOL V B,Kendaraan barang (dengan bak/boks dan tangki sejenis dengan panjang lebih dari 5-7Meter),2,active
23,13,Kamal,Jawa Timur,Kamal,Ujung,Jawa Timur,kendaraan,Kendaraan,18,Golongan VI - Penumpang,vehicle,GOL VI A,Kendaraan penumpang (bus dengan panjang lebih dari 7-10Meter),32,inactive
23,13,Kamal,Jawa Timur,Kamal,Ujung,Jawa Timur,kendaraan,Kendaraan,19,Golongan VI - Barang,vehicle,GOL VI B,Kendaraan barang (dengan bak/boks dan tangki sejenis dengan panjang lebih dari 7-10m),2,active
23,13,Kamal,Jawa Timur,Kamal,Ujung,Jawa Timur,kendaraan,Kendaraan,20,Golongan VII,vehicle,GOL VII,"Truk tronton / tangki, kereta penarik kendaraan berat dengan Panjang 10-12m",2,active
23,13,Kamal,Jawa Timur,Kamal,Ujung,Jawa Timur,kendaraan,Kendaraan,21,Golongan VIII,vehicle,GOL VIII,"Truk tronton / tangki, kereta penarik kendaraan berat dengan Panjang lebih dari 12-16m",2,active
23,13,Kamal,Jawa Timur,Kamal,Ujung,Jawa Timur,kendaraan,Kendaraan,22,Golongan IX,vehicle,GOL IX,"Truk tronton / tangki, kereta penarik kendaraan berat dengan Panjang lebih dari 16m & Alat Berat",2,active
2003,2,Karimun Jawa,Jawa Tengah,Karimun Jawa,Jepara,Jawa Tengah,pejalan-kaki,Pejalan Kaki,7,Dewasa Ekonomi,passenger,DEWASA,>2 Tahun,10,Inactive
2003,2,Karimun Jawa,Jawa Tengah,Karimun Jawa,Jepara,Jawa Tengah,pejalan-kaki,Pejalan Kaki,5,Dewasa Bisnis I,passenger,DEWASA,>2 Tahun,10,Inactive
2003,2,Karimun Jawa,Jawa Tengah,Karimun Jawa,Jepara,Jawa Tengah,pejalan-kaki,Pejalan Kaki,9,Bayi Ekonomi,passenger,BAYI,0 - 2 Tahun,10,Inactive
2003,2,Karimun Jawa,Jawa Tengah,Karimun Jawa,Jepara,Jawa Tengah,pejalan-kaki,Pejalan Kaki,517,Tenaga Kesehatan,passenger,DEWASA,Golonga  khusus tenaga kesehatan,10,Inactive
2003,2,Karimun Jawa,Jawa Tengah,Karimun Jawa,Jepara,Jawa Tengah,pejalan-kaki,Pejalan Kaki,504,Bayi Bisnis,passenger,BAYI,0 - 2 Tahun,10,Inactive
2003,2,Karimun Jawa,Jawa Tengah,Karimun Jawa,Jepara,Jawa Tengah,kendaraan,Kendaraan,11,Golongan I,vehicle,GOL I,Sepeda Gayuh,1,inactive
2003,2,Karimun Jawa,Jawa Tengah,Karimun Jawa,Jepara,Jawa Tengah,kendaraan,Kendaraan,12,Golongan II ,vehicle,GOL II,Sepeda motor roda 2 di bawah 500 cc & gerobak dorong,2,inactive
2003,2,Karimun Jawa,Jawa Tengah,Karimun Jawa,Jepara,Jawa Tengah,kendaraan,Kendaraan,13,Golongan III,vehicle,GOL III,Sepeda motor besar lebih dari (500 cc) & Sepeda motor roda 3,2,inactive
2003,2,Karimun Jawa,Jawa Tengah,Karimun Jawa,Jepara,Jawa Tengah,kendaraan,Kendaraan,14,Golongan IV - Penumpang,vehicle,GOL IV A,"Kendaraan penumpang roda 4 (sedan, jeep dan sejenisnya dengan panjang maks 5Meter)",7,inactive
2003,2,Karimun Jawa,Jawa Tengah,Karimun Jawa,Jepara,Jawa Tengah,kendaraan,Kendaraan,15,Golongan IV - Barang,vehicle,GOL IV B,Kendaraan penumpang roda 4 (pickup sejenis dengan bak / boks panjang maks 5Meter),5,inactive
2003,2,Karimun Jawa,Jawa Tengah,Karimun Jawa,Jepara,Jawa Tengah,kendaraan,Kendaraan,16,Golongan V - Penumpang,vehicle,GOL V A,Kendaraan penumpang (minibus/elf sejenis dengan panjang lebih dari 5-7Meter),16,inactive
2003,2,Karimun Jawa,Jawa Tengah,Karimun Jawa,Jepara,Jawa Tengah,kendaraan,Kendaraan,17,Golongan V - Barang,vehicle,GOL V B,Kendaraan barang (dengan bak/boks dan tangki sejenis dengan panjang lebih dari 5-7Meter),2,inactive
2003,2,Karimun Jawa,Jawa Tengah,Karimun Jawa,Jepara,Jawa Tengah,kendaraan,Kendaraan,18,Golongan VI - Penumpang,vehicle,GOL VI A,Kendaraan penumpang (bus dengan panjang lebih dari 7-10Meter),32,inactive
2003,2,Karimun Jawa,Jawa Tengah,Karimun Jawa,Jepara,Jawa Tengah,kendaraan,Kendaraan,19,Golongan VI - Barang,vehicle,GOL VI B,Kendaraan barang (dengan bak/boks dan tangki sejenis dengan panjang lebih dari 7-10m),2,inactive
2003,2,Karimun Jawa,Jawa Tengah,Karimun Jawa,Jepara,Jawa Tengah,kendaraan,Kendaraan,20,Golongan VII,vehicle,GOL VII,"Truk tronton / tangki, kereta penarik kendaraan berat dengan Panjang 10-12m",2,inactive
2003,2,Karimun Jawa,Jawa Tengah,Karimun Jawa,Jepara,Jawa Tengah,kendaraan,Kendaraan,21,Golongan VIII,vehicle,GOL VIII,"Truk tronton / tangki, kereta penarik kendaraan berat dengan Panjang lebih dari 12-16m",2,inactive
2003,2,Karimun Jawa,Jawa Tengah,Karimun Jawa,Jepara,Jawa Tengah,kendaraan,Kendaraan,22,Golongan IX,vehicle,GOL IX,"Truk tronton / tangki, kereta penarik kendaraan berat dengan Panjang lebih dari 16m & Alat Berat",2,inactive
2003,2,Karimun Jawa,Jawa Tengah,Karimun Jawa,Jepara,Jawa Tengah,kendaraan,Kendaraan,518,Ambulance,vehicle,GOL IV B,Kendaraan Ambulance,0,inactive
2003,2,Karimun Jawa,Jawa Tengah,Karimun Jawa,Jepara,Jawa Tengah,kendaraan,Kendaraan,519,Kendaraan Badan Penanggulangan Bencana Daerah,vehicle,GOL IV B,Kendaraan khusus SAR Daerah,0,inactive
29,195,Kayangan,Nusa Tenggara Barat,Kayangan,Pototano,Nusa Tenggara Barat,pejalan-kaki,Pejalan Kaki,7,Dewasa Ekonomi,passenger,DEWASA,>2 Tahun,10,Inactive
29,195,Kayangan,Nusa Tenggara Barat,Kayangan,Pototano,Nusa Tenggara Barat,pejalan-kaki,Pejalan Kaki,9,Bayi Ekonomi,passenger,BAYI,0 - 2 Tahun,10,Inactive
29,195,Kayangan,Nusa Tenggara Barat,Kayangan,Pototano,Nusa Tenggara Barat,kendaraan,Kendaraan,11,Golongan I,vehicle,GOL I,Sepeda Gayuh,1,inactive
29,195,Kayangan,Nusa Tenggara Barat,Kayangan,Pototano,Nusa Tenggara Barat,kendaraan,Kendaraan,12,Golongan II ,vehicle,GOL II,Sepeda motor roda 2 di bawah 500 cc & gerobak dorong,2,inactive
29,195,Kayangan,Nusa Tenggara Barat,Kayangan,Pototano,Nusa Tenggara Barat,kendaraan,Kendaraan,13,Golongan III,vehicle,GOL III,Sepeda motor besar lebih dari (500 cc) & Sepeda motor roda 3,2,inactive
29,195,Kayangan,Nusa Tenggara Barat,Kayangan,Pototano,Nusa Tenggara Barat,kendaraan,Kendaraan,14,Golongan IV - Penumpang,vehicle,GOL IV A,"Kendaraan penumpang roda 4 (sedan, jeep dan sejenisnya dengan panjang maks 5Meter)",7,inactive
29,195,Kayangan,Nusa Tenggara Barat,Kayangan,Pototano,Nusa Tenggara Barat,kendaraan,Kendaraan,15,Golongan IV - Barang,vehicle,GOL IV B,Kendaraan penumpang roda 4 (pickup sejenis dengan bak / boks panjang maks 5Meter),5,active
29,195,Kayangan,Nusa Tenggara Barat,Kayangan,Pototano,Nusa Tenggara Barat,kendaraan,Kendaraan,16,Golongan V - Penumpang,vehicle,GOL V A,Kendaraan penumpang (minibus/elf sejenis dengan panjang lebih dari 5-7Meter),16,inactive
29,195,Kayangan,Nusa Tenggara Barat,Kayangan,Pototano,Nusa Tenggara Barat,kendaraan,Kendaraan,17,Golongan V - Barang,vehicle,GOL V B,Kendaraan barang (dengan bak/boks dan tangki sejenis dengan panjang lebih dari 5-7Meter),2,active
29,195,Kayangan,Nusa Tenggara Barat,Kayangan,Pototano,Nusa Tenggara Barat,kendaraan,Kendaraan,18,Golongan VI - Penumpang,vehicle,GOL VI A,Kendaraan penumpang (bus dengan panjang lebih dari 7-10Meter),32,inactive
29,195,Kayangan,Nusa Tenggara Barat,Kayangan,Pototano,Nusa Tenggara Barat,kendaraan,Kendaraan,19,Golongan VI - Barang,vehicle,GOL VI B,Kendaraan barang (dengan bak/boks dan tangki sejenis dengan panjang lebih dari 7-10m),2,active
29,195,Kayangan,Nusa Tenggara Barat,Kayangan,Pototano,Nusa Tenggara Barat,kendaraan,Kendaraan,20,Golongan VII,vehicle,GOL VII,"Truk tronton / tangki, kereta penarik kendaraan berat dengan Panjang 10-12m",2,active
29,195,Kayangan,Nusa Tenggara Barat,Kayangan,Pototano,Nusa Tenggara Barat,kendaraan,Kendaraan,21,Golongan VIII,vehicle,GOL VIII,"Truk tronton / tangki, kereta penarik kendaraan berat dengan Panjang lebih dari 12-16m",2,active
29,195,Kayangan,Nusa Tenggara Barat,Kayangan,Pototano,Nusa Tenggara Barat,kendaraan,Kendaraan,22,Golongan IX,vehicle,GOL IX,"Truk tronton / tangki, kereta penarik kendaraan berat dengan Panjang lebih dari 16m & Alat Berat",2,active
217218,217,Kendari,Sulawesi Tenggara,Kendari,Langara,Sulawesi Tenggara,pejalan-kaki,Pejalan Kaki,7,Dewasa Ekonomi,passenger,DEWASA,>2 Tahun,10,Inactive
217218,217,Kendari,Sulawesi Tenggara,Kendari,Langara,Sulawesi Tenggara,pejalan-kaki,Pejalan Kaki,5,Dewasa Bisnis I,passenger,DEWASA,>2 Tahun,10,Inactive
217218,217,Kendari,Sulawesi Tenggara,Kendari,Langara,Sulawesi Tenggara,pejalan-kaki,Pejalan Kaki,9,Bayi Ekonomi,passenger,BAYI,0 - 2 Tahun,10,Inactive
217218,217,Kendari,Sulawesi Tenggara,Kendari,Langara,Sulawesi Tenggara,pejalan-kaki,Pejalan Kaki,525,SUPLESI BAYI EKONOMI KE BISNIS,passenger,SUPLESI,,0,Inactive
217218,217,Kendari,Sulawesi Tenggara,Kendari,Langara,Sulawesi Tenggara,pejalan-kaki,Pejalan Kaki,483,BISNIS BAYI,passenger,BAYI,,0,Inactive
217218,217,Kendari,Sulawesi Tenggara,Kendari,Langara,Sulawesi Tenggara,kendaraan,Kendaraan,11,Golongan I,vehicle,GOL I,Sepeda Gayuh,1,inactive
217218,217,Kendari,Sulawesi Tenggara,Kendari,Langara,Sulawesi Tenggara,kendaraan,Kendaraan,12,Golongan II ,vehicle,GOL II,Sepeda motor roda 2 di bawah 500 cc & gerobak dorong,2,inactive
217218,217,Kendari,Sulawesi Tenggara,Kendari,Langara,Sulawesi Tenggara,kendaraan,Kendaraan,13,Golongan III,vehicle,GOL III,Sepeda motor besar lebih dari (500 cc) & Sepeda motor roda 3,2,inactive
217218,217,Kendari,Sulawesi Tenggara,Kendari,Langara,Sulawesi Tenggara,kendaraan,Kendaraan,14,Golongan IV - Penumpang,vehicle,GOL IV A,"Kendaraan penumpang roda 4 (sedan, jeep dan sejenisnya dengan panjang maks 5Meter)",7,inactive
217218,217,Kendari,Sulawesi Tenggara,Kendari,Langara,Sulawesi Tenggara,kendaraan,Kendaraan,15,Golongan IV - Barang,vehicle,GOL IV B,Kendaraan penumpang roda 4 (pickup sejenis dengan bak / boks panjang maks 5Meter),5,active
217218,217,Kendari,Sulawesi Tenggara,Kendari,Langara,Sulawesi Tenggara,kendaraan,Kendaraan,16,Golongan V - Penumpang,vehicle,GOL V A,Kendaraan penumpang (minibus/elf sejenis dengan panjang lebih dari 5-7Meter),16,inactive
217218,217,Kendari,Sulawesi Tenggara,Kendari,Langara,Sulawesi Tenggara,kendaraan,Kendaraan,17,Golongan V - Barang,vehicle,GOL V B,Kendaraan barang (dengan bak/boks dan tangki sejenis dengan panjang lebih dari 5-7Meter),2,active
217218,217,Kendari,Sulawesi Tenggara,Kendari,Langara,Sulawesi Tenggara,kendaraan,Kendaraan,18,Golongan VI - Penumpang,vehicle,GOL VI A,Kendaraan penumpang (bus dengan panjang lebih dari 7-10Meter),32,inactive
217218,217,Kendari,Sulawesi Tenggara,Kendari,Langara,Sulawesi Tenggara,kendaraan,Kendaraan,19,Golongan VI - Barang,vehicle,GOL VI B,Kendaraan barang (dengan bak/boks dan tangki sejenis dengan panjang lebih dari 7-10m),2,active
217218,217,Kendari,Sulawesi Tenggara,Kendari,Langara,Sulawesi Tenggara,kendaraan,Kendaraan,20,Golongan VII,vehicle,GOL VII,"Truk tronton / tangki, kereta penarik kendaraan berat dengan Panjang 10-12m",2,active
217218,217,Kendari,Sulawesi Tenggara,Kendari,Langara,Sulawesi Tenggara,kendaraan,Kendaraan,21,Golongan VIII,vehicle,GOL VIII,"Truk tronton / tangki, kereta penarik kendaraan berat dengan Panjang lebih dari 12-16m",2,active
217218,217,Kendari,Sulawesi Tenggara,Kendari,Langara,Sulawesi Tenggara,kendaraan,Kendaraan,22,Golongan IX,vehicle,GOL IX,"Truk tronton / tangki, kereta penarik kendaraan berat dengan Panjang lebih dari 16m & Alat Berat",2,active
202203,202,Kolaka,Sulawesi Tenggara,Kolaka,Bajoe,Sulawesi Selatan,pejalan-kaki,Pejalan Kaki,7,Dewasa Ekonomi,passenger,DEWASA,>2 Tahun,10,Inactive
202203,202,Kolaka,Sulawesi Tenggara,Kolaka,Bajoe,Sulawesi Selatan,pejalan-kaki,Pejalan Kaki,1,Dewasa,passenger,DEWASA, >2 Tahun ,10,Inactive
202203,202,Kolaka,Sulawesi Tenggara,Kolaka,Bajoe,Sulawesi Selatan,pejalan-kaki,Pejalan Kaki,9,Bayi Ekonomi,passenger,BAYI,0 - 2 Tahun,10,Inactive
202203,202,Kolaka,Sulawesi Tenggara,Kolaka,Bajoe,Sulawesi Selatan,kendaraan,Kendaraan,11,Golongan I,vehicle,GOL I,Sepeda Gayuh,1,inactive
202203,202,Kolaka,Sulawesi Tenggara,Kolaka,Bajoe,Sulawesi Selatan,kendaraan,Kendaraan,12,Golongan II ,vehicle,GOL II,Sepeda motor roda 2 di bawah 500 cc & gerobak dorong,2,inactive
202203,202,Kolaka,Sulawesi Tenggara,Kolaka,Bajoe,Sulawesi Selatan,kendaraan,Kendaraan,13,Golongan III,vehicle,GOL III,Sepeda motor besar lebih dari (500 cc) & Sepeda motor roda 3,2,inactive
202203,202,Kolaka,Sulawesi Tenggara,Kolaka,Bajoe,Sulawesi Selatan,kendaraan,Kendaraan,14,Golongan IV - Penumpang,vehicle,GOL IV A,"Kendaraan penumpang roda 4 (sedan, jeep dan sejenisnya dengan panjang maks 5Meter)",7,inactive
202203,202,Kolaka,Sulawesi Tenggara,Kolaka,Bajoe,Sulawesi Selatan,kendaraan,Kendaraan,15,Golongan IV - Barang,vehicle,GOL IV B,Kendaraan penumpang roda 4 (pickup sejenis dengan bak / boks panjang maks 5Meter),5,active
202203,202,Kolaka,Sulawesi Tenggara,Kolaka,Bajoe,Sulawesi Selatan,kendaraan,Kendaraan,16,Golongan V - Penumpang,vehicle,GOL V A,Kendaraan penumpang (minibus/elf sejenis dengan panjang lebih dari 5-7Meter),16,inactive
202203,202,Kolaka,Sulawesi Tenggara,Kolaka,Bajoe,Sulawesi Selatan,kendaraan,Kendaraan,17,Golongan V - Barang,vehicle,GOL V B,Kendaraan barang (dengan bak/boks dan tangki sejenis dengan panjang lebih dari 5-7Meter),2,active
202203,202,Kolaka,Sulawesi Tenggara,Kolaka,Bajoe,Sulawesi Selatan,kendaraan,Kendaraan,18,Golongan VI - Penumpang,vehicle,GOL VI A,Kendaraan penumpang (bus dengan panjang lebih dari 7-10Meter),32,inactive
202203,202,Kolaka,Sulawesi Tenggara,Kolaka,Bajoe,Sulawesi Selatan,kendaraan,Kendaraan,19,Golongan VI - Barang,vehicle,GOL VI B,Kendaraan barang (dengan bak/boks dan tangki sejenis dengan panjang lebih dari 7-10m),2,active
202203,202,Kolaka,Sulawesi Tenggara,Kolaka,Bajoe,Sulawesi Selatan,kendaraan,Kendaraan,20,Golongan VII,vehicle,GOL VII,"Truk tronton / tangki, kereta penarik kendaraan berat dengan Panjang 10-12m",2,active
202203,202,Kolaka,Sulawesi Tenggara,Kolaka,Bajoe,Sulawesi Selatan,kendaraan,Kendaraan,21,Golongan VIII,vehicle,GOL VIII,"Truk tronton / tangki, kereta penarik kendaraan berat dengan Panjang lebih dari 12-16m",2,active
202203,202,Kolaka,Sulawesi Tenggara,Kolaka,Bajoe,Sulawesi Selatan,kendaraan,Kendaraan,22,Golongan IX,vehicle,GOL IX,"Truk tronton / tangki, kereta penarik kendaraan berat dengan Panjang lebih dari 16m & Alat Berat",2,active
202204,202,Kolaka,Sulawesi Tenggara,Kolaka,Siwa,Sulawesi Selatan,pejalan-kaki,Pejalan Kaki,7,Dewasa Ekonomi,passenger,DEWASA,>2 Tahun,10,Inactive
202204,202,Kolaka,Sulawesi Tenggara,Kolaka,Siwa,Sulawesi Selatan,pejalan-kaki,Pejalan Kaki,9,Bayi Ekonomi,passenger,BAYI,0 - 2 Tahun,10,Inactive
202204,202,Kolaka,Sulawesi Tenggara,Kolaka,Siwa,Sulawesi Selatan,kendaraan,Kendaraan,11,Golongan I,vehicle,GOL I,Sepeda Gayuh,1,inactive
202204,202,Kolaka,Sulawesi Tenggara,Kolaka,Siwa,Sulawesi Selatan,kendaraan,Kendaraan,12,Golongan II ,vehicle,GOL II,Sepeda motor roda 2 di bawah 500 cc & gerobak dorong,2,inactive
202204,202,Kolaka,Sulawesi Tenggara,Kolaka,Siwa,Sulawesi Selatan,kendaraan,Kendaraan,13,Golongan III,vehicle,GOL III,Sepeda motor besar lebih dari (500 cc) & Sepeda motor roda 3,2,inactive
202204,202,Kolaka,Sulawesi Tenggara,Kolaka,Siwa,Sulawesi Selatan,kendaraan,Kendaraan,14,Golongan IV - Penumpang,vehicle,GOL IV A,"Kendaraan penumpang roda 4 (sedan, jeep dan sejenisnya dengan panjang maks 5Meter)",7,inactive
202204,202,Kolaka,Sulawesi Tenggara,Kolaka,Siwa,Sulawesi Selatan,kendaraan,Kendaraan,15,Golongan IV - Barang,vehicle,GOL IV B,Kendaraan penumpang roda 4 (pickup sejenis dengan bak / boks panjang maks 5Meter),5,inactive
202204,202,Kolaka,Sulawesi Tenggara,Kolaka,Siwa,Sulawesi Selatan,kendaraan,Kendaraan,16,Golongan V - Penumpang,vehicle,GOL V A,Kendaraan penumpang (minibus/elf sejenis dengan panjang lebih dari 5-7Meter),16,inactive
202204,202,Kolaka,Sulawesi Tenggara,Kolaka,Siwa,Sulawesi Selatan,kendaraan,Kendaraan,17,Golongan V - Barang,vehicle,GOL V B,Kendaraan barang (dengan bak/boks dan tangki sejenis dengan panjang lebih dari 5-7Meter),2,inactive
202204,202,Kolaka,Sulawesi Tenggara,Kolaka,Siwa,Sulawesi Selatan,kendaraan,Kendaraan,18,Golongan VI - Penumpang,vehicle,GOL VI A,Kendaraan penumpang (bus dengan panjang lebih dari 7-10Meter),32,inactive
202204,202,Kolaka,Sulawesi Tenggara,Kolaka,Siwa,Sulawesi Selatan,kendaraan,Kendaraan,19,Golongan VI - Barang,vehicle,GOL VI B,Kendaraan barang (dengan bak/boks dan tangki sejenis dengan panjang lebih dari 7-10m),2,inactive
202204,202,Kolaka,Sulawesi Tenggara,Kolaka,Siwa,Sulawesi Selatan,kendaraan,Kendaraan,20,Golongan VII,vehicle,GOL VII,"Truk tronton / tangki, kereta penarik kendaraan berat dengan Panjang 10-12m",2,inactive
202204,202,Kolaka,Sulawesi Tenggara,Kolaka,Siwa,Sulawesi Selatan,kendaraan,Kendaraan,21,Golongan VIII,vehicle,GOL VIII,"Truk tronton / tangki, kereta penarik kendaraan berat dengan Panjang lebih dari 12-16m",2,inactive
202204,202,Kolaka,Sulawesi Tenggara,Kolaka,Siwa,Sulawesi Selatan,kendaraan,Kendaraan,22,Golongan IX,vehicle,GOL IX,"Truk tronton / tangki, kereta penarik kendaraan berat dengan Panjang lebih dari 16m & Alat Berat",2,inactive
5369,171,Kupang,Nusa Tenggara Timur,Kupang,Adonara,Nusa Tenggara Timur,pejalan-kaki,Pejalan Kaki,7,Dewasa Ekonomi,passenger,DEWASA,>2 Tahun,10,Inactive
5369,171,Kupang,Nusa Tenggara Timur,Kupang,Adonara,Nusa Tenggara Timur,pejalan-kaki,Pejalan Kaki,8,Anak - Anak Ekonomi,passenger,ANAK,2 - 5 Tahun,10,Inactive
5369,171,Kupang,Nusa Tenggara Timur,Kupang,Adonara,Nusa Tenggara Timur,kendaraan,Kendaraan,11,Golongan I,vehicle,GOL I,Sepeda Gayuh,1,inactive
5369,171,Kupang,Nusa Tenggara Timur,Kupang,Adonara,Nusa Tenggara Timur,kendaraan,Kendaraan,12,Golongan II ,vehicle,GOL II,Sepeda motor roda 2 di bawah 500 cc & gerobak dorong,2,inactive
5369,171,Kupang,Nusa Tenggara Timur,Kupang,Adonara,Nusa Tenggara Timur,kendaraan,Kendaraan,13,Golongan III,vehicle,GOL III,Sepeda motor besar lebih dari (500 cc) & Sepeda motor roda 3,2,inactive
5369,171,Kupang,Nusa Tenggara Timur,Kupang,Adonara,Nusa Tenggara Timur,kendaraan,Kendaraan,14,Golongan IV - Penumpang,vehicle,GOL IV A,"Kendaraan penumpang roda 4 (sedan, jeep dan sejenisnya dengan panjang maks 5Meter)",7,inactive
5369,171,Kupang,Nusa Tenggara Timur,Kupang,Adonara,Nusa Tenggara Timur,kendaraan,Kendaraan,15,Golongan IV - Barang,vehicle,GOL IV B,Kendaraan penumpang roda 4 (pickup sejenis dengan bak / boks panjang maks 5Meter),5,inactive
5369,171,Kupang,Nusa Tenggara Timur,Kupang,Adonara,Nusa Tenggara Timur,kendaraan,Kendaraan,16,Golongan V - Penumpang,vehicle,GOL V A,Kendaraan penumpang (minibus/elf sejenis dengan panjang lebih dari 5-7Meter),16,inactive
5369,171,Kupang,Nusa Tenggara Timur,Kupang,Adonara,Nusa Tenggara Timur,kendaraan,Kendaraan,17,Golongan V - Barang,vehicle,GOL V B,Kendaraan barang (dengan bak/boks dan tangki sejenis dengan panjang lebih dari 5-7Meter),2,inactive
5369,171,Kupang,Nusa Tenggara Timur,Kupang,Adonara,Nusa Tenggara Timur,kendaraan,Kendaraan,18,Golongan VI - Penumpang,vehicle,GOL VI A,Kendaraan penumpang (bus dengan panjang lebih dari 7-10Meter),32,inactive
5369,171,Kupang,Nusa Tenggara Timur,Kupang,Adonara,Nusa Tenggara Timur,kendaraan,Kendaraan,19,Golongan VI - Barang,vehicle,GOL VI B,Kendaraan barang (dengan bak/boks dan tangki sejenis dengan panjang lebih dari 7-10m),2,inactive
5369,171,Kupang,Nusa Tenggara Timur,Kupang,Adonara,Nusa Tenggara Timur,kendaraan,Kendaraan,20,Golongan VII,vehicle,GOL VII,"Truk tronton / tangki, kereta penarik kendaraan berat dengan Panjang 10-12m",2,inactive
5369,171,Kupang,Nusa Tenggara Timur,Kupang,Adonara,Nusa Tenggara Timur,kendaraan,Kendaraan,21,Golongan VIII,vehicle,GOL VIII,"Truk tronton / tangki, kereta penarik kendaraan berat dengan Panjang lebih dari 12-16m",2,inactive
5369,171,Kupang,Nusa Tenggara Timur,Kupang,Adonara,Nusa Tenggara Timur,kendaraan,Kendaraan,22,Golongan IX,vehicle,GOL IX,"Truk tronton / tangki, kereta penarik kendaraan berat dengan Panjang lebih dari 16m & Alat Berat",2,inactive
5412,171,Kupang,Nusa Tenggara Timur,Kupang,Aimere,Nusa Tenggara Timur,pejalan-kaki,Pejalan Kaki,7,Dewasa Ekonomi,passenger,DEWASA,>2 Tahun,10,Inactive
5412,171,Kupang,Nusa Tenggara Timur,Kupang,Aimere,Nusa Tenggara Timur,pejalan-kaki,Pejalan Kaki,5,Dewasa Bisnis I,passenger,DEWASA,>2 Tahun,10,Inactive
5412,171,Kupang,Nusa Tenggara Timur,Kupang,Aimere,Nusa Tenggara Timur,pejalan-kaki,Pejalan Kaki,8,Anak - Anak Ekonomi,passenger,ANAK,2 - 5 Tahun,10,Inactive
5412,171,Kupang,Nusa Tenggara Timur,Kupang,Aimere,Nusa Tenggara Timur,pejalan-kaki,Pejalan Kaki,6,Anak - Anak Bisnis I,passenger,ANAK,2 - 5 Tahun,10,Inactive
5412,171,Kupang,Nusa Tenggara Timur,Kupang,Aimere,Nusa Tenggara Timur,kendaraan,Kendaraan,11,Golongan I,vehicle,GOL I,Sepeda Gayuh,1,inactive
5412,171,Kupang,Nusa Tenggara Timur,Kupang,Aimere,Nusa Tenggara Timur,kendaraan,Kendaraan,12,Golongan II ,vehicle,GOL II,Sepeda motor roda 2 di bawah 500 cc & gerobak dorong,2,inactive
5412,171,Kupang,Nusa Tenggara Timur,Kupang,Aimere,Nusa Tenggara Timur,kendaraan,Kendaraan,13,Golongan III,vehicle,GOL III,Sepeda motor besar lebih dari (500 cc) & Sepeda motor roda 3,2,inactive
5412,171,Kupang,Nusa Tenggara Timur,Kupang,Aimere,Nusa Tenggara Timur,kendaraan,Kendaraan,14,Golongan IV - Penumpang,vehicle,GOL IV A,"Kendaraan penumpang roda 4 (sedan, jeep dan sejenisnya dengan panjang maks 5Meter)",7,inactive
5412,171,Kupang,Nusa Tenggara Timur,Kupang,Aimere,Nusa Tenggara Timur,kendaraan,Kendaraan,15,Golongan IV - Barang,vehicle,GOL IV B,Kendaraan penumpang roda 4 (pickup sejenis dengan bak / boks panjang maks 5Meter),5,inactive
5412,171,Kupang,Nusa Tenggara Timur,Kupang,Aimere,Nusa Tenggara Timur,kendaraan,Kendaraan,16,Golongan V - Penumpang,vehicle,GOL V A,Kendaraan penumpang (minibus/elf sejenis dengan panjang lebih dari 5-7Meter),16,inactive
5412,171,Kupang,Nusa Tenggara Timur,Kupang,Aimere,Nusa Tenggara Timur,kendaraan,Kendaraan,17,Golongan V - Barang,vehicle,GOL V B,Kendaraan barang (dengan bak/boks dan tangki sejenis dengan panjang lebih dari 5-7Meter),2,inactive
5412,171,Kupang,Nusa Tenggara Timur,Kupang,Aimere,Nusa Tenggara Timur,kendaraan,Kendaraan,18,Golongan VI - Penumpang,vehicle,GOL VI A,Kendaraan penumpang (bus dengan panjang lebih dari 7-10Meter),32,inactive
5412,171,Kupang,Nusa Tenggara Timur,Kupang,Aimere,Nusa Tenggara Timur,kendaraan,Kendaraan,19,Golongan VI - Barang,vehicle,GOL VI B,Kendaraan barang (dengan bak/boks dan tangki sejenis dengan panjang lebih dari 7-10m),2,inactive
5412,171,Kupang,Nusa Tenggara Timur,Kupang,Aimere,Nusa Tenggara Timur,kendaraan,Kendaraan,20,Golongan VII,vehicle,GOL VII,"Truk tronton / tangki, kereta penarik kendaraan berat dengan Panjang 10-12m",2,inactive
5412,171,Kupang,Nusa Tenggara Timur,Kupang,Aimere,Nusa Tenggara Timur,kendaraan,Kendaraan,21,Golongan VIII,vehicle,GOL VIII,"Truk tronton / tangki, kereta penarik kendaraan berat dengan Panjang lebih dari 12-16m",2,inactive
5412,171,Kupang,Nusa Tenggara Timur,Kupang,Aimere,Nusa Tenggara Timur,kendaraan,Kendaraan,22,Golongan IX,vehicle,GOL IX,"Truk tronton / tangki, kereta penarik kendaraan berat dengan Panjang lebih dari 16m & Alat Berat",2,inactive
5378,171,Kupang,Nusa Tenggara Timur,Kupang,Ende,Nusa Tenggara Timur,pejalan-kaki,Pejalan Kaki,7,Dewasa Ekonomi,passenger,DEWASA,>2 Tahun,10,Inactive
5378,171,Kupang,Nusa Tenggara Timur,Kupang,Ende,Nusa Tenggara Timur,pejalan-kaki,Pejalan Kaki,5,Dewasa Bisnis I,passenger,DEWASA,>2 Tahun,10,Inactive
5378,171,Kupang,Nusa Tenggara Timur,Kupang,Ende,Nusa Tenggara Timur,pejalan-kaki,Pejalan Kaki,8,Anak - Anak Ekonomi,passenger,ANAK,2 - 5 Tahun,10,Inactive
5378,171,Kupang,Nusa Tenggara Timur,Kupang,Ende,Nusa Tenggara Timur,pejalan-kaki,Pejalan Kaki,6,Anak - Anak Bisnis I,passenger,ANAK,2 - 5 Tahun,10,Inactive
5378,171,Kupang,Nusa Tenggara Timur,Kupang,Ende,Nusa Tenggara Timur,kendaraan,Kendaraan,11,Golongan I,vehicle,GOL I,Sepeda Gayuh,1,inactive
5378,171,Kupang,Nusa Tenggara Timur,Kupang,Ende,Nusa Tenggara Timur,kendaraan,Kendaraan,12,Golongan II ,vehicle,GOL II,Sepeda motor roda 2 di bawah 500 cc & gerobak dorong,2,inactive
5378,171,Kupang,Nusa Tenggara Timur,Kupang,Ende,Nusa Tenggara Timur,kendaraan,Kendaraan,13,Golongan III,vehicle,GOL III,Sepeda motor besar lebih dari (500 cc) & Sepeda motor roda 3,2,inactive
5378,171,Kupang,Nusa Tenggara Timur,Kupang,Ende,Nusa Tenggara Timur,kendaraan,Kendaraan,14,Golongan IV - Penumpang,vehicle,GOL IV A,"Kendaraan penumpang roda 4 (sedan, jeep dan sejenisnya dengan panjang maks 5Meter)",7,inactive
5378,171,Kupang,Nusa Tenggara Timur,Kupang,Ende,Nusa Tenggara Timur,kendaraan,Kendaraan,15,Golongan IV - Barang,vehicle,GOL IV B,Kendaraan penumpang roda 4 (pickup sejenis dengan bak / boks panjang maks 5Meter),5,inactive
5378,171,Kupang,Nusa Tenggara Timur,Kupang,Ende,Nusa Tenggara Timur,kendaraan,Kendaraan,16,Golongan V - Penumpang,vehicle,GOL V A,Kendaraan penumpang (minibus/elf sejenis dengan panjang lebih dari 5-7Meter),16,inactive
5378,171,Kupang,Nusa Tenggara Timur,Kupang,Ende,Nusa Tenggara Timur,kendaraan,Kendaraan,17,Golongan V - Barang,vehicle,GOL V B,Kendaraan barang (dengan bak/boks dan tangki sejenis dengan panjang lebih dari 5-7Meter),2,inactive
5378,171,Kupang,Nusa Tenggara Timur,Kupang,Ende,Nusa Tenggara Timur,kendaraan,Kendaraan,18,Golongan VI - Penumpang,vehicle,GOL VI A,Kendaraan penumpang (bus dengan panjang lebih dari 7-10Meter),32,inactive
5378,171,Kupang,Nusa Tenggara Timur,Kupang,Ende,Nusa Tenggara Timur,kendaraan,Kendaraan,19,Golongan VI - Barang,vehicle,GOL VI B,Kendaraan barang (dengan bak/boks dan tangki sejenis dengan panjang lebih dari 7-10m),2,inactive
5378,171,Kupang,Nusa Tenggara Timur,Kupang,Ende,Nusa Tenggara Timur,kendaraan,Kendaraan,20,Golongan VII,vehicle,GOL VII,"Truk tronton / tangki, kereta penarik kendaraan berat dengan Panjang 10-12m",2,inactive
5378,171,Kupang,Nusa Tenggara Timur,Kupang,Ende,Nusa Tenggara Timur,kendaraan,Kendaraan,21,Golongan VIII,vehicle,GOL VIII,"Truk tronton / tangki, kereta penarik kendaraan berat dengan Panjang lebih dari 12-16m",2,inactive
5378,171,Kupang,Nusa Tenggara Timur,Kupang,Ende,Nusa Tenggara Timur,kendaraan,Kendaraan,22,Golongan IX,vehicle,GOL IX,"Truk tronton / tangki, kereta penarik kendaraan berat dengan Panjang lebih dari 16m & Alat Berat",2,inactive
5422,171,Kupang,Nusa Tenggara Timur,Kupang,Hansisi,Nusa Tenggara Timur,pejalan-kaki,Pejalan Kaki,7,Dewasa Ekonomi,passenger,DEWASA,>2 Tahun,10,Inactive
5422,171,Kupang,Nusa Tenggara Timur,Kupang,Hansisi,Nusa Tenggara Timur,pejalan-kaki,Pejalan Kaki,5,Dewasa Bisnis I,passenger,DEWASA,>2 Tahun,10,Inactive
5422,171,Kupang,Nusa Tenggara Timur,Kupang,Hansisi,Nusa Tenggara Timur,pejalan-kaki,Pejalan Kaki,8,Anak - Anak Ekonomi,passenger,ANAK,2 - 5 Tahun,10,Inactive
5422,171,Kupang,Nusa Tenggara Timur,Kupang,Hansisi,Nusa Tenggara Timur,kendaraan,Kendaraan,11,Golongan I,vehicle,GOL I,Sepeda Gayuh,1,inactive
5422,171,Kupang,Nusa Tenggara Timur,Kupang,Hansisi,Nusa Tenggara Timur,kendaraan,Kendaraan,12,Golongan II ,vehicle,GOL II,Sepeda motor roda 2 di bawah 500 cc & gerobak dorong,2,inactive
5422,171,Kupang,Nusa Tenggara Timur,Kupang,Hansisi,Nusa Tenggara Timur,kendaraan,Kendaraan,13,Golongan III,vehicle,GOL III,Sepeda motor besar lebih dari (500 cc) & Sepeda motor roda 3,2,inactive
5422,171,Kupang,Nusa Tenggara Timur,Kupang,Hansisi,Nusa Tenggara Timur,kendaraan,Kendaraan,14,Golongan IV - Penumpang,vehicle,GOL IV A,"Kendaraan penumpang roda 4 (sedan, jeep dan sejenisnya dengan panjang maks 5Meter)",7,inactive
5422,171,Kupang,Nusa Tenggara Timur,Kupang,Hansisi,Nusa Tenggara Timur,kendaraan,Kendaraan,15,Golongan IV - Barang,vehicle,GOL IV B,Kendaraan penumpang roda 4 (pickup sejenis dengan bak / boks panjang maks 5Meter),5,inactive
5422,171,Kupang,Nusa Tenggara Timur,Kupang,Hansisi,Nusa Tenggara Timur,kendaraan,Kendaraan,16,Golongan V - Penumpang,vehicle,GOL V A,Kendaraan penumpang (minibus/elf sejenis dengan panjang lebih dari 5-7Meter),16,inactive
5422,171,Kupang,Nusa Tenggara Timur,Kupang,Hansisi,Nusa Tenggara Timur,kendaraan,Kendaraan,17,Golongan V - Barang,vehicle,GOL V B,Kendaraan barang (dengan bak/boks dan tangki sejenis dengan panjang lebih dari 5-7Meter),2,inactive
5422,171,Kupang,Nusa Tenggara Timur,Kupang,Hansisi,Nusa Tenggara Timur,kendaraan,Kendaraan,18,Golongan VI - Penumpang,vehicle,GOL VI A,Kendaraan penumpang (bus dengan panjang lebih dari 7-10Meter),32,inactive
5422,171,Kupang,Nusa Tenggara Timur,Kupang,Hansisi,Nusa Tenggara Timur,kendaraan,Kendaraan,19,Golongan VI - Barang,vehicle,GOL VI B,Kendaraan barang (dengan bak/boks dan tangki sejenis dengan panjang lebih dari 7-10m),2,inactive
5422,171,Kupang,Nusa Tenggara Timur,Kupang,Hansisi,Nusa Tenggara Timur,kendaraan,Kendaraan,20,Golongan VII,vehicle,GOL VII,"Truk tronton / tangki, kereta penarik kendaraan berat dengan Panjang 10-12m",2,inactive
5422,171,Kupang,Nusa Tenggara Timur,Kupang,Hansisi,Nusa Tenggara Timur,kendaraan,Kendaraan,21,Golongan VIII,vehicle,GOL VIII,"Truk tronton / tangki, kereta penarik kendaraan berat dengan Panjang lebih dari 12-16m",2,inactive
5422,171,Kupang,Nusa Tenggara Timur,Kupang,Hansisi,Nusa Tenggara Timur,kendaraan,Kendaraan,22,Golongan IX,vehicle,GOL IX,"Truk tronton / tangki, kereta penarik kendaraan berat dengan Panjang lebih dari 16m & Alat Berat",2,inactive
5408,171,Kupang,Nusa Tenggara Timur,Kupang,Kalabahi,Nusa Tenggara Timur,pejalan-kaki,Pejalan Kaki,7,Dewasa Ekonomi,passenger,DEWASA,>2 Tahun,10,Inactive
5408,171,Kupang,Nusa Tenggara Timur,Kupang,Kalabahi,Nusa Tenggara Timur,pejalan-kaki,Pejalan Kaki,5,Dewasa Bisnis I,passenger,DEWASA,>2 Tahun,10,Inactive
5408,171,Kupang,Nusa Tenggara Timur,Kupang,Kalabahi,Nusa Tenggara Timur,pejalan-kaki,Pejalan Kaki,8,Anak - Anak Ekonomi,passenger,ANAK,2 - 5 Tahun,10,Inactive
5408,171,Kupang,Nusa Tenggara Timur,Kupang,Kalabahi,Nusa Tenggara Timur,pejalan-kaki,Pejalan Kaki,6,Anak - Anak Bisnis I,passenger,ANAK,2 - 5 Tahun,10,Inactive
5408,171,Kupang,Nusa Tenggara Timur,Kupang,Kalabahi,Nusa Tenggara Timur,kendaraan,Kendaraan,11,Golongan I,vehicle,GOL I,Sepeda Gayuh,1,inactive
5408,171,Kupang,Nusa Tenggara Timur,Kupang,Kalabahi,Nusa Tenggara Timur,kendaraan,Kendaraan,12,Golongan II ,vehicle,GOL II,Sepeda motor roda 2 di bawah 500 cc & gerobak dorong,2,inactive
5408,171,Kupang,Nusa Tenggara Timur,Kupang,Kalabahi,Nusa Tenggara Timur,kendaraan,Kendaraan,13,Golongan III,vehicle,GOL III,Sepeda motor besar lebih dari (500 cc) & Sepeda motor roda 3,2,inactive
5408,171,Kupang,Nusa Tenggara Timur,Kupang,Kalabahi,Nusa Tenggara Timur,kendaraan,Kendaraan,14,Golongan IV - Penumpang,vehicle,GOL IV A,"Kendaraan penumpang roda 4 (sedan, jeep dan sejenisnya dengan panjang maks 5Meter)",7,inactive
5408,171,Kupang,Nusa Tenggara Timur,Kupang,Kalabahi,Nusa Tenggara Timur,kendaraan,Kendaraan,15,Golongan IV - Barang,vehicle,GOL IV B,Kendaraan penumpang roda 4 (pickup sejenis dengan bak / boks panjang maks 5Meter),5,inactive
5408,171,Kupang,Nusa Tenggara Timur,Kupang,Kalabahi,Nusa Tenggara Timur,kendaraan,Kendaraan,16,Golongan V - Penumpang,vehicle,GOL V A,Kendaraan penumpang (minibus/elf sejenis dengan panjang lebih dari 5-7Meter),16,inactive
5408,171,Kupang,Nusa Tenggara Timur,Kupang,Kalabahi,Nusa Tenggara Timur,kendaraan,Kendaraan,17,Golongan V - Barang,vehicle,GOL V B,Kendaraan barang (dengan bak/boks dan tangki sejenis dengan panjang lebih dari 5-7Meter),2,inactive
5408,171,Kupang,Nusa Tenggara Timur,Kupang,Kalabahi,Nusa Tenggara Timur,kendaraan,Kendaraan,18,Golongan VI - Penumpang,vehicle,GOL VI A,Kendaraan penumpang (bus dengan panjang lebih dari 7-10Meter),32,inactive
5408,171,Kupang,Nusa Tenggara Timur,Kupang,Kalabahi,Nusa Tenggara Timur,kendaraan,Kendaraan,19,Golongan VI - Barang,vehicle,GOL VI B,Kendaraan barang (dengan bak/boks dan tangki sejenis dengan panjang lebih dari 7-10m),2,inactive
5408,171,Kupang,Nusa Tenggara Timur,Kupang,Kalabahi,Nusa Tenggara Timur,kendaraan,Kendaraan,20,Golongan VII,vehicle,GOL VII,"Truk tronton / tangki, kereta penarik kendaraan berat dengan Panjang 10-12m",2,inactive
5408,171,Kupang,Nusa Tenggara Timur,Kupang,Kalabahi,Nusa Tenggara Timur,kendaraan,Kendaraan,21,Golongan VIII,vehicle,GOL VIII,"Truk tronton / tangki, kereta penarik kendaraan berat dengan Panjang lebih dari 12-16m",2,inactive
5408,171,Kupang,Nusa Tenggara Timur,Kupang,Kalabahi,Nusa Tenggara Timur,kendaraan,Kendaraan,22,Golongan IX,vehicle,GOL IX,"Truk tronton / tangki, kereta penarik kendaraan berat dengan Panjang lebih dari 16m & Alat Berat",2,inactive
1406,171,Kupang,Nusa Tenggara Timur,Kupang,Larantuka,Nusa Tenggara Timur,pejalan-kaki,Pejalan Kaki,7,Dewasa Ekonomi,passenger,DEWASA,>2 Tahun,10,Inactive
1406,171,Kupang,Nusa Tenggara Timur,Kupang,Larantuka,Nusa Tenggara Timur,pejalan-kaki,Pejalan Kaki,5,Dewasa Bisnis I,passenger,DEWASA,>2 Tahun,10,Inactive
1406,171,Kupang,Nusa Tenggara Timur,Kupang,Larantuka,Nusa Tenggara Timur,pejalan-kaki,Pejalan Kaki,8,Anak - Anak Ekonomi,passenger,ANAK,2 - 5 Tahun,10,Inactive
1406,171,Kupang,Nusa Tenggara Timur,Kupang,Larantuka,Nusa Tenggara Timur,pejalan-kaki,Pejalan Kaki,6,Anak - Anak Bisnis I,passenger,ANAK,2 - 5 Tahun,10,Inactive
1406,171,Kupang,Nusa Tenggara Timur,Kupang,Larantuka,Nusa Tenggara Timur,kendaraan,Kendaraan,11,Golongan I,vehicle,GOL I,Sepeda Gayuh,1,inactive
1406,171,Kupang,Nusa Tenggara Timur,Kupang,Larantuka,Nusa Tenggara Timur,kendaraan,Kendaraan,12,Golongan II ,vehicle,GOL II,Sepeda motor roda 2 di bawah 500 cc & gerobak dorong,2,inactive
1406,171,Kupang,Nusa Tenggara Timur,Kupang,Larantuka,Nusa Tenggara Timur,kendaraan,Kendaraan,13,Golongan III,vehicle,GOL III,Sepeda motor besar lebih dari (500 cc) & Sepeda motor roda 3,2,inactive
1406,171,Kupang,Nusa Tenggara Timur,Kupang,Larantuka,Nusa Tenggara Timur,kendaraan,Kendaraan,14,Golongan IV - Penumpang,vehicle,GOL IV A,"Kendaraan penumpang roda 4 (sedan, jeep dan sejenisnya dengan panjang maks 5Meter)",7,inactive
1406,171,Kupang,Nusa Tenggara Timur,Kupang,Larantuka,Nusa Tenggara Timur,kendaraan,Kendaraan,15,Golongan IV - Barang,vehicle,GOL IV B,Kendaraan penumpang roda 4 (pickup sejenis dengan bak / boks panjang maks 5Meter),5,inactive
1406,171,Kupang,Nusa Tenggara Timur,Kupang,Larantuka,Nusa Tenggara Timur,kendaraan,Kendaraan,16,Golongan V - Penumpang,vehicle,GOL V A,Kendaraan penumpang (minibus/elf sejenis dengan panjang lebih dari 5-7Meter),16,inactive
1406,171,Kupang,Nusa Tenggara Timur,Kupang,Larantuka,Nusa Tenggara Timur,kendaraan,Kendaraan,17,Golongan V - Barang,vehicle,GOL V B,Kendaraan barang (dengan bak/boks dan tangki sejenis dengan panjang lebih dari 5-7Meter),2,inactive
1406,171,Kupang,Nusa Tenggara Timur,Kupang,Larantuka,Nusa Tenggara Timur,kendaraan,Kendaraan,18,Golongan VI - Penumpang,vehicle,GOL VI A,Kendaraan penumpang (bus dengan panjang lebih dari 7-10Meter),32,inactive
1406,171,Kupang,Nusa Tenggara Timur,Kupang,Larantuka,Nusa Tenggara Timur,kendaraan,Kendaraan,19,Golongan VI - Barang,vehicle,GOL VI B,Kendaraan barang (dengan bak/boks dan tangki sejenis dengan panjang lebih dari 7-10m),2,inactive
1406,171,Kupang,Nusa Tenggara Timur,Kupang,Larantuka,Nusa Tenggara Timur,kendaraan,Kendaraan,20,Golongan VII,vehicle,GOL VII,"Truk tronton / tangki, kereta penarik kendaraan berat dengan Panjang 10-12m",2,inactive
1406,171,Kupang,Nusa Tenggara Timur,Kupang,Larantuka,Nusa Tenggara Timur,kendaraan,Kendaraan,21,Golongan VIII,vehicle,GOL VIII,"Truk tronton / tangki, kereta penarik kendaraan berat dengan Panjang lebih dari 12-16m",2,inactive
1406,171,Kupang,Nusa Tenggara Timur,Kupang,Larantuka,Nusa Tenggara Timur,kendaraan,Kendaraan,22,Golongan IX,vehicle,GOL IX,"Truk tronton / tangki, kereta penarik kendaraan berat dengan Panjang lebih dari 16m & Alat Berat",2,inactive
5363,171,Kupang,Nusa Tenggara Timur,Kupang,Lewoleba,Nusa Tenggara Timur,pejalan-kaki,Pejalan Kaki,7,Dewasa Ekonomi,passenger,DEWASA,>2 Tahun,10,Inactive
5363,171,Kupang,Nusa Tenggara Timur,Kupang,Lewoleba,Nusa Tenggara Timur,pejalan-kaki,Pejalan Kaki,5,Dewasa Bisnis I,passenger,DEWASA,>2 Tahun,10,Inactive
5363,171,Kupang,Nusa Tenggara Timur,Kupang,Lewoleba,Nusa Tenggara Timur,pejalan-kaki,Pejalan Kaki,8,Anak - Anak Ekonomi,passenger,ANAK,2 - 5 Tahun,10,Inactive
5363,171,Kupang,Nusa Tenggara Timur,Kupang,Lewoleba,Nusa Tenggara Timur,pejalan-kaki,Pejalan Kaki,6,Anak - Anak Bisnis I,passenger,ANAK,2 - 5 Tahun,10,Inactive
5363,171,Kupang,Nusa Tenggara Timur,Kupang,Lewoleba,Nusa Tenggara Timur,kendaraan,Kendaraan,11,Golongan I,vehicle,GOL I,Sepeda Gayuh,1,inactive
5363,171,Kupang,Nusa Tenggara Timur,Kupang,Lewoleba,Nusa Tenggara Timur,kendaraan,Kendaraan,12,Golongan II ,vehicle,GOL II,Sepeda motor roda 2 di bawah 500 cc & gerobak dorong,2,inactive
5363,171,Kupang,Nusa Tenggara Timur,Kupang,Lewoleba,Nusa Tenggara Timur,kendaraan,Kendaraan,13,Golongan III,vehicle,GOL III,Sepeda motor besar lebih dari (500 cc) & Sepeda motor roda 3,2,inactive
5363,171,Kupang,Nusa Tenggara Timur,Kupang,Lewoleba,Nusa Tenggara Timur,kendaraan,Kendaraan,14,Golongan IV - Penumpang,vehicle,GOL IV A,"Kendaraan penumpang roda 4 (sedan, jeep dan sejenisnya dengan panjang maks 5Meter)",7,inactive
5363,171,Kupang,Nusa Tenggara Timur,Kupang,Lewoleba,Nusa Tenggara Timur,kendaraan,Kendaraan,15,Golongan IV - Barang,vehicle,GOL IV B,Kendaraan penumpang roda 4 (pickup sejenis dengan bak / boks panjang maks 5Meter),5,inactive
5363,171,Kupang,Nusa Tenggara Timur,Kupang,Lewoleba,Nusa Tenggara Timur,kendaraan,Kendaraan,16,Golongan V - Penumpang,vehicle,GOL V A,Kendaraan penumpang (minibus/elf sejenis dengan panjang lebih dari 5-7Meter),16,inactive
5363,171,Kupang,Nusa Tenggara Timur,Kupang,Lewoleba,Nusa Tenggara Timur,kendaraan,Kendaraan,17,Golongan V - Barang,vehicle,GOL V B,Kendaraan barang (dengan bak/boks dan tangki sejenis dengan panjang lebih dari 5-7Meter),2,inactive
5363,171,Kupang,Nusa Tenggara Timur,Kupang,Lewoleba,Nusa Tenggara Timur,kendaraan,Kendaraan,18,Golongan VI - Penumpang,vehicle,GOL VI A,Kendaraan penumpang (bus dengan panjang lebih dari 7-10Meter),32,inactive
5363,171,Kupang,Nusa Tenggara Timur,Kupang,Lewoleba,Nusa Tenggara Timur,kendaraan,Kendaraan,19,Golongan VI - Barang,vehicle,GOL VI B,Kendaraan barang (dengan bak/boks dan tangki sejenis dengan panjang lebih dari 7-10m),2,inactive
5363,171,Kupang,Nusa Tenggara Timur,Kupang,Lewoleba,Nusa Tenggara Timur,kendaraan,Kendaraan,20,Golongan VII,vehicle,GOL VII,"Truk tronton / tangki, kereta penarik kendaraan berat dengan Panjang 10-12m",2,inactive
5363,171,Kupang,Nusa Tenggara Timur,Kupang,Lewoleba,Nusa Tenggara Timur,kendaraan,Kendaraan,21,Golongan VIII,vehicle,GOL VIII,"Truk tronton / tangki, kereta penarik kendaraan berat dengan Panjang lebih dari 12-16m",2,inactive
5363,171,Kupang,Nusa Tenggara Timur,Kupang,Lewoleba,Nusa Tenggara Timur,kendaraan,Kendaraan,22,Golongan IX,vehicle,GOL IX,"Truk tronton / tangki, kereta penarik kendaraan berat dengan Panjang lebih dari 16m & Alat Berat",2,inactive
5430,171,Kupang,Nusa Tenggara Timur,Kupang,Naikliu,Nusa Tenggara Timur,pejalan-kaki,Pejalan Kaki,7,Dewasa Ekonomi,passenger,DEWASA,>2 Tahun,10,Inactive
5430,171,Kupang,Nusa Tenggara Timur,Kupang,Naikliu,Nusa Tenggara Timur,pejalan-kaki,Pejalan Kaki,8,Anak - Anak Ekonomi,passenger,ANAK,2 - 5 Tahun,10,Inactive
5430,171,Kupang,Nusa Tenggara Timur,Kupang,Naikliu,Nusa Tenggara Timur,kendaraan,Kendaraan,11,Golongan I,vehicle,GOL I,Sepeda Gayuh,1,inactive
5430,171,Kupang,Nusa Tenggara Timur,Kupang,Naikliu,Nusa Tenggara Timur,kendaraan,Kendaraan,12,Golongan II ,vehicle,GOL II,Sepeda motor roda 2 di bawah 500 cc & gerobak dorong,2,inactive
5430,171,Kupang,Nusa Tenggara Timur,Kupang,Naikliu,Nusa Tenggara Timur,kendaraan,Kendaraan,13,Golongan III,vehicle,GOL III,Sepeda motor besar lebih dari (500 cc) & Sepeda motor roda 3,2,inactive
5430,171,Kupang,Nusa Tenggara Timur,Kupang,Naikliu,Nusa Tenggara Timur,kendaraan,Kendaraan,14,Golongan IV - Penumpang,vehicle,GOL IV A,"Kendaraan penumpang roda 4 (sedan, jeep dan sejenisnya dengan panjang maks 5Meter)",7,inactive
5430,171,Kupang,Nusa Tenggara Timur,Kupang,Naikliu,Nusa Tenggara Timur,kendaraan,Kendaraan,15,Golongan IV - Barang,vehicle,GOL IV B,Kendaraan penumpang roda 4 (pickup sejenis dengan bak / boks panjang maks 5Meter),5,inactive
5430,171,Kupang,Nusa Tenggara Timur,Kupang,Naikliu,Nusa Tenggara Timur,kendaraan,Kendaraan,16,Golongan V - Penumpang,vehicle,GOL V A,Kendaraan penumpang (minibus/elf sejenis dengan panjang lebih dari 5-7Meter),16,inactive
5430,171,Kupang,Nusa Tenggara Timur,Kupang,Naikliu,Nusa Tenggara Timur,kendaraan,Kendaraan,17,Golongan V - Barang,vehicle,GOL V B,Kendaraan barang (dengan bak/boks dan tangki sejenis dengan panjang lebih dari 5-7Meter),2,inactive
5430,171,Kupang,Nusa Tenggara Timur,Kupang,Naikliu,Nusa Tenggara Timur,kendaraan,Kendaraan,18,Golongan VI - Penumpang,vehicle,GOL VI A,Kendaraan penumpang (bus dengan panjang lebih dari 7-10Meter),32,inactive
5430,171,Kupang,Nusa Tenggara Timur,Kupang,Naikliu,Nusa Tenggara Timur,kendaraan,Kendaraan,19,Golongan VI - Barang,vehicle,GOL VI B,Kendaraan barang (dengan bak/boks dan tangki sejenis dengan panjang lebih dari 7-10m),2,inactive
5430,171,Kupang,Nusa Tenggara Timur,Kupang,Naikliu,Nusa Tenggara Timur,kendaraan,Kendaraan,20,Golongan VII,vehicle,GOL VII,"Truk tronton / tangki, kereta penarik kendaraan berat dengan Panjang 10-12m",2,inactive
5430,171,Kupang,Nusa Tenggara Timur,Kupang,Naikliu,Nusa Tenggara Timur,kendaraan,Kendaraan,21,Golongan VIII,vehicle,GOL VIII,"Truk tronton / tangki, kereta penarik kendaraan berat dengan Panjang lebih dari 12-16m",2,inactive
5430,171,Kupang,Nusa Tenggara Timur,Kupang,Naikliu,Nusa Tenggara Timur,kendaraan,Kendaraan,22,Golongan IX,vehicle,GOL IX,"Truk tronton / tangki, kereta penarik kendaraan berat dengan Panjang lebih dari 16m & Alat Berat",2,inactive
5373,171,Kupang,Nusa Tenggara Timur,Kupang,Ndao,Nusa Tenggara Timur,pejalan-kaki,Pejalan Kaki,7,Dewasa Ekonomi,passenger,DEWASA,>2 Tahun,10,Inactive
5373,171,Kupang,Nusa Tenggara Timur,Kupang,Ndao,Nusa Tenggara Timur,pejalan-kaki,Pejalan Kaki,8,Anak - Anak Ekonomi,passenger,ANAK,2 - 5 Tahun,10,Inactive
5373,171,Kupang,Nusa Tenggara Timur,Kupang,Ndao,Nusa Tenggara Timur,kendaraan,Kendaraan,11,Golongan I,vehicle,GOL I,Sepeda Gayuh,1,inactive
5373,171,Kupang,Nusa Tenggara Timur,Kupang,Ndao,Nusa Tenggara Timur,kendaraan,Kendaraan,12,Golongan II ,vehicle,GOL II,Sepeda motor roda 2 di bawah 500 cc & gerobak dorong,2,inactive
5373,171,Kupang,Nusa Tenggara Timur,Kupang,Ndao,Nusa Tenggara Timur,kendaraan,Kendaraan,13,Golongan III,vehicle,GOL III,Sepeda motor besar lebih dari (500 cc) & Sepeda motor roda 3,2,inactive
5373,171,Kupang,Nusa Tenggara Timur,Kupang,Ndao,Nusa Tenggara Timur,kendaraan,Kendaraan,14,Golongan IV - Penumpang,vehicle,GOL IV A,"Kendaraan penumpang roda 4 (sedan, jeep dan sejenisnya dengan panjang maks 5Meter)",7,inactive
5373,171,Kupang,Nusa Tenggara Timur,Kupang,Ndao,Nusa Tenggara Timur,kendaraan,Kendaraan,15,Golongan IV - Barang,vehicle,GOL IV B,Kendaraan penumpang roda 4 (pickup sejenis dengan bak / boks panjang maks 5Meter),5,inactive
5373,171,Kupang,Nusa Tenggara Timur,Kupang,Ndao,Nusa Tenggara Timur,kendaraan,Kendaraan,16,Golongan V - Penumpang,vehicle,GOL V A,Kendaraan penumpang (minibus/elf sejenis dengan panjang lebih dari 5-7Meter),16,inactive
5373,171,Kupang,Nusa Tenggara Timur,Kupang,Ndao,Nusa Tenggara Timur,kendaraan,Kendaraan,17,Golongan V - Barang,vehicle,GOL V B,Kendaraan barang (dengan bak/boks dan tangki sejenis dengan panjang lebih dari 5-7Meter),2,inactive
5373,171,Kupang,Nusa Tenggara Timur,Kupang,Ndao,Nusa Tenggara Timur,kendaraan,Kendaraan,18,Golongan VI - Penumpang,vehicle,GOL VI A,Kendaraan penumpang (bus dengan panjang lebih dari 7-10Meter),32,inactive
5373,171,Kupang,Nusa Tenggara Timur,Kupang,Ndao,Nusa Tenggara Timur,kendaraan,Kendaraan,19,Golongan VI - Barang,vehicle,GOL VI B,Kendaraan barang (dengan bak/boks dan tangki sejenis dengan panjang lebih dari 7-10m),2,inactive
5373,171,Kupang,Nusa Tenggara Timur,Kupang,Ndao,Nusa Tenggara Timur,kendaraan,Kendaraan,20,Golongan VII,vehicle,GOL VII,"Truk tronton / tangki, kereta penarik kendaraan berat dengan Panjang 10-12m",2,inactive
5373,171,Kupang,Nusa Tenggara Timur,Kupang,Ndao,Nusa Tenggara Timur,kendaraan,Kendaraan,21,Golongan VIII,vehicle,GOL VIII,"Truk tronton / tangki, kereta penarik kendaraan berat dengan Panjang lebih dari 12-16m",2,inactive
5373,171,Kupang,Nusa Tenggara Timur,Kupang,Ndao,Nusa Tenggara Timur,kendaraan,Kendaraan,22,Golongan IX,vehicle,GOL IX,"Truk tronton / tangki, kereta penarik kendaraan berat dengan Panjang lebih dari 16m & Alat Berat",2,inactive
5435,171,Kupang,Nusa Tenggara Timur,Kupang,Raijua,Nusa Tenggara Timur,pejalan-kaki,Pejalan Kaki,7,Dewasa Ekonomi,passenger,DEWASA,>2 Tahun,10,Inactive
5435,171,Kupang,Nusa Tenggara Timur,Kupang,Raijua,Nusa Tenggara Timur,pejalan-kaki,Pejalan Kaki,8,Anak - Anak Ekonomi,passenger,ANAK,2 - 5 Tahun,10,Inactive
5435,171,Kupang,Nusa Tenggara Timur,Kupang,Raijua,Nusa Tenggara Timur,kendaraan,Kendaraan,11,Golongan I,vehicle,GOL I,Sepeda Gayuh,1,inactive
5435,171,Kupang,Nusa Tenggara Timur,Kupang,Raijua,Nusa Tenggara Timur,kendaraan,Kendaraan,12,Golongan II ,vehicle,GOL II,Sepeda motor roda 2 di bawah 500 cc & gerobak dorong,2,inactive
5435,171,Kupang,Nusa Tenggara Timur,Kupang,Raijua,Nusa Tenggara Timur,kendaraan,Kendaraan,13,Golongan III,vehicle,GOL III,Sepeda motor besar lebih dari (500 cc) & Sepeda motor roda 3,2,inactive
5435,171,Kupang,Nusa Tenggara Timur,Kupang,Raijua,Nusa Tenggara Timur,kendaraan,Kendaraan,14,Golongan IV - Penumpang,vehicle,GOL IV A,"Kendaraan penumpang roda 4 (sedan, jeep dan sejenisnya dengan panjang maks 5Meter)",7,inactive
5435,171,Kupang,Nusa Tenggara Timur,Kupang,Raijua,Nusa Tenggara Timur,kendaraan,Kendaraan,15,Golongan IV - Barang,vehicle,GOL IV B,Kendaraan penumpang roda 4 (pickup sejenis dengan bak / boks panjang maks 5Meter),5,inactive
5435,171,Kupang,Nusa Tenggara Timur,Kupang,Raijua,Nusa Tenggara Timur,kendaraan,Kendaraan,16,Golongan V - Penumpang,vehicle,GOL V A,Kendaraan penumpang (minibus/elf sejenis dengan panjang lebih dari 5-7Meter),16,inactive
5435,171,Kupang,Nusa Tenggara Timur,Kupang,Raijua,Nusa Tenggara Timur,kendaraan,Kendaraan,17,Golongan V - Barang,vehicle,GOL V B,Kendaraan barang (dengan bak/boks dan tangki sejenis dengan panjang lebih dari 5-7Meter),2,inactive
5435,171,Kupang,Nusa Tenggara Timur,Kupang,Raijua,Nusa Tenggara Timur,kendaraan,Kendaraan,18,Golongan VI - Penumpang,vehicle,GOL VI A,Kendaraan penumpang (bus dengan panjang lebih dari 7-10Meter),32,inactive
5435,171,Kupang,Nusa Tenggara Timur,Kupang,Raijua,Nusa Tenggara Timur,kendaraan,Kendaraan,19,Golongan VI - Barang,vehicle,GOL VI B,Kendaraan barang (dengan bak/boks dan tangki sejenis dengan panjang lebih dari 7-10m),2,inactive
5435,171,Kupang,Nusa Tenggara Timur,Kupang,Raijua,Nusa Tenggara Timur,kendaraan,Kendaraan,20,Golongan VII,vehicle,GOL VII,"Truk tronton / tangki, kereta penarik kendaraan berat dengan Panjang 10-12m",2,inactive
5435,171,Kupang,Nusa Tenggara Timur,Kupang,Raijua,Nusa Tenggara Timur,kendaraan,Kendaraan,21,Golongan VIII,vehicle,GOL VIII,"Truk tronton / tangki, kereta penarik kendaraan berat dengan Panjang lebih dari 12-16m",2,inactive
5435,171,Kupang,Nusa Tenggara Timur,Kupang,Raijua,Nusa Tenggara Timur,kendaraan,Kendaraan,22,Golongan IX,vehicle,GOL IX,"Truk tronton / tangki, kereta penarik kendaraan berat dengan Panjang lebih dari 16m & Alat Berat",2,inactive
5355,171,Kupang,Nusa Tenggara Timur,Kupang,Rote,Nusa Tenggara Timur,pejalan-kaki,Pejalan Kaki,7,Dewasa Ekonomi,passenger,DEWASA,>2 Tahun,10,Inactive
5355,171,Kupang,Nusa Tenggara Timur,Kupang,Rote,Nusa Tenggara Timur,pejalan-kaki,Pejalan Kaki,5,Dewasa Bisnis I,passenger,DEWASA,>2 Tahun,10,Inactive
5355,171,Kupang,Nusa Tenggara Timur,Kupang,Rote,Nusa Tenggara Timur,pejalan-kaki,Pejalan Kaki,8,Anak - Anak Ekonomi,passenger,ANAK,2 - 5 Tahun,10,Inactive
5355,171,Kupang,Nusa Tenggara Timur,Kupang,Rote,Nusa Tenggara Timur,pejalan-kaki,Pejalan Kaki,6,Anak - Anak Bisnis I,passenger,ANAK,2 - 5 Tahun,10,Inactive
5355,171,Kupang,Nusa Tenggara Timur,Kupang,Rote,Nusa Tenggara Timur,kendaraan,Kendaraan,11,Golongan I,vehicle,GOL I,Sepeda Gayuh,1,inactive
5355,171,Kupang,Nusa Tenggara Timur,Kupang,Rote,Nusa Tenggara Timur,kendaraan,Kendaraan,12,Golongan II ,vehicle,GOL II,Sepeda motor roda 2 di bawah 500 cc & gerobak dorong,2,inactive
5355,171,Kupang,Nusa Tenggara Timur,Kupang,Rote,Nusa Tenggara Timur,kendaraan,Kendaraan,13,Golongan III,vehicle,GOL III,Sepeda motor besar lebih dari (500 cc) & Sepeda motor roda 3,2,inactive
5355,171,Kupang,Nusa Tenggara Timur,Kupang,Rote,Nusa Tenggara Timur,kendaraan,Kendaraan,14,Golongan IV - Penumpang,vehicle,GOL IV A,"Kendaraan penumpang roda 4 (sedan, jeep dan sejenisnya dengan panjang maks 5Meter)",7,inactive
5355,171,Kupang,Nusa Tenggara Timur,Kupang,Rote,Nusa Tenggara Timur,kendaraan,Kendaraan,15,Golongan IV - Barang,vehicle,GOL IV B,Kendaraan penumpang roda 4 (pickup sejenis dengan bak / boks panjang maks 5Meter),5,inactive
5355,171,Kupang,Nusa Tenggara Timur,Kupang,Rote,Nusa Tenggara Timur,kendaraan,Kendaraan,16,Golongan V - Penumpang,vehicle,GOL V A,Kendaraan penumpang (minibus/elf sejenis dengan panjang lebih dari 5-7Meter),16,inactive
5355,171,Kupang,Nusa Tenggara Timur,Kupang,Rote,Nusa Tenggara Timur,kendaraan,Kendaraan,17,Golongan V - Barang,vehicle,GOL V B,Kendaraan barang (dengan bak/boks dan tangki sejenis dengan panjang lebih dari 5-7Meter),2,inactive
5355,171,Kupang,Nusa Tenggara Timur,Kupang,Rote,Nusa Tenggara Timur,kendaraan,Kendaraan,18,Golongan VI - Penumpang,vehicle,GOL VI A,Kendaraan penumpang (bus dengan panjang lebih dari 7-10Meter),32,inactive
5355,171,Kupang,Nusa Tenggara Timur,Kupang,Rote,Nusa Tenggara Timur,kendaraan,Kendaraan,19,Golongan VI - Barang,vehicle,GOL VI B,Kendaraan barang (dengan bak/boks dan tangki sejenis dengan panjang lebih dari 7-10m),2,inactive
5355,171,Kupang,Nusa Tenggara Timur,Kupang,Rote,Nusa Tenggara Timur,kendaraan,Kendaraan,20,Golongan VII,vehicle,GOL VII,"Truk tronton / tangki, kereta penarik kendaraan berat dengan Panjang 10-12m",2,inactive
5355,171,Kupang,Nusa Tenggara Timur,Kupang,Rote,Nusa Tenggara Timur,kendaraan,Kendaraan,21,Golongan VIII,vehicle,GOL VIII,"Truk tronton / tangki, kereta penarik kendaraan berat dengan Panjang lebih dari 12-16m",2,inactive
5355,171,Kupang,Nusa Tenggara Timur,Kupang,Rote,Nusa Tenggara Timur,kendaraan,Kendaraan,22,Golongan IX,vehicle,GOL IX,"Truk tronton / tangki, kereta penarik kendaraan berat dengan Panjang lebih dari 16m & Alat Berat",2,inactive
5355,171,Kupang,Nusa Tenggara Timur,Kupang,Rote,Nusa Tenggara Timur,kendaraan,Kendaraan,477,GOLONGAN II SENDIRI,vehicle,GOL II,,0,inactive
5410,171,Kupang,Nusa Tenggara Timur,Kupang,Sabu,Nusa Tenggara Timur,pejalan-kaki,Pejalan Kaki,7,Dewasa Ekonomi,passenger,DEWASA,>2 Tahun,10,Inactive
5410,171,Kupang,Nusa Tenggara Timur,Kupang,Sabu,Nusa Tenggara Timur,pejalan-kaki,Pejalan Kaki,5,Dewasa Bisnis I,passenger,DEWASA,>2 Tahun,10,Inactive
5410,171,Kupang,Nusa Tenggara Timur,Kupang,Sabu,Nusa Tenggara Timur,pejalan-kaki,Pejalan Kaki,8,Anak - Anak Ekonomi,passenger,ANAK,2 - 5 Tahun,10,Inactive
5410,171,Kupang,Nusa Tenggara Timur,Kupang,Sabu,Nusa Tenggara Timur,pejalan-kaki,Pejalan Kaki,6,Anak - Anak Bisnis I,passenger,ANAK,2 - 5 Tahun,10,Inactive
5410,171,Kupang,Nusa Tenggara Timur,Kupang,Sabu,Nusa Tenggara Timur,kendaraan,Kendaraan,11,Golongan I,vehicle,GOL I,Sepeda Gayuh,1,inactive
5410,171,Kupang,Nusa Tenggara Timur,Kupang,Sabu,Nusa Tenggara Timur,kendaraan,Kendaraan,12,Golongan II ,vehicle,GOL II,Sepeda motor roda 2 di bawah 500 cc & gerobak dorong,2,inactive
5410,171,Kupang,Nusa Tenggara Timur,Kupang,Sabu,Nusa Tenggara Timur,kendaraan,Kendaraan,12,Golongan II ,vehicle,GOL II,Sepeda motor roda 2 di bawah 500 cc & gerobak dorong,2,inactive
5410,171,Kupang,Nusa Tenggara Timur,Kupang,Sabu,Nusa Tenggara Timur,kendaraan,Kendaraan,13,Golongan III,vehicle,GOL III,Sepeda motor besar lebih dari (500 cc) & Sepeda motor roda 3,2,inactive
5410,171,Kupang,Nusa Tenggara Timur,Kupang,Sabu,Nusa Tenggara Timur,kendaraan,Kendaraan,14,Golongan IV - Penumpang,vehicle,GOL IV A,"Kendaraan penumpang roda 4 (sedan, jeep dan sejenisnya dengan panjang maks 5Meter)",7,inactive
5410,171,Kupang,Nusa Tenggara Timur,Kupang,Sabu,Nusa Tenggara Timur,kendaraan,Kendaraan,15,Golongan IV - Barang,vehicle,GOL IV B,Kendaraan penumpang roda 4 (pickup sejenis dengan bak / boks panjang maks 5Meter),5,inactive
5410,171,Kupang,Nusa Tenggara Timur,Kupang,Sabu,Nusa Tenggara Timur,kendaraan,Kendaraan,16,Golongan V - Penumpang,vehicle,GOL V A,Kendaraan penumpang (minibus/elf sejenis dengan panjang lebih dari 5-7Meter),16,inactive
5410,171,Kupang,Nusa Tenggara Timur,Kupang,Sabu,Nusa Tenggara Timur,kendaraan,Kendaraan,17,Golongan V - Barang,vehicle,GOL V B,Kendaraan barang (dengan bak/boks dan tangki sejenis dengan panjang lebih dari 5-7Meter),2,inactive
5410,171,Kupang,Nusa Tenggara Timur,Kupang,Sabu,Nusa Tenggara Timur,kendaraan,Kendaraan,18,Golongan VI - Penumpang,vehicle,GOL VI A,Kendaraan penumpang (bus dengan panjang lebih dari 7-10Meter),32,inactive
5410,171,Kupang,Nusa Tenggara Timur,Kupang,Sabu,Nusa Tenggara Timur,kendaraan,Kendaraan,19,Golongan VI - Barang,vehicle,GOL VI B,Kendaraan barang (dengan bak/boks dan tangki sejenis dengan panjang lebih dari 7-10m),2,inactive
5410,171,Kupang,Nusa Tenggara Timur,Kupang,Sabu,Nusa Tenggara Timur,kendaraan,Kendaraan,20,Golongan VII,vehicle,GOL VII,"Truk tronton / tangki, kereta penarik kendaraan berat dengan Panjang 10-12m",2,inactive
5410,171,Kupang,Nusa Tenggara Timur,Kupang,Sabu,Nusa Tenggara Timur,kendaraan,Kendaraan,21,Golongan VIII,vehicle,GOL VIII,"Truk tronton / tangki, kereta penarik kendaraan berat dengan Panjang lebih dari 12-16m",2,inactive
5410,171,Kupang,Nusa Tenggara Timur,Kupang,Sabu,Nusa Tenggara Timur,kendaraan,Kendaraan,22,Golongan IX,vehicle,GOL IX,"Truk tronton / tangki, kereta penarik kendaraan berat dengan Panjang lebih dari 16m & Alat Berat",2,inactive
5414,171,Kupang,Nusa Tenggara Timur,Kupang,Waingapu,Nusa Tenggara Timur,pejalan-kaki,Pejalan Kaki,7,Dewasa Ekonomi,passenger,DEWASA,>2 Tahun,10,Inactive
5414,171,Kupang,Nusa Tenggara Timur,Kupang,Waingapu,Nusa Tenggara Timur,pejalan-kaki,Pejalan Kaki,5,Dewasa Bisnis I,passenger,DEWASA,>2 Tahun,10,Inactive
5414,171,Kupang,Nusa Tenggara Timur,Kupang,Waingapu,Nusa Tenggara Timur,pejalan-kaki,Pejalan Kaki,8,Anak - Anak Ekonomi,passenger,ANAK,2 - 5 Tahun,10,Inactive
5414,171,Kupang,Nusa Tenggara Timur,Kupang,Waingapu,Nusa Tenggara Timur,pejalan-kaki,Pejalan Kaki,6,Anak - Anak Bisnis I,passenger,ANAK,2 - 5 Tahun,10,Inactive
5414,171,Kupang,Nusa Tenggara Timur,Kupang,Waingapu,Nusa Tenggara Timur,kendaraan,Kendaraan,11,Golongan I,vehicle,GOL I,Sepeda Gayuh,1,inactive
5414,171,Kupang,Nusa Tenggara Timur,Kupang,Waingapu,Nusa Tenggara Timur,kendaraan,Kendaraan,12,Golongan II ,vehicle,GOL II,Sepeda motor roda 2 di bawah 500 cc & gerobak dorong,2,inactive
5414,171,Kupang,Nusa Tenggara Timur,Kupang,Waingapu,Nusa Tenggara Timur,kendaraan,Kendaraan,13,Golongan III,vehicle,GOL III,Sepeda motor besar lebih dari (500 cc) & Sepeda motor roda 3,2,inactive
5414,171,Kupang,Nusa Tenggara Timur,Kupang,Waingapu,Nusa Tenggara Timur,kendaraan,Kendaraan,14,Golongan IV - Penumpang,vehicle,GOL IV A,"Kendaraan penumpang roda 4 (sedan, jeep dan sejenisnya dengan panjang maks 5Meter)",7,inactive
5414,171,Kupang,Nusa Tenggara Timur,Kupang,Waingapu,Nusa Tenggara Timur,kendaraan,Kendaraan,15,Golongan IV - Barang,vehicle,GOL IV B,Kendaraan penumpang roda 4 (pickup sejenis dengan bak / boks panjang maks 5Meter),5,inactive
5414,171,Kupang,Nusa Tenggara Timur,Kupang,Waingapu,Nusa Tenggara Timur,kendaraan,Kendaraan,16,Golongan V - Penumpang,vehicle,GOL V A,Kendaraan penumpang (minibus/elf sejenis dengan panjang lebih dari 5-7Meter),16,inactive
5414,171,Kupang,Nusa Tenggara Timur,Kupang,Waingapu,Nusa Tenggara Timur,kendaraan,Kendaraan,17,Golongan V - Barang,vehicle,GOL V B,Kendaraan barang (dengan bak/boks dan tangki sejenis dengan panjang lebih dari 5-7Meter),2,inactive
5414,171,Kupang,Nusa Tenggara Timur,Kupang,Waingapu,Nusa Tenggara Timur,kendaraan,Kendaraan,18,Golongan VI - Penumpang,vehicle,GOL VI A,Kendaraan penumpang (bus dengan panjang lebih dari 7-10Meter),32,inactive
5414,171,Kupang,Nusa Tenggara Timur,Kupang,Waingapu,Nusa Tenggara Timur,kendaraan,Kendaraan,19,Golongan VI - Barang,vehicle,GOL VI B,Kendaraan barang (dengan bak/boks dan tangki sejenis dengan panjang lebih dari 7-10m),2,inactive
5414,171,Kupang,Nusa Tenggara Timur,Kupang,Waingapu,Nusa Tenggara Timur,kendaraan,Kendaraan,20,Golongan VII,vehicle,GOL VII,"Truk tronton / tangki, kereta penarik kendaraan berat dengan Panjang 10-12m",2,inactive
5414,171,Kupang,Nusa Tenggara Timur,Kupang,Waingapu,Nusa Tenggara Timur,kendaraan,Kendaraan,21,Golongan VIII,vehicle,GOL VIII,"Truk tronton / tangki, kereta penarik kendaraan berat dengan Panjang lebih dari 12-16m",2,inactive
5414,171,Kupang,Nusa Tenggara Timur,Kupang,Waingapu,Nusa Tenggara Timur,kendaraan,Kendaraan,22,Golongan IX,vehicle,GOL IX,"Truk tronton / tangki, kereta penarik kendaraan berat dengan Panjang lebih dari 16m & Alat Berat",2,inactive
199478,199,Labuan Bajo,Nusa Tenggara Timur,Labuan Bajo,Bira ,Sulawesi Selatan,pejalan-kaki,Pejalan Kaki,7,Dewasa Ekonomi,passenger,DEWASA,>2 Tahun,10,Inactive
199478,199,Labuan Bajo,Nusa Tenggara Timur,Labuan Bajo,Bira ,Sulawesi Selatan,pejalan-kaki,Pejalan Kaki,9,Bayi Ekonomi,passenger,BAYI,0 - 2 Tahun,10,Inactive
199478,199,Labuan Bajo,Nusa Tenggara Timur,Labuan Bajo,Bira ,Sulawesi Selatan,kendaraan,Kendaraan,11,Golongan I,vehicle,GOL I,Sepeda Gayuh,1,inactive
199478,199,Labuan Bajo,Nusa Tenggara Timur,Labuan Bajo,Bira ,Sulawesi Selatan,kendaraan,Kendaraan,12,Golongan II ,vehicle,GOL II,Sepeda motor roda 2 di bawah 500 cc & gerobak dorong,2,inactive
199478,199,Labuan Bajo,Nusa Tenggara Timur,Labuan Bajo,Bira ,Sulawesi Selatan,kendaraan,Kendaraan,13,Golongan III,vehicle,GOL III,Sepeda motor besar lebih dari (500 cc) & Sepeda motor roda 3,2,inactive
199478,199,Labuan Bajo,Nusa Tenggara Timur,Labuan Bajo,Bira ,Sulawesi Selatan,kendaraan,Kendaraan,14,Golongan IV - Penumpang,vehicle,GOL IV A,"Kendaraan penumpang roda 4 (sedan, jeep dan sejenisnya dengan panjang maks 5Meter)",7,inactive
199478,199,Labuan Bajo,Nusa Tenggara Timur,Labuan Bajo,Bira ,Sulawesi Selatan,kendaraan,Kendaraan,15,Golongan IV - Barang,vehicle,GOL IV B,Kendaraan penumpang roda 4 (pickup sejenis dengan bak / boks panjang maks 5Meter),5,inactive
199478,199,Labuan Bajo,Nusa Tenggara Timur,Labuan Bajo,Bira ,Sulawesi Selatan,kendaraan,Kendaraan,16,Golongan V - Penumpang,vehicle,GOL V A,Kendaraan penumpang (minibus/elf sejenis dengan panjang lebih dari 5-7Meter),16,inactive
199478,199,Labuan Bajo,Nusa Tenggara Timur,Labuan Bajo,Bira ,Sulawesi Selatan,kendaraan,Kendaraan,17,Golongan V - Barang,vehicle,GOL V B,Kendaraan barang (dengan bak/boks dan tangki sejenis dengan panjang lebih dari 5-7Meter),2,inactive
199478,199,Labuan Bajo,Nusa Tenggara Timur,Labuan Bajo,Bira ,Sulawesi Selatan,kendaraan,Kendaraan,18,Golongan VI - Penumpang,vehicle,GOL VI A,Kendaraan penumpang (bus dengan panjang lebih dari 7-10Meter),32,inactive
199478,199,Labuan Bajo,Nusa Tenggara Timur,Labuan Bajo,Bira ,Sulawesi Selatan,kendaraan,Kendaraan,19,Golongan VI - Barang,vehicle,GOL VI B,Kendaraan barang (dengan bak/boks dan tangki sejenis dengan panjang lebih dari 7-10m),2,inactive
199478,199,Labuan Bajo,Nusa Tenggara Timur,Labuan Bajo,Bira ,Sulawesi Selatan,kendaraan,Kendaraan,20,Golongan VII,vehicle,GOL VII,"Truk tronton / tangki, kereta penarik kendaraan berat dengan Panjang 10-12m",2,inactive
199478,199,Labuan Bajo,Nusa Tenggara Timur,Labuan Bajo,Bira ,Sulawesi Selatan,kendaraan,Kendaraan,21,Golongan VIII,vehicle,GOL VIII,"Truk tronton / tangki, kereta penarik kendaraan berat dengan Panjang lebih dari 12-16m",2,inactive
199478,199,Labuan Bajo,Nusa Tenggara Timur,Labuan Bajo,Bira ,Sulawesi Selatan,kendaraan,Kendaraan,22,Golongan IX,vehicle,GOL IX,"Truk tronton / tangki, kereta penarik kendaraan berat dengan Panjang lebih dari 16m & Alat Berat",2,inactive
199477,199,Labuan Bajo,Nusa Tenggara Timur,Labuan Bajo,Jampea ,Sulawesi Selatan,pejalan-kaki,Pejalan Kaki,7,Dewasa Ekonomi,passenger,DEWASA,>2 Tahun,10,Inactive
199477,199,Labuan Bajo,Nusa Tenggara Timur,Labuan Bajo,Jampea ,Sulawesi Selatan,pejalan-kaki,Pejalan Kaki,9,Bayi Ekonomi,passenger,BAYI,0 - 2 Tahun,10,Inactive
199477,199,Labuan Bajo,Nusa Tenggara Timur,Labuan Bajo,Jampea ,Sulawesi Selatan,kendaraan,Kendaraan,11,Golongan I,vehicle,GOL I,Sepeda Gayuh,1,inactive
199477,199,Labuan Bajo,Nusa Tenggara Timur,Labuan Bajo,Jampea ,Sulawesi Selatan,kendaraan,Kendaraan,12,Golongan II ,vehicle,GOL II,Sepeda motor roda 2 di bawah 500 cc & gerobak dorong,2,inactive
199477,199,Labuan Bajo,Nusa Tenggara Timur,Labuan Bajo,Jampea ,Sulawesi Selatan,kendaraan,Kendaraan,13,Golongan III,vehicle,GOL III,Sepeda motor besar lebih dari (500 cc) & Sepeda motor roda 3,2,inactive
199477,199,Labuan Bajo,Nusa Tenggara Timur,Labuan Bajo,Jampea ,Sulawesi Selatan,kendaraan,Kendaraan,14,Golongan IV - Penumpang,vehicle,GOL IV A,"Kendaraan penumpang roda 4 (sedan, jeep dan sejenisnya dengan panjang maks 5Meter)",7,inactive
199477,199,Labuan Bajo,Nusa Tenggara Timur,Labuan Bajo,Jampea ,Sulawesi Selatan,kendaraan,Kendaraan,15,Golongan IV - Barang,vehicle,GOL IV B,Kendaraan penumpang roda 4 (pickup sejenis dengan bak / boks panjang maks 5Meter),5,inactive
199477,199,Labuan Bajo,Nusa Tenggara Timur,Labuan Bajo,Jampea ,Sulawesi Selatan,kendaraan,Kendaraan,16,Golongan V - Penumpang,vehicle,GOL V A,Kendaraan penumpang (minibus/elf sejenis dengan panjang lebih dari 5-7Meter),16,inactive
199477,199,Labuan Bajo,Nusa Tenggara Timur,Labuan Bajo,Jampea ,Sulawesi Selatan,kendaraan,Kendaraan,17,Golongan V - Barang,vehicle,GOL V B,Kendaraan barang (dengan bak/boks dan tangki sejenis dengan panjang lebih dari 5-7Meter),2,inactive
199477,199,Labuan Bajo,Nusa Tenggara Timur,Labuan Bajo,Jampea ,Sulawesi Selatan,kendaraan,Kendaraan,18,Golongan VI - Penumpang,vehicle,GOL VI A,Kendaraan penumpang (bus dengan panjang lebih dari 7-10Meter),32,inactive
199477,199,Labuan Bajo,Nusa Tenggara Timur,Labuan Bajo,Jampea ,Sulawesi Selatan,kendaraan,Kendaraan,19,Golongan VI - Barang,vehicle,GOL VI B,Kendaraan barang (dengan bak/boks dan tangki sejenis dengan panjang lebih dari 7-10m),2,inactive
199477,199,Labuan Bajo,Nusa Tenggara Timur,Labuan Bajo,Jampea ,Sulawesi Selatan,kendaraan,Kendaraan,20,Golongan VII,vehicle,GOL VII,"Truk tronton / tangki, kereta penarik kendaraan berat dengan Panjang 10-12m",2,inactive
199477,199,Labuan Bajo,Nusa Tenggara Timur,Labuan Bajo,Jampea ,Sulawesi Selatan,kendaraan,Kendaraan,21,Golongan VIII,vehicle,GOL VIII,"Truk tronton / tangki, kereta penarik kendaraan berat dengan Panjang lebih dari 12-16m",2,inactive
199477,199,Labuan Bajo,Nusa Tenggara Timur,Labuan Bajo,Jampea ,Sulawesi Selatan,kendaraan,Kendaraan,22,Golongan IX,vehicle,GOL IX,"Truk tronton / tangki, kereta penarik kendaraan berat dengan Panjang lebih dari 16m & Alat Berat",2,inactive
199559,199,Labuan Bajo,Nusa Tenggara Timur,Labuan Bajo,Pulau Rinca,Nusa Tenggara Timur,pejalan-kaki,Pejalan Kaki,7,Dewasa Ekonomi,passenger,DEWASA,>2 Tahun,10,Inactive
199559,199,Labuan Bajo,Nusa Tenggara Timur,Labuan Bajo,Pulau Rinca,Nusa Tenggara Timur,pejalan-kaki,Pejalan Kaki,9,Bayi Ekonomi,passenger,BAYI,0 - 2 Tahun,10,Inactive
199559,199,Labuan Bajo,Nusa Tenggara Timur,Labuan Bajo,Pulau Rinca,Nusa Tenggara Timur,kendaraan,Kendaraan,11,Golongan I,vehicle,GOL I,Sepeda Gayuh,1,inactive
199559,199,Labuan Bajo,Nusa Tenggara Timur,Labuan Bajo,Pulau Rinca,Nusa Tenggara Timur,kendaraan,Kendaraan,12,Golongan II ,vehicle,GOL II,Sepeda motor roda 2 di bawah 500 cc & gerobak dorong,2,inactive
199559,199,Labuan Bajo,Nusa Tenggara Timur,Labuan Bajo,Pulau Rinca,Nusa Tenggara Timur,kendaraan,Kendaraan,13,Golongan III,vehicle,GOL III,Sepeda motor besar lebih dari (500 cc) & Sepeda motor roda 3,2,inactive
199559,199,Labuan Bajo,Nusa Tenggara Timur,Labuan Bajo,Pulau Rinca,Nusa Tenggara Timur,kendaraan,Kendaraan,14,Golongan IV - Penumpang,vehicle,GOL IV A,"Kendaraan penumpang roda 4 (sedan, jeep dan sejenisnya dengan panjang maks 5Meter)",7,inactive
199559,199,Labuan Bajo,Nusa Tenggara Timur,Labuan Bajo,Pulau Rinca,Nusa Tenggara Timur,kendaraan,Kendaraan,15,Golongan IV - Barang,vehicle,GOL IV B,Kendaraan penumpang roda 4 (pickup sejenis dengan bak / boks panjang maks 5Meter),5,inactive
199559,199,Labuan Bajo,Nusa Tenggara Timur,Labuan Bajo,Pulau Rinca,Nusa Tenggara Timur,kendaraan,Kendaraan,16,Golongan V - Penumpang,vehicle,GOL V A,Kendaraan penumpang (minibus/elf sejenis dengan panjang lebih dari 5-7Meter),16,inactive
199559,199,Labuan Bajo,Nusa Tenggara Timur,Labuan Bajo,Pulau Rinca,Nusa Tenggara Timur,kendaraan,Kendaraan,17,Golongan V - Barang,vehicle,GOL V B,Kendaraan barang (dengan bak/boks dan tangki sejenis dengan panjang lebih dari 5-7Meter),2,inactive
199559,199,Labuan Bajo,Nusa Tenggara Timur,Labuan Bajo,Pulau Rinca,Nusa Tenggara Timur,kendaraan,Kendaraan,18,Golongan VI - Penumpang,vehicle,GOL VI A,Kendaraan penumpang (bus dengan panjang lebih dari 7-10Meter),32,inactive
199559,199,Labuan Bajo,Nusa Tenggara Timur,Labuan Bajo,Pulau Rinca,Nusa Tenggara Timur,kendaraan,Kendaraan,19,Golongan VI - Barang,vehicle,GOL VI B,Kendaraan barang (dengan bak/boks dan tangki sejenis dengan panjang lebih dari 7-10m),2,inactive
199559,199,Labuan Bajo,Nusa Tenggara Timur,Labuan Bajo,Pulau Rinca,Nusa Tenggara Timur,kendaraan,Kendaraan,20,Golongan VII,vehicle,GOL VII,"Truk tronton / tangki, kereta penarik kendaraan berat dengan Panjang 10-12m",2,inactive
199559,199,Labuan Bajo,Nusa Tenggara Timur,Labuan Bajo,Pulau Rinca,Nusa Tenggara Timur,kendaraan,Kendaraan,20,Golongan VII,vehicle,GOL VII,"Truk tronton / tangki, kereta penarik kendaraan berat dengan Panjang 10-12m",2,inactive
199559,199,Labuan Bajo,Nusa Tenggara Timur,Labuan Bajo,Pulau Rinca,Nusa Tenggara Timur,kendaraan,Kendaraan,21,Golongan VIII,vehicle,GOL VIII,"Truk tronton / tangki, kereta penarik kendaraan berat dengan Panjang lebih dari 12-16m",2,inactive
199559,199,Labuan Bajo,Nusa Tenggara Timur,Labuan Bajo,Pulau Rinca,Nusa Tenggara Timur,kendaraan,Kendaraan,22,Golongan IX,vehicle,GOL IX,"Truk tronton / tangki, kereta penarik kendaraan berat dengan Panjang lebih dari 16m & Alat Berat",2,inactive
5514,199,Labuan Bajo,Nusa Tenggara Timur,Labuan Bajo,Sape,Nusa Tenggara Barat,pejalan-kaki,Pejalan Kaki,7,Dewasa Ekonomi,passenger,DEWASA,>2 Tahun,10,Inactive
5514,199,Labuan Bajo,Nusa Tenggara Timur,Labuan Bajo,Sape,Nusa Tenggara Barat,pejalan-kaki,Pejalan Kaki,9,Bayi Ekonomi,passenger,BAYI,0 - 2 Tahun,10,Inactive
5514,199,Labuan Bajo,Nusa Tenggara Timur,Labuan Bajo,Sape,Nusa Tenggara Barat,kendaraan,Kendaraan,11,Golongan I,vehicle,GOL I,Sepeda Gayuh,1,inactive
5514,199,Labuan Bajo,Nusa Tenggara Timur,Labuan Bajo,Sape,Nusa Tenggara Barat,kendaraan,Kendaraan,12,Golongan II ,vehicle,GOL II,Sepeda motor roda 2 di bawah 500 cc & gerobak dorong,2,inactive
5514,199,Labuan Bajo,Nusa Tenggara Timur,Labuan Bajo,Sape,Nusa Tenggara Barat,kendaraan,Kendaraan,13,Golongan III,vehicle,GOL III,Sepeda motor besar lebih dari (500 cc) & Sepeda motor roda 3,2,inactive
5514,199,Labuan Bajo,Nusa Tenggara Timur,Labuan Bajo,Sape,Nusa Tenggara Barat,kendaraan,Kendaraan,14,Golongan IV - Penumpang,vehicle,GOL IV A,"Kendaraan penumpang roda 4 (sedan, jeep dan sejenisnya dengan panjang maks 5Meter)",7,inactive
5514,199,Labuan Bajo,Nusa Tenggara Timur,Labuan Bajo,Sape,Nusa Tenggara Barat,kendaraan,Kendaraan,15,Golongan IV - Barang,vehicle,GOL IV B,Kendaraan penumpang roda 4 (pickup sejenis dengan bak / boks panjang maks 5Meter),5,active
5514,199,Labuan Bajo,Nusa Tenggara Timur,Labuan Bajo,Sape,Nusa Tenggara Barat,kendaraan,Kendaraan,16,Golongan V - Penumpang,vehicle,GOL V A,Kendaraan penumpang (minibus/elf sejenis dengan panjang lebih dari 5-7Meter),16,inactive
5514,199,Labuan Bajo,Nusa Tenggara Timur,Labuan Bajo,Sape,Nusa Tenggara Barat,kendaraan,Kendaraan,17,Golongan V - Barang,vehicle,GOL V B,Kendaraan barang (dengan bak/boks dan tangki sejenis dengan panjang lebih dari 5-7Meter),2,active
5514,199,Labuan Bajo,Nusa Tenggara Timur,Labuan Bajo,Sape,Nusa Tenggara Barat,kendaraan,Kendaraan,18,Golongan VI - Penumpang,vehicle,GOL VI A,Kendaraan penumpang (bus dengan panjang lebih dari 7-10Meter),32,inactive
5514,199,Labuan Bajo,Nusa Tenggara Timur,Labuan Bajo,Sape,Nusa Tenggara Barat,kendaraan,Kendaraan,19,Golongan VI - Barang,vehicle,GOL VI B,Kendaraan barang (dengan bak/boks dan tangki sejenis dengan panjang lebih dari 7-10m),2,active
5514,199,Labuan Bajo,Nusa Tenggara Timur,Labuan Bajo,Sape,Nusa Tenggara Barat,kendaraan,Kendaraan,20,Golongan VII,vehicle,GOL VII,"Truk tronton / tangki, kereta penarik kendaraan berat dengan Panjang 10-12m",2,active
5514,199,Labuan Bajo,Nusa Tenggara Timur,Labuan Bajo,Sape,Nusa Tenggara Barat,kendaraan,Kendaraan,21,Golongan VIII,vehicle,GOL VIII,"Truk tronton / tangki, kereta penarik kendaraan berat dengan Panjang lebih dari 12-16m",2,active
5514,199,Labuan Bajo,Nusa Tenggara Timur,Labuan Bajo,Sape,Nusa Tenggara Barat,kendaraan,Kendaraan,22,Golongan IX,vehicle,GOL IX,"Truk tronton / tangki, kereta penarik kendaraan berat dengan Panjang lebih dari 16m & Alat Berat",2,active
199436,199,Labuan Bajo,Nusa Tenggara Timur,Labuan Bajo,Waingapu,Nusa Tenggara Timur,pejalan-kaki,Pejalan Kaki,7,Dewasa Ekonomi,passenger,DEWASA,>2 Tahun,10,Inactive
199436,199,Labuan Bajo,Nusa Tenggara Timur,Labuan Bajo,Waingapu,Nusa Tenggara Timur,pejalan-kaki,Pejalan Kaki,8,Anak - Anak Ekonomi,passenger,ANAK,2 - 5 Tahun,10,Inactive
199436,199,Labuan Bajo,Nusa Tenggara Timur,Labuan Bajo,Waingapu,Nusa Tenggara Timur,kendaraan,Kendaraan,11,Golongan I,vehicle,GOL I,Sepeda Gayuh,1,inactive
199436,199,Labuan Bajo,Nusa Tenggara Timur,Labuan Bajo,Waingapu,Nusa Tenggara Timur,kendaraan,Kendaraan,12,Golongan II ,vehicle,GOL II,Sepeda motor roda 2 di bawah 500 cc & gerobak dorong,2,inactive
199436,199,Labuan Bajo,Nusa Tenggara Timur,Labuan Bajo,Waingapu,Nusa Tenggara Timur,kendaraan,Kendaraan,13,Golongan III,vehicle,GOL III,Sepeda motor besar lebih dari (500 cc) & Sepeda motor roda 3,2,inactive
199436,199,Labuan Bajo,Nusa Tenggara Timur,Labuan Bajo,Waingapu,Nusa Tenggara Timur,kendaraan,Kendaraan,14,Golongan IV - Penumpang,vehicle,GOL IV A,"Kendaraan penumpang roda 4 (sedan, jeep dan sejenisnya dengan panjang maks 5Meter)",7,inactive
199436,199,Labuan Bajo,Nusa Tenggara Timur,Labuan Bajo,Waingapu,Nusa Tenggara Timur,kendaraan,Kendaraan,15,Golongan IV - Barang,vehicle,GOL IV B,Kendaraan penumpang roda 4 (pickup sejenis dengan bak / boks panjang maks 5Meter),5,inactive
199436,199,Labuan Bajo,Nusa Tenggara Timur,Labuan Bajo,Waingapu,Nusa Tenggara Timur,kendaraan,Kendaraan,16,Golongan V - Penumpang,vehicle,GOL V A,Kendaraan penumpang (minibus/elf sejenis dengan panjang lebih dari 5-7Meter),16,inactive
199436,199,Labuan Bajo,Nusa Tenggara Timur,Labuan Bajo,Waingapu,Nusa Tenggara Timur,kendaraan,Kendaraan,17,Golongan V - Barang,vehicle,GOL V B,Kendaraan barang (dengan bak/boks dan tangki sejenis dengan panjang lebih dari 5-7Meter),2,inactive
199436,199,Labuan Bajo,Nusa Tenggara Timur,Labuan Bajo,Waingapu,Nusa Tenggara Timur,kendaraan,Kendaraan,18,Golongan VI - Penumpang,vehicle,GOL VI A,Kendaraan penumpang (bus dengan panjang lebih dari 7-10Meter),32,inactive
199436,199,Labuan Bajo,Nusa Tenggara Timur,Labuan Bajo,Waingapu,Nusa Tenggara Timur,kendaraan,Kendaraan,19,Golongan VI - Barang,vehicle,GOL VI B,Kendaraan barang (dengan bak/boks dan tangki sejenis dengan panjang lebih dari 7-10m),2,inactive
199436,199,Labuan Bajo,Nusa Tenggara Timur,Labuan Bajo,Waingapu,Nusa Tenggara Timur,kendaraan,Kendaraan,20,Golongan VII,vehicle,GOL VII,"Truk tronton / tangki, kereta penarik kendaraan berat dengan Panjang 10-12m",2,inactive
199436,199,Labuan Bajo,Nusa Tenggara Timur,Labuan Bajo,Waingapu,Nusa Tenggara Timur,kendaraan,Kendaraan,21,Golongan VIII,vehicle,GOL VIII,"Truk tronton / tangki, kereta penarik kendaraan berat dengan Panjang lebih dari 12-16m",2,inactive
199436,199,Labuan Bajo,Nusa Tenggara Timur,Labuan Bajo,Waingapu,Nusa Tenggara Timur,kendaraan,Kendaraan,22,Golongan IX,vehicle,GOL IX,"Truk tronton / tangki, kereta penarik kendaraan berat dengan Panjang lebih dari 16m & Alat Berat",2,inactive
218217,218,Langara,Sulawesi Tenggara,Langara,Kendari,Sulawesi Tenggara,pejalan-kaki,Pejalan Kaki,7,Dewasa Ekonomi,passenger,DEWASA,>2 Tahun,10,Inactive
218217,218,Langara,Sulawesi Tenggara,Langara,Kendari,Sulawesi Tenggara,pejalan-kaki,Pejalan Kaki,5,Dewasa Bisnis I,passenger,DEWASA,>2 Tahun,10,Inactive
218217,218,Langara,Sulawesi Tenggara,Langara,Kendari,Sulawesi Tenggara,pejalan-kaki,Pejalan Kaki,9,Bayi Ekonomi,passenger,BAYI,0 - 2 Tahun,10,Inactive
218217,218,Langara,Sulawesi Tenggara,Langara,Kendari,Sulawesi Tenggara,pejalan-kaki,Pejalan Kaki,504,Bayi Bisnis,passenger,BAYI,0 - 2 Tahun,10,Inactive
218217,218,Langara,Sulawesi Tenggara,Langara,Kendari,Sulawesi Tenggara,pejalan-kaki,Pejalan Kaki,525,SUPLESI BAYI EKONOMI KE BISNIS,passenger,SUPLESI,,0,Inactive
218217,218,Langara,Sulawesi Tenggara,Langara,Kendari,Sulawesi Tenggara,kendaraan,Kendaraan,11,Golongan I,vehicle,GOL I,Sepeda Gayuh,1,inactive
218217,218,Langara,Sulawesi Tenggara,Langara,Kendari,Sulawesi Tenggara,kendaraan,Kendaraan,12,Golongan II ,vehicle,GOL II,Sepeda motor roda 2 di bawah 500 cc & gerobak dorong,2,inactive
218217,218,Langara,Sulawesi Tenggara,Langara,Kendari,Sulawesi Tenggara,kendaraan,Kendaraan,13,Golongan III,vehicle,GOL III,Sepeda motor besar lebih dari (500 cc) & Sepeda motor roda 3,2,inactive
218217,218,Langara,Sulawesi Tenggara,Langara,Kendari,Sulawesi Tenggara,kendaraan,Kendaraan,14,Golongan IV - Penumpang,vehicle,GOL IV A,"Kendaraan penumpang roda 4 (sedan, jeep dan sejenisnya dengan panjang maks 5Meter)",7,inactive
218217,218,Langara,Sulawesi Tenggara,Langara,Kendari,Sulawesi Tenggara,kendaraan,Kendaraan,15,Golongan IV - Barang,vehicle,GOL IV B,Kendaraan penumpang roda 4 (pickup sejenis dengan bak / boks panjang maks 5Meter),5,active
218217,218,Langara,Sulawesi Tenggara,Langara,Kendari,Sulawesi Tenggara,kendaraan,Kendaraan,16,Golongan V - Penumpang,vehicle,GOL V A,Kendaraan penumpang (minibus/elf sejenis dengan panjang lebih dari 5-7Meter),16,inactive
218217,218,Langara,Sulawesi Tenggara,Langara,Kendari,Sulawesi Tenggara,kendaraan,Kendaraan,17,Golongan V - Barang,vehicle,GOL V B,Kendaraan barang (dengan bak/boks dan tangki sejenis dengan panjang lebih dari 5-7Meter),2,active
218217,218,Langara,Sulawesi Tenggara,Langara,Kendari,Sulawesi Tenggara,kendaraan,Kendaraan,18,Golongan VI - Penumpang,vehicle,GOL VI A,Kendaraan penumpang (bus dengan panjang lebih dari 7-10Meter),32,inactive
218217,218,Langara,Sulawesi Tenggara,Langara,Kendari,Sulawesi Tenggara,kendaraan,Kendaraan,19,Golongan VI - Barang,vehicle,GOL VI B,Kendaraan barang (dengan bak/boks dan tangki sejenis dengan panjang lebih dari 7-10m),2,active
218217,218,Langara,Sulawesi Tenggara,Langara,Kendari,Sulawesi Tenggara,kendaraan,Kendaraan,20,Golongan VII,vehicle,GOL VII,"Truk tronton / tangki, kereta penarik kendaraan berat dengan Panjang 10-12m",2,active
218217,218,Langara,Sulawesi Tenggara,Langara,Kendari,Sulawesi Tenggara,kendaraan,Kendaraan,21,Golongan VIII,vehicle,GOL VIII,"Truk tronton / tangki, kereta penarik kendaraan berat dengan Panjang lebih dari 12-16m",2,active
218217,218,Langara,Sulawesi Tenggara,Langara,Kendari,Sulawesi Tenggara,kendaraan,Kendaraan,22,Golongan IX,vehicle,GOL IX,"Truk tronton / tangki, kereta penarik kendaraan berat dengan Panjang lebih dari 16m & Alat Berat",2,active
5431,173,Larantuka,Nusa Tenggara Timur,Larantuka,Adonara,Nusa Tenggara Timur,pejalan-kaki,Pejalan Kaki,7,Dewasa Ekonomi,passenger,DEWASA,>2 Tahun,10,Inactive
5431,173,Larantuka,Nusa Tenggara Timur,Larantuka,Adonara,Nusa Tenggara Timur,kendaraan,Kendaraan,11,Golongan I,vehicle,GOL I,Sepeda Gayuh,1,inactive
5431,173,Larantuka,Nusa Tenggara Timur,Larantuka,Adonara,Nusa Tenggara Timur,kendaraan,Kendaraan,12,Golongan II ,vehicle,GOL II,Sepeda motor roda 2 di bawah 500 cc & gerobak dorong,2,inactive
5431,173,Larantuka,Nusa Tenggara Timur,Larantuka,Adonara,Nusa Tenggara Timur,kendaraan,Kendaraan,13,Golongan III,vehicle,GOL III,Sepeda motor besar lebih dari (500 cc) & Sepeda motor roda 3,2,inactive
5431,173,Larantuka,Nusa Tenggara Timur,Larantuka,Adonara,Nusa Tenggara Timur,kendaraan,Kendaraan,14,Golongan IV - Penumpang,vehicle,GOL IV A,"Kendaraan penumpang roda 4 (sedan, jeep dan sejenisnya dengan panjang maks 5Meter)",7,inactive
5431,173,Larantuka,Nusa Tenggara Timur,Larantuka,Adonara,Nusa Tenggara Timur,kendaraan,Kendaraan,15,Golongan IV - Barang,vehicle,GOL IV B,Kendaraan penumpang roda 4 (pickup sejenis dengan bak / boks panjang maks 5Meter),5,inactive
5431,173,Larantuka,Nusa Tenggara Timur,Larantuka,Adonara,Nusa Tenggara Timur,kendaraan,Kendaraan,16,Golongan V - Penumpang,vehicle,GOL V A,Kendaraan penumpang (minibus/elf sejenis dengan panjang lebih dari 5-7Meter),16,inactive
5431,173,Larantuka,Nusa Tenggara Timur,Larantuka,Adonara,Nusa Tenggara Timur,kendaraan,Kendaraan,17,Golongan V - Barang,vehicle,GOL V B,Kendaraan barang (dengan bak/boks dan tangki sejenis dengan panjang lebih dari 5-7Meter),2,inactive
5431,173,Larantuka,Nusa Tenggara Timur,Larantuka,Adonara,Nusa Tenggara Timur,kendaraan,Kendaraan,18,Golongan VI - Penumpang,vehicle,GOL VI A,Kendaraan penumpang (bus dengan panjang lebih dari 7-10Meter),32,inactive
5431,173,Larantuka,Nusa Tenggara Timur,Larantuka,Adonara,Nusa Tenggara Timur,kendaraan,Kendaraan,19,Golongan VI - Barang,vehicle,GOL VI B,Kendaraan barang (dengan bak/boks dan tangki sejenis dengan panjang lebih dari 7-10m),2,inactive
5431,173,Larantuka,Nusa Tenggara Timur,Larantuka,Adonara,Nusa Tenggara Timur,kendaraan,Kendaraan,20,Golongan VII,vehicle,GOL VII,"Truk tronton / tangki, kereta penarik kendaraan berat dengan Panjang 10-12m",2,inactive
5431,173,Larantuka,Nusa Tenggara Timur,Larantuka,Adonara,Nusa Tenggara Timur,kendaraan,Kendaraan,21,Golongan VIII,vehicle,GOL VIII,"Truk tronton / tangki, kereta penarik kendaraan berat dengan Panjang lebih dari 12-16m",2,inactive
5431,173,Larantuka,Nusa Tenggara Timur,Larantuka,Adonara,Nusa Tenggara Timur,kendaraan,Kendaraan,22,Golongan IX,vehicle,GOL IX,"Truk tronton / tangki, kereta penarik kendaraan berat dengan Panjang lebih dari 16m & Alat Berat",2,inactive
5433,173,Larantuka,Nusa Tenggara Timur,Larantuka,Baranusa,Nusa Tenggara Timur,pejalan-kaki,Pejalan Kaki,7,Dewasa Ekonomi,passenger,DEWASA,>2 Tahun,10,Inactive
5433,173,Larantuka,Nusa Tenggara Timur,Larantuka,Baranusa,Nusa Tenggara Timur,kendaraan,Kendaraan,11,Golongan I,vehicle,GOL I,Sepeda Gayuh,1,inactive
5433,173,Larantuka,Nusa Tenggara Timur,Larantuka,Baranusa,Nusa Tenggara Timur,kendaraan,Kendaraan,12,Golongan II ,vehicle,GOL II,Sepeda motor roda 2 di bawah 500 cc & gerobak dorong,2,inactive
5433,173,Larantuka,Nusa Tenggara Timur,Larantuka,Baranusa,Nusa Tenggara Timur,kendaraan,Kendaraan,13,Golongan III,vehicle,GOL III,Sepeda motor besar lebih dari (500 cc) & Sepeda motor roda 3,2,inactive
5433,173,Larantuka,Nusa Tenggara Timur,Larantuka,Baranusa,Nusa Tenggara Timur,kendaraan,Kendaraan,14,Golongan IV - Penumpang,vehicle,GOL IV A,"Kendaraan penumpang roda 4 (sedan, jeep dan sejenisnya dengan panjang maks 5Meter)",7,inactive
5433,173,Larantuka,Nusa Tenggara Timur,Larantuka,Baranusa,Nusa Tenggara Timur,kendaraan,Kendaraan,15,Golongan IV - Barang,vehicle,GOL IV B,Kendaraan penumpang roda 4 (pickup sejenis dengan bak / boks panjang maks 5Meter),5,inactive
5433,173,Larantuka,Nusa Tenggara Timur,Larantuka,Baranusa,Nusa Tenggara Timur,kendaraan,Kendaraan,16,Golongan V - Penumpang,vehicle,GOL V A,Kendaraan penumpang (minibus/elf sejenis dengan panjang lebih dari 5-7Meter),16,inactive
5433,173,Larantuka,Nusa Tenggara Timur,Larantuka,Baranusa,Nusa Tenggara Timur,kendaraan,Kendaraan,17,Golongan V - Barang,vehicle,GOL V B,Kendaraan barang (dengan bak/boks dan tangki sejenis dengan panjang lebih dari 5-7Meter),2,inactive
5433,173,Larantuka,Nusa Tenggara Timur,Larantuka,Baranusa,Nusa Tenggara Timur,kendaraan,Kendaraan,18,Golongan VI - Penumpang,vehicle,GOL VI A,Kendaraan penumpang (bus dengan panjang lebih dari 7-10Meter),32,inactive
5433,173,Larantuka,Nusa Tenggara Timur,Larantuka,Baranusa,Nusa Tenggara Timur,kendaraan,Kendaraan,19,Golongan VI - Barang,vehicle,GOL VI B,Kendaraan barang (dengan bak/boks dan tangki sejenis dengan panjang lebih dari 7-10m),2,inactive
5433,173,Larantuka,Nusa Tenggara Timur,Larantuka,Baranusa,Nusa Tenggara Timur,kendaraan,Kendaraan,20,Golongan VII,vehicle,GOL VII,"Truk tronton / tangki, kereta penarik kendaraan berat dengan Panjang 10-12m",2,inactive
5433,173,Larantuka,Nusa Tenggara Timur,Larantuka,Baranusa,Nusa Tenggara Timur,kendaraan,Kendaraan,21,Golongan VIII,vehicle,GOL VIII,"Truk tronton / tangki, kereta penarik kendaraan berat dengan Panjang lebih dari 12-16m",2,inactive
5433,173,Larantuka,Nusa Tenggara Timur,Larantuka,Baranusa,Nusa Tenggara Timur,kendaraan,Kendaraan,22,Golongan IX,vehicle,GOL IX,"Truk tronton / tangki, kereta penarik kendaraan berat dengan Panjang lebih dari 16m & Alat Berat",2,inactive
5427,173,Larantuka,Nusa Tenggara Timur,Larantuka,Kalabahi,Nusa Tenggara Timur,pejalan-kaki,Pejalan Kaki,7,Dewasa Ekonomi,passenger,DEWASA,>2 Tahun,10,Inactive
5427,173,Larantuka,Nusa Tenggara Timur,Larantuka,Kalabahi,Nusa Tenggara Timur,kendaraan,Kendaraan,11,Golongan I,vehicle,GOL I,Sepeda Gayuh,1,inactive
5427,173,Larantuka,Nusa Tenggara Timur,Larantuka,Kalabahi,Nusa Tenggara Timur,kendaraan,Kendaraan,12,Golongan II ,vehicle,GOL II,Sepeda motor roda 2 di bawah 500 cc & gerobak dorong,2,inactive
5427,173,Larantuka,Nusa Tenggara Timur,Larantuka,Kalabahi,Nusa Tenggara Timur,kendaraan,Kendaraan,13,Golongan III,vehicle,GOL III,Sepeda motor besar lebih dari (500 cc) & Sepeda motor roda 3,2,inactive
5427,173,Larantuka,Nusa Tenggara Timur,Larantuka,Kalabahi,Nusa Tenggara Timur,kendaraan,Kendaraan,14,Golongan IV - Penumpang,vehicle,GOL IV A,"Kendaraan penumpang roda 4 (sedan, jeep dan sejenisnya dengan panjang maks 5Meter)",7,inactive
5427,173,Larantuka,Nusa Tenggara Timur,Larantuka,Kalabahi,Nusa Tenggara Timur,kendaraan,Kendaraan,15,Golongan IV - Barang,vehicle,GOL IV B,Kendaraan penumpang roda 4 (pickup sejenis dengan bak / boks panjang maks 5Meter),5,inactive
5427,173,Larantuka,Nusa Tenggara Timur,Larantuka,Kalabahi,Nusa Tenggara Timur,kendaraan,Kendaraan,16,Golongan V - Penumpang,vehicle,GOL V A,Kendaraan penumpang (minibus/elf sejenis dengan panjang lebih dari 5-7Meter),16,inactive
5427,173,Larantuka,Nusa Tenggara Timur,Larantuka,Kalabahi,Nusa Tenggara Timur,kendaraan,Kendaraan,17,Golongan V - Barang,vehicle,GOL V B,Kendaraan barang (dengan bak/boks dan tangki sejenis dengan panjang lebih dari 5-7Meter),2,inactive
5427,173,Larantuka,Nusa Tenggara Timur,Larantuka,Kalabahi,Nusa Tenggara Timur,kendaraan,Kendaraan,18,Golongan VI - Penumpang,vehicle,GOL VI A,Kendaraan penumpang (bus dengan panjang lebih dari 7-10Meter),32,inactive
5427,173,Larantuka,Nusa Tenggara Timur,Larantuka,Kalabahi,Nusa Tenggara Timur,kendaraan,Kendaraan,19,Golongan VI - Barang,vehicle,GOL VI B,Kendaraan barang (dengan bak/boks dan tangki sejenis dengan panjang lebih dari 7-10m),2,inactive
5427,173,Larantuka,Nusa Tenggara Timur,Larantuka,Kalabahi,Nusa Tenggara Timur,kendaraan,Kendaraan,20,Golongan VII,vehicle,GOL VII,"Truk tronton / tangki, kereta penarik kendaraan berat dengan Panjang 10-12m",2,inactive
5427,173,Larantuka,Nusa Tenggara Timur,Larantuka,Kalabahi,Nusa Tenggara Timur,kendaraan,Kendaraan,21,Golongan VIII,vehicle,GOL VIII,"Truk tronton / tangki, kereta penarik kendaraan berat dengan Panjang lebih dari 12-16m",2,inactive
5427,173,Larantuka,Nusa Tenggara Timur,Larantuka,Kalabahi,Nusa Tenggara Timur,kendaraan,Kendaraan,22,Golongan IX,vehicle,GOL IX,"Truk tronton / tangki, kereta penarik kendaraan berat dengan Panjang lebih dari 16m & Alat Berat",2,inactive
1407,173,Larantuka,Nusa Tenggara Timur,Larantuka,Kupang,Nusa Tenggara Timur,pejalan-kaki,Pejalan Kaki,7,Dewasa Ekonomi,passenger,DEWASA,>2 Tahun,10,Inactive
1407,173,Larantuka,Nusa Tenggara Timur,Larantuka,Kupang,Nusa Tenggara Timur,pejalan-kaki,Pejalan Kaki,5,Dewasa Bisnis I,passenger,DEWASA,>2 Tahun,10,Inactive
1407,173,Larantuka,Nusa Tenggara Timur,Larantuka,Kupang,Nusa Tenggara Timur,pejalan-kaki,Pejalan Kaki,8,Anak - Anak Ekonomi,passenger,ANAK,2 - 5 Tahun,10,Inactive
1407,173,Larantuka,Nusa Tenggara Timur,Larantuka,Kupang,Nusa Tenggara Timur,pejalan-kaki,Pejalan Kaki,6,Anak - Anak Bisnis I,passenger,ANAK,2 - 5 Tahun,10,Inactive
1407,173,Larantuka,Nusa Tenggara Timur,Larantuka,Kupang,Nusa Tenggara Timur,kendaraan,Kendaraan,11,Golongan I,vehicle,GOL I,Sepeda Gayuh,1,inactive
1407,173,Larantuka,Nusa Tenggara Timur,Larantuka,Kupang,Nusa Tenggara Timur,kendaraan,Kendaraan,12,Golongan II ,vehicle,GOL II,Sepeda motor roda 2 di bawah 500 cc & gerobak dorong,2,inactive
1407,173,Larantuka,Nusa Tenggara Timur,Larantuka,Kupang,Nusa Tenggara Timur,kendaraan,Kendaraan,13,Golongan III,vehicle,GOL III,Sepeda motor besar lebih dari (500 cc) & Sepeda motor roda 3,2,inactive
1407,173,Larantuka,Nusa Tenggara Timur,Larantuka,Kupang,Nusa Tenggara Timur,kendaraan,Kendaraan,14,Golongan IV - Penumpang,vehicle,GOL IV A,"Kendaraan penumpang roda 4 (sedan, jeep dan sejenisnya dengan panjang maks 5Meter)",7,inactive
1407,173,Larantuka,Nusa Tenggara Timur,Larantuka,Kupang,Nusa Tenggara Timur,kendaraan,Kendaraan,15,Golongan IV - Barang,vehicle,GOL IV B,Kendaraan penumpang roda 4 (pickup sejenis dengan bak / boks panjang maks 5Meter),5,inactive
1407,173,Larantuka,Nusa Tenggara Timur,Larantuka,Kupang,Nusa Tenggara Timur,kendaraan,Kendaraan,16,Golongan V - Penumpang,vehicle,GOL V A,Kendaraan penumpang (minibus/elf sejenis dengan panjang lebih dari 5-7Meter),16,inactive
1407,173,Larantuka,Nusa Tenggara Timur,Larantuka,Kupang,Nusa Tenggara Timur,kendaraan,Kendaraan,17,Golongan V - Barang,vehicle,GOL V B,Kendaraan barang (dengan bak/boks dan tangki sejenis dengan panjang lebih dari 5-7Meter),2,inactive
1407,173,Larantuka,Nusa Tenggara Timur,Larantuka,Kupang,Nusa Tenggara Timur,kendaraan,Kendaraan,18,Golongan VI - Penumpang,vehicle,GOL VI A,Kendaraan penumpang (bus dengan panjang lebih dari 7-10Meter),32,inactive
1407,173,Larantuka,Nusa Tenggara Timur,Larantuka,Kupang,Nusa Tenggara Timur,kendaraan,Kendaraan,19,Golongan VI - Barang,vehicle,GOL VI B,Kendaraan barang (dengan bak/boks dan tangki sejenis dengan panjang lebih dari 7-10m),2,inactive
1407,173,Larantuka,Nusa Tenggara Timur,Larantuka,Kupang,Nusa Tenggara Timur,kendaraan,Kendaraan,20,Golongan VII,vehicle,GOL VII,"Truk tronton / tangki, kereta penarik kendaraan berat dengan Panjang 10-12m",2,inactive
1407,173,Larantuka,Nusa Tenggara Timur,Larantuka,Kupang,Nusa Tenggara Timur,kendaraan,Kendaraan,21,Golongan VIII,vehicle,GOL VIII,"Truk tronton / tangki, kereta penarik kendaraan berat dengan Panjang lebih dari 12-16m",2,inactive
1407,173,Larantuka,Nusa Tenggara Timur,Larantuka,Kupang,Nusa Tenggara Timur,kendaraan,Kendaraan,22,Golongan IX,vehicle,GOL IX,"Truk tronton / tangki, kereta penarik kendaraan berat dengan Panjang lebih dari 16m & Alat Berat",2,inactive
5434,173,Larantuka,Nusa Tenggara Timur,Larantuka,Lewoleba,Nusa Tenggara Timur,pejalan-kaki,Pejalan Kaki,7,Dewasa Ekonomi,passenger,DEWASA,>2 Tahun,10,Inactive
5434,173,Larantuka,Nusa Tenggara Timur,Larantuka,Lewoleba,Nusa Tenggara Timur,pejalan-kaki,Pejalan Kaki,8,Anak - Anak Ekonomi,passenger,ANAK,2 - 5 Tahun,10,Inactive
5434,173,Larantuka,Nusa Tenggara Timur,Larantuka,Lewoleba,Nusa Tenggara Timur,kendaraan,Kendaraan,11,Golongan I,vehicle,GOL I,Sepeda Gayuh,1,inactive
5434,173,Larantuka,Nusa Tenggara Timur,Larantuka,Lewoleba,Nusa Tenggara Timur,kendaraan,Kendaraan,12,Golongan II ,vehicle,GOL II,Sepeda motor roda 2 di bawah 500 cc & gerobak dorong,2,inactive
5434,173,Larantuka,Nusa Tenggara Timur,Larantuka,Lewoleba,Nusa Tenggara Timur,kendaraan,Kendaraan,13,Golongan III,vehicle,GOL III,Sepeda motor besar lebih dari (500 cc) & Sepeda motor roda 3,2,inactive
5434,173,Larantuka,Nusa Tenggara Timur,Larantuka,Lewoleba,Nusa Tenggara Timur,kendaraan,Kendaraan,14,Golongan IV - Penumpang,vehicle,GOL IV A,"Kendaraan penumpang roda 4 (sedan, jeep dan sejenisnya dengan panjang maks 5Meter)",7,inactive
5434,173,Larantuka,Nusa Tenggara Timur,Larantuka,Lewoleba,Nusa Tenggara Timur,kendaraan,Kendaraan,15,Golongan IV - Barang,vehicle,GOL IV B,Kendaraan penumpang roda 4 (pickup sejenis dengan bak / boks panjang maks 5Meter),5,inactive
5434,173,Larantuka,Nusa Tenggara Timur,Larantuka,Lewoleba,Nusa Tenggara Timur,kendaraan,Kendaraan,16,Golongan V - Penumpang,vehicle,GOL V A,Kendaraan penumpang (minibus/elf sejenis dengan panjang lebih dari 5-7Meter),16,inactive
5434,173,Larantuka,Nusa Tenggara Timur,Larantuka,Lewoleba,Nusa Tenggara Timur,kendaraan,Kendaraan,17,Golongan V - Barang,vehicle,GOL V B,Kendaraan barang (dengan bak/boks dan tangki sejenis dengan panjang lebih dari 5-7Meter),2,inactive
5434,173,Larantuka,Nusa Tenggara Timur,Larantuka,Lewoleba,Nusa Tenggara Timur,kendaraan,Kendaraan,18,Golongan VI - Penumpang,vehicle,GOL VI A,Kendaraan penumpang (bus dengan panjang lebih dari 7-10Meter),32,inactive
5434,173,Larantuka,Nusa Tenggara Timur,Larantuka,Lewoleba,Nusa Tenggara Timur,kendaraan,Kendaraan,19,Golongan VI - Barang,vehicle,GOL VI B,Kendaraan barang (dengan bak/boks dan tangki sejenis dengan panjang lebih dari 7-10m),2,inactive
5434,173,Larantuka,Nusa Tenggara Timur,Larantuka,Lewoleba,Nusa Tenggara Timur,kendaraan,Kendaraan,20,Golongan VII,vehicle,GOL VII,"Truk tronton / tangki, kereta penarik kendaraan berat dengan Panjang 10-12m",2,inactive
5434,173,Larantuka,Nusa Tenggara Timur,Larantuka,Lewoleba,Nusa Tenggara Timur,kendaraan,Kendaraan,21,Golongan VIII,vehicle,GOL VIII,"Truk tronton / tangki, kereta penarik kendaraan berat dengan Panjang lebih dari 12-16m",2,inactive
5434,173,Larantuka,Nusa Tenggara Timur,Larantuka,Lewoleba,Nusa Tenggara Timur,kendaraan,Kendaraan,22,Golongan IX,vehicle,GOL IX,"Truk tronton / tangki, kereta penarik kendaraan berat dengan Panjang lebih dari 16m & Alat Berat",2,inactive
5432,173,Larantuka,Nusa Tenggara Timur,Larantuka,Solor,Nusa Tenggara Timur,pejalan-kaki,Pejalan Kaki,7,Dewasa Ekonomi,passenger,DEWASA,>2 Tahun,10,Inactive
5432,173,Larantuka,Nusa Tenggara Timur,Larantuka,Solor,Nusa Tenggara Timur,kendaraan,Kendaraan,11,Golongan I,vehicle,GOL I,Sepeda Gayuh,1,inactive
5432,173,Larantuka,Nusa Tenggara Timur,Larantuka,Solor,Nusa Tenggara Timur,kendaraan,Kendaraan,12,Golongan II ,vehicle,GOL II,Sepeda motor roda 2 di bawah 500 cc & gerobak dorong,2,inactive
5432,173,Larantuka,Nusa Tenggara Timur,Larantuka,Solor,Nusa Tenggara Timur,kendaraan,Kendaraan,13,Golongan III,vehicle,GOL III,Sepeda motor besar lebih dari (500 cc) & Sepeda motor roda 3,2,inactive
5432,173,Larantuka,Nusa Tenggara Timur,Larantuka,Solor,Nusa Tenggara Timur,kendaraan,Kendaraan,14,Golongan IV - Penumpang,vehicle,GOL IV A,"Kendaraan penumpang roda 4 (sedan, jeep dan sejenisnya dengan panjang maks 5Meter)",7,inactive
5432,173,Larantuka,Nusa Tenggara Timur,Larantuka,Solor,Nusa Tenggara Timur,kendaraan,Kendaraan,15,Golongan IV - Barang,vehicle,GOL IV B,Kendaraan penumpang roda 4 (pickup sejenis dengan bak / boks panjang maks 5Meter),5,inactive
5432,173,Larantuka,Nusa Tenggara Timur,Larantuka,Solor,Nusa Tenggara Timur,kendaraan,Kendaraan,16,Golongan V - Penumpang,vehicle,GOL V A,Kendaraan penumpang (minibus/elf sejenis dengan panjang lebih dari 5-7Meter),16,inactive
5432,173,Larantuka,Nusa Tenggara Timur,Larantuka,Solor,Nusa Tenggara Timur,kendaraan,Kendaraan,17,Golongan V - Barang,vehicle,GOL V B,Kendaraan barang (dengan bak/boks dan tangki sejenis dengan panjang lebih dari 5-7Meter),2,inactive
5432,173,Larantuka,Nusa Tenggara Timur,Larantuka,Solor,Nusa Tenggara Timur,kendaraan,Kendaraan,18,Golongan VI - Penumpang,vehicle,GOL VI A,Kendaraan penumpang (bus dengan panjang lebih dari 7-10Meter),32,inactive
5432,173,Larantuka,Nusa Tenggara Timur,Larantuka,Solor,Nusa Tenggara Timur,kendaraan,Kendaraan,19,Golongan VI - Barang,vehicle,GOL VI B,Kendaraan barang (dengan bak/boks dan tangki sejenis dengan panjang lebih dari 7-10m),2,inactive
5432,173,Larantuka,Nusa Tenggara Timur,Larantuka,Solor,Nusa Tenggara Timur,kendaraan,Kendaraan,20,Golongan VII,vehicle,GOL VII,"Truk tronton / tangki, kereta penarik kendaraan berat dengan Panjang 10-12m",2,inactive
5432,173,Larantuka,Nusa Tenggara Timur,Larantuka,Solor,Nusa Tenggara Timur,kendaraan,Kendaraan,21,Golongan VIII,vehicle,GOL VIII,"Truk tronton / tangki, kereta penarik kendaraan berat dengan Panjang lebih dari 12-16m",2,inactive
5432,173,Larantuka,Nusa Tenggara Timur,Larantuka,Solor,Nusa Tenggara Timur,kendaraan,Kendaraan,22,Golongan IX,vehicle,GOL IX,"Truk tronton / tangki, kereta penarik kendaraan berat dengan Panjang lebih dari 16m & Alat Berat",2,inactive
5476,173,Larantuka,Nusa Tenggara Timur,Larantuka,Waiwerang,Nusa Tenggara Timur,kendaraan,Kendaraan,11,Golongan I,vehicle,GOL I,Sepeda Gayuh,1,inactive
5476,173,Larantuka,Nusa Tenggara Timur,Larantuka,Waiwerang,Nusa Tenggara Timur,kendaraan,Kendaraan,12,Golongan II ,vehicle,GOL II,Sepeda motor roda 2 di bawah 500 cc & gerobak dorong,2,inactive
5476,173,Larantuka,Nusa Tenggara Timur,Larantuka,Waiwerang,Nusa Tenggara Timur,kendaraan,Kendaraan,13,Golongan III,vehicle,GOL III,Sepeda motor besar lebih dari (500 cc) & Sepeda motor roda 3,2,inactive
5476,173,Larantuka,Nusa Tenggara Timur,Larantuka,Waiwerang,Nusa Tenggara Timur,kendaraan,Kendaraan,14,Golongan IV - Penumpang,vehicle,GOL IV A,"Kendaraan penumpang roda 4 (sedan, jeep dan sejenisnya dengan panjang maks 5Meter)",7,inactive
5476,173,Larantuka,Nusa Tenggara Timur,Larantuka,Waiwerang,Nusa Tenggara Timur,kendaraan,Kendaraan,15,Golongan IV - Barang,vehicle,GOL IV B,Kendaraan penumpang roda 4 (pickup sejenis dengan bak / boks panjang maks 5Meter),5,inactive
5476,173,Larantuka,Nusa Tenggara Timur,Larantuka,Waiwerang,Nusa Tenggara Timur,kendaraan,Kendaraan,16,Golongan V - Penumpang,vehicle,GOL V A,Kendaraan penumpang (minibus/elf sejenis dengan panjang lebih dari 5-7Meter),16,inactive
5476,173,Larantuka,Nusa Tenggara Timur,Larantuka,Waiwerang,Nusa Tenggara Timur,kendaraan,Kendaraan,17,Golongan V - Barang,vehicle,GOL V B,Kendaraan barang (dengan bak/boks dan tangki sejenis dengan panjang lebih dari 5-7Meter),2,inactive
5476,173,Larantuka,Nusa Tenggara Timur,Larantuka,Waiwerang,Nusa Tenggara Timur,kendaraan,Kendaraan,18,Golongan VI - Penumpang,vehicle,GOL VI A,Kendaraan penumpang (bus dengan panjang lebih dari 7-10Meter),32,inactive
5476,173,Larantuka,Nusa Tenggara Timur,Larantuka,Waiwerang,Nusa Tenggara Timur,kendaraan,Kendaraan,19,Golongan VI - Barang,vehicle,GOL VI B,Kendaraan barang (dengan bak/boks dan tangki sejenis dengan panjang lebih dari 7-10m),2,inactive
5476,173,Larantuka,Nusa Tenggara Timur,Larantuka,Waiwerang,Nusa Tenggara Timur,kendaraan,Kendaraan,20,Golongan VII,vehicle,GOL VII,"Truk tronton / tangki, kereta penarik kendaraan berat dengan Panjang 10-12m",2,inactive
5476,173,Larantuka,Nusa Tenggara Timur,Larantuka,Waiwerang,Nusa Tenggara Timur,kendaraan,Kendaraan,21,Golongan VIII,vehicle,GOL VIII,"Truk tronton / tangki, kereta penarik kendaraan berat dengan Panjang lebih dari 12-16m",2,inactive
5476,173,Larantuka,Nusa Tenggara Timur,Larantuka,Waiwerang,Nusa Tenggara Timur,kendaraan,Kendaraan,22,Golongan IX,vehicle,GOL IX,"Truk tronton / tangki, kereta penarik kendaraan berat dengan Panjang lebih dari 16m & Alat Berat",2,inactive
198563,198,Lembar,Nusa Tenggara Barat,Lembar,Jangkar,Jawa Timur,pejalan-kaki,Pejalan Kaki,7,Dewasa Ekonomi,passenger,DEWASA,>2 Tahun,10,Inactive
198563,198,Lembar,Nusa Tenggara Barat,Lembar,Jangkar,Jawa Timur,pejalan-kaki,Pejalan Kaki,9,Bayi Ekonomi,passenger,BAYI,0 - 2 Tahun,10,Inactive
198563,198,Lembar,Nusa Tenggara Barat,Lembar,Jangkar,Jawa Timur,kendaraan,Kendaraan,11,Golongan I,vehicle,GOL I,Sepeda Gayuh,1,inactive
198563,198,Lembar,Nusa Tenggara Barat,Lembar,Jangkar,Jawa Timur,kendaraan,Kendaraan,12,Golongan II ,vehicle,GOL II,Sepeda motor roda 2 di bawah 500 cc & gerobak dorong,2,inactive
198563,198,Lembar,Nusa Tenggara Barat,Lembar,Jangkar,Jawa Timur,kendaraan,Kendaraan,13,Golongan III,vehicle,GOL III,Sepeda motor besar lebih dari (500 cc) & Sepeda motor roda 3,2,inactive
198563,198,Lembar,Nusa Tenggara Barat,Lembar,Jangkar,Jawa Timur,kendaraan,Kendaraan,14,Golongan IV - Penumpang,vehicle,GOL IV A,"Kendaraan penumpang roda 4 (sedan, jeep dan sejenisnya dengan panjang maks 5Meter)",7,inactive
198563,198,Lembar,Nusa Tenggara Barat,Lembar,Jangkar,Jawa Timur,kendaraan,Kendaraan,15,Golongan IV - Barang,vehicle,GOL IV B,Kendaraan penumpang roda 4 (pickup sejenis dengan bak / boks panjang maks 5Meter),5,active
198563,198,Lembar,Nusa Tenggara Barat,Lembar,Jangkar,Jawa Timur,kendaraan,Kendaraan,16,Golongan V - Penumpang,vehicle,GOL V A,Kendaraan penumpang (minibus/elf sejenis dengan panjang lebih dari 5-7Meter),16,inactive
198563,198,Lembar,Nusa Tenggara Barat,Lembar,Jangkar,Jawa Timur,kendaraan,Kendaraan,17,Golongan V - Barang,vehicle,GOL V B,Kendaraan barang (dengan bak/boks dan tangki sejenis dengan panjang lebih dari 5-7Meter),2,active
198563,198,Lembar,Nusa Tenggara Barat,Lembar,Jangkar,Jawa Timur,kendaraan,Kendaraan,18,Golongan VI - Penumpang,vehicle,GOL VI A,Kendaraan penumpang (bus dengan panjang lebih dari 7-10Meter),32,inactive
198563,198,Lembar,Nusa Tenggara Barat,Lembar,Jangkar,Jawa Timur,kendaraan,Kendaraan,19,Golongan VI - Barang,vehicle,GOL VI B,Kendaraan barang (dengan bak/boks dan tangki sejenis dengan panjang lebih dari 7-10m),2,active
198563,198,Lembar,Nusa Tenggara Barat,Lembar,Jangkar,Jawa Timur,kendaraan,Kendaraan,20,Golongan VII,vehicle,GOL VII,"Truk tronton / tangki, kereta penarik kendaraan berat dengan Panjang 10-12m",2,active
198563,198,Lembar,Nusa Tenggara Barat,Lembar,Jangkar,Jawa Timur,kendaraan,Kendaraan,21,Golongan VIII,vehicle,GOL VIII,"Truk tronton / tangki, kereta penarik kendaraan berat dengan Panjang lebih dari 12-16m",2,active
198563,198,Lembar,Nusa Tenggara Barat,Lembar,Jangkar,Jawa Timur,kendaraan,Kendaraan,22,Golongan IX,vehicle,GOL IX,"Truk tronton / tangki, kereta penarik kendaraan berat dengan Panjang lebih dari 16m & Alat Berat",2,active
25,198,Lembar,Nusa Tenggara Barat,Lembar,Padang Bai,Bali,pejalan-kaki,Pejalan Kaki,7,Dewasa Ekonomi,passenger,DEWASA,>2 Tahun,10,Inactive
25,198,Lembar,Nusa Tenggara Barat,Lembar,Padang Bai,Bali,pejalan-kaki,Pejalan Kaki,9,Bayi Ekonomi,passenger,BAYI,0 - 2 Tahun,10,Inactive
25,198,Lembar,Nusa Tenggara Barat,Lembar,Padang Bai,Bali,kendaraan,Kendaraan,11,Golongan I,vehicle,GOL I,Sepeda Gayuh,1,inactive
25,198,Lembar,Nusa Tenggara Barat,Lembar,Padang Bai,Bali,kendaraan,Kendaraan,12,Golongan II ,vehicle,GOL II,Sepeda motor roda 2 di bawah 500 cc & gerobak dorong,2,inactive
25,198,Lembar,Nusa Tenggara Barat,Lembar,Padang Bai,Bali,kendaraan,Kendaraan,13,Golongan III,vehicle,GOL III,Sepeda motor besar lebih dari (500 cc) & Sepeda motor roda 3,2,inactive
25,198,Lembar,Nusa Tenggara Barat,Lembar,Padang Bai,Bali,kendaraan,Kendaraan,14,Golongan IV - Penumpang,vehicle,GOL IV A,"Kendaraan penumpang roda 4 (sedan, jeep dan sejenisnya dengan panjang maks 5Meter)",7,inactive
25,198,Lembar,Nusa Tenggara Barat,Lembar,Padang Bai,Bali,kendaraan,Kendaraan,15,Golongan IV - Barang,vehicle,GOL IV B,Kendaraan penumpang roda 4 (pickup sejenis dengan bak / boks panjang maks 5Meter),5,active
25,198,Lembar,Nusa Tenggara Barat,Lembar,Padang Bai,Bali,kendaraan,Kendaraan,16,Golongan V - Penumpang,vehicle,GOL V A,Kendaraan penumpang (minibus/elf sejenis dengan panjang lebih dari 5-7Meter),16,inactive
25,198,Lembar,Nusa Tenggara Barat,Lembar,Padang Bai,Bali,kendaraan,Kendaraan,17,Golongan V - Barang,vehicle,GOL V B,Kendaraan barang (dengan bak/boks dan tangki sejenis dengan panjang lebih dari 5-7Meter),2,active
25,198,Lembar,Nusa Tenggara Barat,Lembar,Padang Bai,Bali,kendaraan,Kendaraan,18,Golongan VI - Penumpang,vehicle,GOL VI A,Kendaraan penumpang (bus dengan panjang lebih dari 7-10Meter),32,inactive
25,198,Lembar,Nusa Tenggara Barat,Lembar,Padang Bai,Bali,kendaraan,Kendaraan,19,Golongan VI - Barang,vehicle,GOL VI B,Kendaraan barang (dengan bak/boks dan tangki sejenis dengan panjang lebih dari 7-10m),2,active
25,198,Lembar,Nusa Tenggara Barat,Lembar,Padang Bai,Bali,kendaraan,Kendaraan,20,Golongan VII,vehicle,GOL VII,"Truk tronton / tangki, kereta penarik kendaraan berat dengan Panjang 10-12m",2,active
25,198,Lembar,Nusa Tenggara Barat,Lembar,Padang Bai,Bali,kendaraan,Kendaraan,21,Golongan VIII,vehicle,GOL VIII,"Truk tronton / tangki, kereta penarik kendaraan berat dengan Panjang lebih dari 12-16m",2,active
25,198,Lembar,Nusa Tenggara Barat,Lembar,Padang Bai,Bali,kendaraan,Kendaraan,22,Golongan IX,vehicle,GOL IX,"Truk tronton / tangki, kereta penarik kendaraan berat dengan Panjang lebih dari 16m & Alat Berat",2,active
198568,198,Lembar,Nusa Tenggara Barat,Lembar,Probolinggo,Jawa Timur,pejalan-kaki,Pejalan Kaki,7,Dewasa Ekonomi,passenger,DEWASA,>2 Tahun,10,Inactive
198568,198,Lembar,Nusa Tenggara Barat,Lembar,Probolinggo,Jawa Timur,kendaraan,Kendaraan,12,Golongan II ,vehicle,GOL II,Sepeda motor roda 2 di bawah 500 cc & gerobak dorong,2,inactive
344049,344,Mamuju,Sulawesi Barat,Mamuju,Balikpapan,Kalimantan Timur,pejalan-kaki,Pejalan Kaki,7,Dewasa Ekonomi,passenger,DEWASA,>2 Tahun,10,Inactive
344049,344,Mamuju,Sulawesi Barat,Mamuju,Balikpapan,Kalimantan Timur,pejalan-kaki,Pejalan Kaki,9,Bayi Ekonomi,passenger,BAYI,0 - 2 Tahun,10,Inactive
344049,344,Mamuju,Sulawesi Barat,Mamuju,Balikpapan,Kalimantan Timur,kendaraan,Kendaraan,11,Golongan I,vehicle,GOL I,Sepeda Gayuh,1,inactive
344049,344,Mamuju,Sulawesi Barat,Mamuju,Balikpapan,Kalimantan Timur,kendaraan,Kendaraan,12,Golongan II ,vehicle,GOL II,Sepeda motor roda 2 di bawah 500 cc & gerobak dorong,2,inactive
344049,344,Mamuju,Sulawesi Barat,Mamuju,Balikpapan,Kalimantan Timur,kendaraan,Kendaraan,13,Golongan III,vehicle,GOL III,Sepeda motor besar lebih dari (500 cc) & Sepeda motor roda 3,2,inactive
344049,344,Mamuju,Sulawesi Barat,Mamuju,Balikpapan,Kalimantan Timur,kendaraan,Kendaraan,14,Golongan IV - Penumpang,vehicle,GOL IV A,"Kendaraan penumpang roda 4 (sedan, jeep dan sejenisnya dengan panjang maks 5Meter)",7,inactive
344049,344,Mamuju,Sulawesi Barat,Mamuju,Balikpapan,Kalimantan Timur,kendaraan,Kendaraan,15,Golongan IV - Barang,vehicle,GOL IV B,Kendaraan penumpang roda 4 (pickup sejenis dengan bak / boks panjang maks 5Meter),5,inactive
344049,344,Mamuju,Sulawesi Barat,Mamuju,Balikpapan,Kalimantan Timur,kendaraan,Kendaraan,16,Golongan V - Penumpang,vehicle,GOL V A,Kendaraan penumpang (minibus/elf sejenis dengan panjang lebih dari 5-7Meter),16,inactive
344049,344,Mamuju,Sulawesi Barat,Mamuju,Balikpapan,Kalimantan Timur,kendaraan,Kendaraan,17,Golongan V - Barang,vehicle,GOL V B,Kendaraan barang (dengan bak/boks dan tangki sejenis dengan panjang lebih dari 5-7Meter),2,inactive
344049,344,Mamuju,Sulawesi Barat,Mamuju,Balikpapan,Kalimantan Timur,kendaraan,Kendaraan,18,Golongan VI - Penumpang,vehicle,GOL VI A,Kendaraan penumpang (bus dengan panjang lebih dari 7-10Meter),32,inactive
344049,344,Mamuju,Sulawesi Barat,Mamuju,Balikpapan,Kalimantan Timur,kendaraan,Kendaraan,19,Golongan VI - Barang,vehicle,GOL VI B,Kendaraan barang (dengan bak/boks dan tangki sejenis dengan panjang lebih dari 7-10m),2,inactive
344049,344,Mamuju,Sulawesi Barat,Mamuju,Balikpapan,Kalimantan Timur,kendaraan,Kendaraan,20,Golongan VII,vehicle,GOL VII,"Truk tronton / tangki, kereta penarik kendaraan berat dengan Panjang 10-12m",2,inactive
344049,344,Mamuju,Sulawesi Barat,Mamuju,Balikpapan,Kalimantan Timur,kendaraan,Kendaraan,21,Golongan VIII,vehicle,GOL VIII,"Truk tronton / tangki, kereta penarik kendaraan berat dengan Panjang lebih dari 12-16m",2,inactive
344049,344,Mamuju,Sulawesi Barat,Mamuju,Balikpapan,Kalimantan Timur,kendaraan,Kendaraan,22,Golongan IX,vehicle,GOL IX,"Truk tronton / tangki, kereta penarik kendaraan berat dengan Panjang lebih dari 16m & Alat Berat",2,inactive
284296,284,Manokwari,Papua Barat,Manokwari,Biak,Papua,pejalan-kaki,Pejalan Kaki,7,Dewasa Ekonomi,passenger,DEWASA,>2 Tahun,10,Inactive
284296,284,Manokwari,Papua Barat,Manokwari,Biak,Papua,pejalan-kaki,Pejalan Kaki,5,Dewasa Bisnis I,passenger,DEWASA,>2 Tahun,10,Inactive
284296,284,Manokwari,Papua Barat,Manokwari,Biak,Papua,pejalan-kaki,Pejalan Kaki,3,Dewasa Eksekutif,passenger,DEWASA, >2 Tahun ,10,Inactive
284296,284,Manokwari,Papua Barat,Manokwari,Biak,Papua,pejalan-kaki,Pejalan Kaki,9,Bayi Ekonomi,passenger,BAYI,0 - 2 Tahun,10,Inactive
284296,284,Manokwari,Papua Barat,Manokwari,Biak,Papua,pejalan-kaki,Pejalan Kaki,8,Anak - Anak Ekonomi,passenger,ANAK,2 - 5 Tahun,10,Inactive
284296,284,Manokwari,Papua Barat,Manokwari,Biak,Papua,pejalan-kaki,Pejalan Kaki,504,Bayi Bisnis,passenger,BAYI,0 - 2 Tahun,10,Inactive
284296,284,Manokwari,Papua Barat,Manokwari,Biak,Papua,pejalan-kaki,Pejalan Kaki,505,Bayi Eksekutif,passenger,BAYI,0 - 2 Tahun,10,Inactive
284296,284,Manokwari,Papua Barat,Manokwari,Biak,Papua,pejalan-kaki,Pejalan Kaki,6,Anak - Anak Bisnis I,passenger,ANAK,2 - 5 Tahun,10,Inactive
284296,284,Manokwari,Papua Barat,Manokwari,Biak,Papua,pejalan-kaki,Pejalan Kaki,4,Anak - Anak Eksekutif,passenger,ANAK,2 - 5 Tahun,10,Inactive
284296,284,Manokwari,Papua Barat,Manokwari,Biak,Papua,pejalan-kaki,Pejalan Kaki,525,SUPLESI BAYI EKONOMI KE BISNIS,passenger,SUPLESI,,0,Inactive
284296,284,Manokwari,Papua Barat,Manokwari,Biak,Papua,pejalan-kaki,Pejalan Kaki,580,SUPLESI BAYI BISNIS KE EKSEKUTIF,passenger,SUPLESI,,0,Inactive
284296,284,Manokwari,Papua Barat,Manokwari,Biak,Papua,pejalan-kaki,Pejalan Kaki,554,SUPLESI BAYI EKONOMI KE EKSEKUTIF,passenger,SUPLESI,,0,Inactive
284296,284,Manokwari,Papua Barat,Manokwari,Biak,Papua,kendaraan,Kendaraan,11,Golongan I,vehicle,GOL I,Sepeda Gayuh,1,inactive
284296,284,Manokwari,Papua Barat,Manokwari,Biak,Papua,kendaraan,Kendaraan,12,Golongan II ,vehicle,GOL II,Sepeda motor roda 2 di bawah 500 cc & gerobak dorong,2,inactive
284296,284,Manokwari,Papua Barat,Manokwari,Biak,Papua,kendaraan,Kendaraan,13,Golongan III,vehicle,GOL III,Sepeda motor besar lebih dari (500 cc) & Sepeda motor roda 3,2,inactive
284296,284,Manokwari,Papua Barat,Manokwari,Biak,Papua,kendaraan,Kendaraan,14,Golongan IV - Penumpang,vehicle,GOL IV A,"Kendaraan penumpang roda 4 (sedan, jeep dan sejenisnya dengan panjang maks 5Meter)",7,inactive
284296,284,Manokwari,Papua Barat,Manokwari,Biak,Papua,kendaraan,Kendaraan,15,Golongan IV - Barang,vehicle,GOL IV B,Kendaraan penumpang roda 4 (pickup sejenis dengan bak / boks panjang maks 5Meter),5,active
284296,284,Manokwari,Papua Barat,Manokwari,Biak,Papua,kendaraan,Kendaraan,16,Golongan V - Penumpang,vehicle,GOL V A,Kendaraan penumpang (minibus/elf sejenis dengan panjang lebih dari 5-7Meter),16,inactive
284296,284,Manokwari,Papua Barat,Manokwari,Biak,Papua,kendaraan,Kendaraan,17,Golongan V - Barang,vehicle,GOL V B,Kendaraan barang (dengan bak/boks dan tangki sejenis dengan panjang lebih dari 5-7Meter),2,active
284296,284,Manokwari,Papua Barat,Manokwari,Biak,Papua,kendaraan,Kendaraan,18,Golongan VI - Penumpang,vehicle,GOL VI A,Kendaraan penumpang (bus dengan panjang lebih dari 7-10Meter),32,inactive
284296,284,Manokwari,Papua Barat,Manokwari,Biak,Papua,kendaraan,Kendaraan,19,Golongan VI - Barang,vehicle,GOL VI B,Kendaraan barang (dengan bak/boks dan tangki sejenis dengan panjang lebih dari 7-10m),2,active
284296,284,Manokwari,Papua Barat,Manokwari,Biak,Papua,kendaraan,Kendaraan,20,Golongan VII,vehicle,GOL VII,"Truk tronton / tangki, kereta penarik kendaraan berat dengan Panjang 10-12m",2,active
284296,284,Manokwari,Papua Barat,Manokwari,Biak,Papua,kendaraan,Kendaraan,21,Golongan VIII,vehicle,GOL VIII,"Truk tronton / tangki, kereta penarik kendaraan berat dengan Panjang lebih dari 12-16m",2,active
284296,284,Manokwari,Papua Barat,Manokwari,Biak,Papua,kendaraan,Kendaraan,22,Golongan IX,vehicle,GOL IX,"Truk tronton / tangki, kereta penarik kendaraan berat dengan Panjang lebih dari 16m & Alat Berat",2,active
5487,89,Namlea,Maluku,Namlea,Galala,Maluku,pejalan-kaki,Pejalan Kaki,7,Dewasa Ekonomi,passenger,DEWASA,>2 Tahun,10,Inactive
5487,89,Namlea,Maluku,Namlea,Galala,Maluku,pejalan-kaki,Pejalan Kaki,5,Dewasa Bisnis I,passenger,DEWASA,>2 Tahun,10,Inactive
5487,89,Namlea,Maluku,Namlea,Galala,Maluku,pejalan-kaki,Pejalan Kaki,9,Bayi Ekonomi,passenger,BAYI,0 - 2 Tahun,10,Inactive
5487,89,Namlea,Maluku,Namlea,Galala,Maluku,pejalan-kaki,Pejalan Kaki,504,Bayi Bisnis,passenger,BAYI,0 - 2 Tahun,10,Inactive
5487,89,Namlea,Maluku,Namlea,Galala,Maluku,kendaraan,Kendaraan,11,Golongan I,vehicle,GOL I,Sepeda Gayuh,1,inactive
5487,89,Namlea,Maluku,Namlea,Galala,Maluku,kendaraan,Kendaraan,12,Golongan II ,vehicle,GOL II,Sepeda motor roda 2 di bawah 500 cc & gerobak dorong,2,inactive
5487,89,Namlea,Maluku,Namlea,Galala,Maluku,kendaraan,Kendaraan,13,Golongan III,vehicle,GOL III,Sepeda motor besar lebih dari (500 cc) & Sepeda motor roda 3,2,inactive
5487,89,Namlea,Maluku,Namlea,Galala,Maluku,kendaraan,Kendaraan,14,Golongan IV - Penumpang,vehicle,GOL IV A,"Kendaraan penumpang roda 4 (sedan, jeep dan sejenisnya dengan panjang maks 5Meter)",7,inactive
5487,89,Namlea,Maluku,Namlea,Galala,Maluku,kendaraan,Kendaraan,15,Golongan IV - Barang,vehicle,GOL IV B,Kendaraan penumpang roda 4 (pickup sejenis dengan bak / boks panjang maks 5Meter),5,active
5487,89,Namlea,Maluku,Namlea,Galala,Maluku,kendaraan,Kendaraan,16,Golongan V - Penumpang,vehicle,GOL V A,Kendaraan penumpang (minibus/elf sejenis dengan panjang lebih dari 5-7Meter),16,inactive
5487,89,Namlea,Maluku,Namlea,Galala,Maluku,kendaraan,Kendaraan,17,Golongan V - Barang,vehicle,GOL V B,Kendaraan barang (dengan bak/boks dan tangki sejenis dengan panjang lebih dari 5-7Meter),2,active
5487,89,Namlea,Maluku,Namlea,Galala,Maluku,kendaraan,Kendaraan,18,Golongan VI - Penumpang,vehicle,GOL VI A,Kendaraan penumpang (bus dengan panjang lebih dari 7-10Meter),32,inactive
5487,89,Namlea,Maluku,Namlea,Galala,Maluku,kendaraan,Kendaraan,19,Golongan VI - Barang,vehicle,GOL VI B,Kendaraan barang (dengan bak/boks dan tangki sejenis dengan panjang lebih dari 7-10m),2,active
5487,89,Namlea,Maluku,Namlea,Galala,Maluku,kendaraan,Kendaraan,20,Golongan VII,vehicle,GOL VII,"Truk tronton / tangki, kereta penarik kendaraan berat dengan Panjang 10-12m",2,active
5487,89,Namlea,Maluku,Namlea,Galala,Maluku,kendaraan,Kendaraan,21,Golongan VIII,vehicle,GOL VIII,"Truk tronton / tangki, kereta penarik kendaraan berat dengan Panjang lebih dari 12-16m",2,active
5487,89,Namlea,Maluku,Namlea,Galala,Maluku,kendaraan,Kendaraan,22,Golongan IX,vehicle,GOL IX,"Truk tronton / tangki, kereta penarik kendaraan berat dengan Panjang lebih dari 16m & Alat Berat",2,active
182439,9,Paciran,Jawa Timur,Paciran,Bahaur,Kalimantan Tengah,pejalan-kaki,Pejalan Kaki,7,Dewasa Ekonomi,passenger,DEWASA,>2 Tahun,10,Inactive
182439,9,Paciran,Jawa Timur,Paciran,Bahaur,Kalimantan Tengah,pejalan-kaki,Pejalan Kaki,9,Bayi Ekonomi,passenger,BAYI,0 - 2 Tahun,10,Inactive
182439,9,Paciran,Jawa Timur,Paciran,Bahaur,Kalimantan Tengah,kendaraan,Kendaraan,11,Golongan I,vehicle,GOL I,Sepeda Gayuh,1,inactive
182439,9,Paciran,Jawa Timur,Paciran,Bahaur,Kalimantan Tengah,kendaraan,Kendaraan,12,Golongan II ,vehicle,GOL II,Sepeda motor roda 2 di bawah 500 cc & gerobak dorong,2,inactive
182439,9,Paciran,Jawa Timur,Paciran,Bahaur,Kalimantan Tengah,kendaraan,Kendaraan,13,Golongan III,vehicle,GOL III,Sepeda motor besar lebih dari (500 cc) & Sepeda motor roda 3,2,inactive
182439,9,Paciran,Jawa Timur,Paciran,Bahaur,Kalimantan Tengah,kendaraan,Kendaraan,14,Golongan IV - Penumpang,vehicle,GOL IV A,"Kendaraan penumpang roda 4 (sedan, jeep dan sejenisnya dengan panjang maks 5Meter)",7,inactive
182439,9,Paciran,Jawa Timur,Paciran,Bahaur,Kalimantan Tengah,kendaraan,Kendaraan,15,Golongan IV - Barang,vehicle,GOL IV B,Kendaraan penumpang roda 4 (pickup sejenis dengan bak / boks panjang maks 5Meter),5,inactive
182439,9,Paciran,Jawa Timur,Paciran,Bahaur,Kalimantan Tengah,kendaraan,Kendaraan,16,Golongan V - Penumpang,vehicle,GOL V A,Kendaraan penumpang (minibus/elf sejenis dengan panjang lebih dari 5-7Meter),16,inactive
182439,9,Paciran,Jawa Timur,Paciran,Bahaur,Kalimantan Tengah,kendaraan,Kendaraan,17,Golongan V - Barang,vehicle,GOL V B,Kendaraan barang (dengan bak/boks dan tangki sejenis dengan panjang lebih dari 5-7Meter),2,inactive
182439,9,Paciran,Jawa Timur,Paciran,Bahaur,Kalimantan Tengah,kendaraan,Kendaraan,18,Golongan VI - Penumpang,vehicle,GOL VI A,Kendaraan penumpang (bus dengan panjang lebih dari 7-10Meter),32,inactive
182439,9,Paciran,Jawa Timur,Paciran,Bahaur,Kalimantan Tengah,kendaraan,Kendaraan,19,Golongan VI - Barang,vehicle,GOL VI B,Kendaraan barang (dengan bak/boks dan tangki sejenis dengan panjang lebih dari 7-10m),2,inactive
182439,9,Paciran,Jawa Timur,Paciran,Bahaur,Kalimantan Tengah,kendaraan,Kendaraan,20,Golongan VII,vehicle,GOL VII,"Truk tronton / tangki, kereta penarik kendaraan berat dengan Panjang 10-12m",2,inactive
182439,9,Paciran,Jawa Timur,Paciran,Bahaur,Kalimantan Tengah,kendaraan,Kendaraan,21,Golongan VIII,vehicle,GOL VIII,"Truk tronton / tangki, kereta penarik kendaraan berat dengan Panjang lebih dari 12-16m",2,inactive
182439,9,Paciran,Jawa Timur,Paciran,Bahaur,Kalimantan Tengah,kendaraan,Kendaraan,22,Golongan IX,vehicle,GOL IX,"Truk tronton / tangki, kereta penarik kendaraan berat dengan Panjang lebih dari 16m & Alat Berat",2,inactive
20,9,Paciran,Jawa Timur,Paciran,Bawean,Jawa Timur,pejalan-kaki,Pejalan Kaki,7,Dewasa Ekonomi,passenger,DEWASA,>2 Tahun,10,Inactive
20,9,Paciran,Jawa Timur,Paciran,Bawean,Jawa Timur,pejalan-kaki,Pejalan Kaki,5,Dewasa Bisnis I,passenger,DEWASA,>2 Tahun,10,Inactive
20,9,Paciran,Jawa Timur,Paciran,Bawean,Jawa Timur,pejalan-kaki,Pejalan Kaki,9,Bayi Ekonomi,passenger,BAYI,0 - 2 Tahun,10,Inactive
20,9,Paciran,Jawa Timur,Paciran,Bawean,Jawa Timur,pejalan-kaki,Pejalan Kaki,504,Bayi Bisnis,passenger,BAYI,0 - 2 Tahun,10,Inactive
20,9,Paciran,Jawa Timur,Paciran,Bawean,Jawa Timur,pejalan-kaki,Pejalan Kaki,525,SUPLESI BAYI EKONOMI KE BISNIS,passenger,SUPLESI,,0,Inactive
20,9,Paciran,Jawa Timur,Paciran,Bawean,Jawa Timur,kendaraan,Kendaraan,11,Golongan I,vehicle,GOL I,Sepeda Gayuh,1,inactive
20,9,Paciran,Jawa Timur,Paciran,Bawean,Jawa Timur,kendaraan,Kendaraan,12,Golongan II ,vehicle,GOL II,Sepeda motor roda 2 di bawah 500 cc & gerobak dorong,2,inactive
20,9,Paciran,Jawa Timur,Paciran,Bawean,Jawa Timur,kendaraan,Kendaraan,13,Golongan III,vehicle,GOL III,Sepeda motor besar lebih dari (500 cc) & Sepeda motor roda 3,2,inactive
20,9,Paciran,Jawa Timur,Paciran,Bawean,Jawa Timur,kendaraan,Kendaraan,14,Golongan IV - Penumpang,vehicle,GOL IV A,"Kendaraan penumpang roda 4 (sedan, jeep dan sejenisnya dengan panjang maks 5Meter)",7,inactive
20,9,Paciran,Jawa Timur,Paciran,Bawean,Jawa Timur,kendaraan,Kendaraan,15,Golongan IV - Barang,vehicle,GOL IV B,Kendaraan penumpang roda 4 (pickup sejenis dengan bak / boks panjang maks 5Meter),5,inactive
20,9,Paciran,Jawa Timur,Paciran,Bawean,Jawa Timur,kendaraan,Kendaraan,16,Golongan V - Penumpang,vehicle,GOL V A,Kendaraan penumpang (minibus/elf sejenis dengan panjang lebih dari 5-7Meter),16,inactive
20,9,Paciran,Jawa Timur,Paciran,Bawean,Jawa Timur,kendaraan,Kendaraan,17,Golongan V - Barang,vehicle,GOL V B,Kendaraan barang (dengan bak/boks dan tangki sejenis dengan panjang lebih dari 5-7Meter),2,inactive
20,9,Paciran,Jawa Timur,Paciran,Bawean,Jawa Timur,kendaraan,Kendaraan,18,Golongan VI - Penumpang,vehicle,GOL VI A,Kendaraan penumpang (bus dengan panjang lebih dari 7-10Meter),32,inactive
20,9,Paciran,Jawa Timur,Paciran,Bawean,Jawa Timur,kendaraan,Kendaraan,19,Golongan VI - Barang,vehicle,GOL VI B,Kendaraan barang (dengan bak/boks dan tangki sejenis dengan panjang lebih dari 7-10m),2,inactive
20,9,Paciran,Jawa Timur,Paciran,Bawean,Jawa Timur,kendaraan,Kendaraan,20,Golongan VII,vehicle,GOL VII,"Truk tronton / tangki, kereta penarik kendaraan berat dengan Panjang 10-12m",2,inactive
20,9,Paciran,Jawa Timur,Paciran,Bawean,Jawa Timur,kendaraan,Kendaraan,21,Golongan VIII,vehicle,GOL VIII,"Truk tronton / tangki, kereta penarik kendaraan berat dengan Panjang lebih dari 12-16m",2,inactive
20,9,Paciran,Jawa Timur,Paciran,Bawean,Jawa Timur,kendaraan,Kendaraan,22,Golongan IX,vehicle,GOL IX,"Truk tronton / tangki, kereta penarik kendaraan berat dengan Panjang lebih dari 16m & Alat Berat",2,inactive
122,29,Padang,Sumatera Barat,Padang,Tua Pejat,Sumatera Barat,pejalan-kaki,Pejalan Kaki,7,Dewasa Ekonomi,passenger,DEWASA,>2 Tahun,10,Inactive
122,29,Padang,Sumatera Barat,Padang,Tua Pejat,Sumatera Barat,pejalan-kaki,Pejalan Kaki,9,Bayi Ekonomi,passenger,BAYI,0 - 2 Tahun,10,Inactive
122,29,Padang,Sumatera Barat,Padang,Tua Pejat,Sumatera Barat,kendaraan,Kendaraan,11,Golongan I,vehicle,GOL I,Sepeda Gayuh,1,inactive
122,29,Padang,Sumatera Barat,Padang,Tua Pejat,Sumatera Barat,kendaraan,Kendaraan,12,Golongan II ,vehicle,GOL II,Sepeda motor roda 2 di bawah 500 cc & gerobak dorong,2,inactive
122,29,Padang,Sumatera Barat,Padang,Tua Pejat,Sumatera Barat,kendaraan,Kendaraan,13,Golongan III,vehicle,GOL III,Sepeda motor besar lebih dari (500 cc) & Sepeda motor roda 3,2,inactive
122,29,Padang,Sumatera Barat,Padang,Tua Pejat,Sumatera Barat,kendaraan,Kendaraan,14,Golongan IV - Penumpang,vehicle,GOL IV A,"Kendaraan penumpang roda 4 (sedan, jeep dan sejenisnya dengan panjang maks 5Meter)",7,inactive
122,29,Padang,Sumatera Barat,Padang,Tua Pejat,Sumatera Barat,kendaraan,Kendaraan,15,Golongan IV - Barang,vehicle,GOL IV B,Kendaraan penumpang roda 4 (pickup sejenis dengan bak / boks panjang maks 5Meter),5,active
122,29,Padang,Sumatera Barat,Padang,Tua Pejat,Sumatera Barat,kendaraan,Kendaraan,16,Golongan V - Penumpang,vehicle,GOL V A,Kendaraan penumpang (minibus/elf sejenis dengan panjang lebih dari 5-7Meter),16,inactive
122,29,Padang,Sumatera Barat,Padang,Tua Pejat,Sumatera Barat,kendaraan,Kendaraan,17,Golongan V - Barang,vehicle,GOL V B,Kendaraan barang (dengan bak/boks dan tangki sejenis dengan panjang lebih dari 5-7Meter),2,active
122,29,Padang,Sumatera Barat,Padang,Tua Pejat,Sumatera Barat,kendaraan,Kendaraan,18,Golongan VI - Penumpang,vehicle,GOL VI A,Kendaraan penumpang (bus dengan panjang lebih dari 7-10Meter),32,inactive
122,29,Padang,Sumatera Barat,Padang,Tua Pejat,Sumatera Barat,kendaraan,Kendaraan,19,Golongan VI - Barang,vehicle,GOL VI B,Kendaraan barang (dengan bak/boks dan tangki sejenis dengan panjang lebih dari 7-10m),2,active
122,29,Padang,Sumatera Barat,Padang,Tua Pejat,Sumatera Barat,kendaraan,Kendaraan,20,Golongan VII,vehicle,GOL VII,"Truk tronton / tangki, kereta penarik kendaraan berat dengan Panjang 10-12m",2,active
122,29,Padang,Sumatera Barat,Padang,Tua Pejat,Sumatera Barat,kendaraan,Kendaraan,21,Golongan VIII,vehicle,GOL VIII,"Truk tronton / tangki, kereta penarik kendaraan berat dengan Panjang lebih dari 12-16m",2,active
122,29,Padang,Sumatera Barat,Padang,Tua Pejat,Sumatera Barat,kendaraan,Kendaraan,22,Golongan IX,vehicle,GOL IX,"Truk tronton / tangki, kereta penarik kendaraan berat dengan Panjang lebih dari 16m & Alat Berat",2,active
26,196,Padang Bai,Bali,Padang Bai,Lembar,Nusa Tenggara Barat,pejalan-kaki,Pejalan Kaki,7,Dewasa Ekonomi,passenger,DEWASA,>2 Tahun,10,Inactive
26,196,Padang Bai,Bali,Padang Bai,Lembar,Nusa Tenggara Barat,pejalan-kaki,Pejalan Kaki,9,Bayi Ekonomi,passenger,BAYI,0 - 2 Tahun,10,Inactive
26,196,Padang Bai,Bali,Padang Bai,Lembar,Nusa Tenggara Barat,kendaraan,Kendaraan,11,Golongan I,vehicle,GOL I,Sepeda Gayuh,1,inactive
26,196,Padang Bai,Bali,Padang Bai,Lembar,Nusa Tenggara Barat,kendaraan,Kendaraan,12,Golongan II ,vehicle,GOL II,Sepeda motor roda 2 di bawah 500 cc & gerobak dorong,2,inactive
26,196,Padang Bai,Bali,Padang Bai,Lembar,Nusa Tenggara Barat,kendaraan,Kendaraan,13,Golongan III,vehicle,GOL III,Sepeda motor besar lebih dari (500 cc) & Sepeda motor roda 3,2,inactive
26,196,Padang Bai,Bali,Padang Bai,Lembar,Nusa Tenggara Barat,kendaraan,Kendaraan,14,Golongan IV - Penumpang,vehicle,GOL IV A,"Kendaraan penumpang roda 4 (sedan, jeep dan sejenisnya dengan panjang maks 5Meter)",7,inactive
26,196,Padang Bai,Bali,Padang Bai,Lembar,Nusa Tenggara Barat,kendaraan,Kendaraan,15,Golongan IV - Barang,vehicle,GOL IV B,Kendaraan penumpang roda 4 (pickup sejenis dengan bak / boks panjang maks 5Meter),5,active
26,196,Padang Bai,Bali,Padang Bai,Lembar,Nusa Tenggara Barat,kendaraan,Kendaraan,16,Golongan V - Penumpang,vehicle,GOL V A,Kendaraan penumpang (minibus/elf sejenis dengan panjang lebih dari 5-7Meter),16,inactive
26,196,Padang Bai,Bali,Padang Bai,Lembar,Nusa Tenggara Barat,kendaraan,Kendaraan,17,Golongan V - Barang,vehicle,GOL V B,Kendaraan barang (dengan bak/boks dan tangki sejenis dengan panjang lebih dari 5-7Meter),2,active
26,196,Padang Bai,Bali,Padang Bai,Lembar,Nusa Tenggara Barat,kendaraan,Kendaraan,18,Golongan VI - Penumpang,vehicle,GOL VI A,Kendaraan penumpang (bus dengan panjang lebih dari 7-10Meter),32,inactive
26,196,Padang Bai,Bali,Padang Bai,Lembar,Nusa Tenggara Barat,kendaraan,Kendaraan,19,Golongan VI - Barang,vehicle,GOL VI B,Kendaraan barang (dengan bak/boks dan tangki sejenis dengan panjang lebih dari 7-10m),2,active
26,196,Padang Bai,Bali,Padang Bai,Lembar,Nusa Tenggara Barat,kendaraan,Kendaraan,20,Golongan VII,vehicle,GOL VII,"Truk tronton / tangki, kereta penarik kendaraan berat dengan Panjang 10-12m",2,active
26,196,Padang Bai,Bali,Padang Bai,Lembar,Nusa Tenggara Barat,kendaraan,Kendaraan,21,Golongan VIII,vehicle,GOL VIII,"Truk tronton / tangki, kereta penarik kendaraan berat dengan Panjang lebih dari 12-16m",2,active
26,196,Padang Bai,Bali,Padang Bai,Lembar,Nusa Tenggara Barat,kendaraan,Kendaraan,22,Golongan IX,vehicle,GOL IX,"Truk tronton / tangki, kereta penarik kendaraan berat dengan Panjang lebih dari 16m & Alat Berat",2,active
27,196,Padang Bai,Bali,Padang Bai,Nusa Penida,Bali,pejalan-kaki,Pejalan Kaki,7,Dewasa Ekonomi,passenger,DEWASA,>2 Tahun,10,Inactive
27,196,Padang Bai,Bali,Padang Bai,Nusa Penida,Bali,pejalan-kaki,Pejalan Kaki,8,Anak - Anak Ekonomi,passenger,ANAK,2 - 5 Tahun,10,Inactive
27,196,Padang Bai,Bali,Padang Bai,Nusa Penida,Bali,kendaraan,Kendaraan,11,Golongan I,vehicle,GOL I,Sepeda Gayuh,1,inactive
27,196,Padang Bai,Bali,Padang Bai,Nusa Penida,Bali,kendaraan,Kendaraan,12,Golongan II ,vehicle,GOL II,Sepeda motor roda 2 di bawah 500 cc & gerobak dorong,2,inactive
27,196,Padang Bai,Bali,Padang Bai,Nusa Penida,Bali,kendaraan,Kendaraan,13,Golongan III,vehicle,GOL III,Sepeda motor besar lebih dari (500 cc) & Sepeda motor roda 3,2,inactive
27,196,Padang Bai,Bali,Padang Bai,Nusa Penida,Bali,kendaraan,Kendaraan,14,Golongan IV - Penumpang,vehicle,GOL IV A,"Kendaraan penumpang roda 4 (sedan, jeep dan sejenisnya dengan panjang maks 5Meter)",7,inactive
27,196,Padang Bai,Bali,Padang Bai,Nusa Penida,Bali,kendaraan,Kendaraan,15,Golongan IV - Barang,vehicle,GOL IV B,Kendaraan penumpang roda 4 (pickup sejenis dengan bak / boks panjang maks 5Meter),5,active
27,196,Padang Bai,Bali,Padang Bai,Nusa Penida,Bali,kendaraan,Kendaraan,16,Golongan V - Penumpang,vehicle,GOL V A,Kendaraan penumpang (minibus/elf sejenis dengan panjang lebih dari 5-7Meter),16,inactive
27,196,Padang Bai,Bali,Padang Bai,Nusa Penida,Bali,kendaraan,Kendaraan,17,Golongan V - Barang,vehicle,GOL V B,Kendaraan barang (dengan bak/boks dan tangki sejenis dengan panjang lebih dari 5-7Meter),2,active
27,196,Padang Bai,Bali,Padang Bai,Nusa Penida,Bali,kendaraan,Kendaraan,18,Golongan VI - Penumpang,vehicle,GOL VI A,Kendaraan penumpang (bus dengan panjang lebih dari 7-10Meter),32,inactive
27,196,Padang Bai,Bali,Padang Bai,Nusa Penida,Bali,kendaraan,Kendaraan,19,Golongan VI - Barang,vehicle,GOL VI B,Kendaraan barang (dengan bak/boks dan tangki sejenis dengan panjang lebih dari 7-10m),2,active
27,196,Padang Bai,Bali,Padang Bai,Nusa Penida,Bali,kendaraan,Kendaraan,20,Golongan VII,vehicle,GOL VII,"Truk tronton / tangki, kereta penarik kendaraan berat dengan Panjang 10-12m",2,active
27,196,Padang Bai,Bali,Padang Bai,Nusa Penida,Bali,kendaraan,Kendaraan,21,Golongan VIII,vehicle,GOL VIII,"Truk tronton / tangki, kereta penarik kendaraan berat dengan Panjang lebih dari 12-16m",2,active
27,196,Padang Bai,Bali,Padang Bai,Nusa Penida,Bali,kendaraan,Kendaraan,22,Golongan IX,vehicle,GOL IX,"Truk tronton / tangki, kereta penarik kendaraan berat dengan Panjang lebih dari 16m & Alat Berat",2,active
234228,234,Pagimana,Sulawesi Tengah,Pagimana,Gorontalo,Gorontalo,pejalan-kaki,Pejalan Kaki,7,Dewasa Ekonomi,passenger,DEWASA,>2 Tahun,10,Inactive
234228,234,Pagimana,Sulawesi Tengah,Pagimana,Gorontalo,Gorontalo,pejalan-kaki,Pejalan Kaki,5,Dewasa Bisnis I,passenger,DEWASA,>2 Tahun,10,Inactive
234228,234,Pagimana,Sulawesi Tengah,Pagimana,Gorontalo,Gorontalo,pejalan-kaki,Pejalan Kaki,3,Dewasa Eksekutif,passenger,DEWASA, >2 Tahun ,10,Inactive
234228,234,Pagimana,Sulawesi Tengah,Pagimana,Gorontalo,Gorontalo,pejalan-kaki,Pejalan Kaki,9,Bayi Ekonomi,passenger,BAYI,0 - 2 Tahun,10,Inactive
234228,234,Pagimana,Sulawesi Tengah,Pagimana,Gorontalo,Gorontalo,pejalan-kaki,Pejalan Kaki,482,EKSEKUTIF BAYI,passenger,BAYI,,0,Inactive
234228,234,Pagimana,Sulawesi Tengah,Pagimana,Gorontalo,Gorontalo,pejalan-kaki,Pejalan Kaki,483,BISNIS BAYI,passenger,BAYI,,0,Inactive
234228,234,Pagimana,Sulawesi Tengah,Pagimana,Gorontalo,Gorontalo,kendaraan,Kendaraan,11,Golongan I,vehicle,GOL I,Sepeda Gayuh,1,inactive
234228,234,Pagimana,Sulawesi Tengah,Pagimana,Gorontalo,Gorontalo,kendaraan,Kendaraan,12,Golongan II ,vehicle,GOL II,Sepeda motor roda 2 di bawah 500 cc & gerobak dorong,2,inactive
234228,234,Pagimana,Sulawesi Tengah,Pagimana,Gorontalo,Gorontalo,kendaraan,Kendaraan,13,Golongan III,vehicle,GOL III,Sepeda motor besar lebih dari (500 cc) & Sepeda motor roda 3,2,inactive
234228,234,Pagimana,Sulawesi Tengah,Pagimana,Gorontalo,Gorontalo,kendaraan,Kendaraan,14,Golongan IV - Penumpang,vehicle,GOL IV A,"Kendaraan penumpang roda 4 (sedan, jeep dan sejenisnya dengan panjang maks 5Meter)",7,inactive
234228,234,Pagimana,Sulawesi Tengah,Pagimana,Gorontalo,Gorontalo,kendaraan,Kendaraan,15,Golongan IV - Barang,vehicle,GOL IV B,Kendaraan penumpang roda 4 (pickup sejenis dengan bak / boks panjang maks 5Meter),5,active
234228,234,Pagimana,Sulawesi Tengah,Pagimana,Gorontalo,Gorontalo,kendaraan,Kendaraan,16,Golongan V - Penumpang,vehicle,GOL V A,Kendaraan penumpang (minibus/elf sejenis dengan panjang lebih dari 5-7Meter),16,inactive
234228,234,Pagimana,Sulawesi Tengah,Pagimana,Gorontalo,Gorontalo,kendaraan,Kendaraan,17,Golongan V - Barang,vehicle,GOL V B,Kendaraan barang (dengan bak/boks dan tangki sejenis dengan panjang lebih dari 5-7Meter),2,active
234228,234,Pagimana,Sulawesi Tengah,Pagimana,Gorontalo,Gorontalo,kendaraan,Kendaraan,18,Golongan VI - Penumpang,vehicle,GOL VI A,Kendaraan penumpang (bus dengan panjang lebih dari 7-10Meter),32,inactive
234228,234,Pagimana,Sulawesi Tengah,Pagimana,Gorontalo,Gorontalo,kendaraan,Kendaraan,19,Golongan VI - Barang,vehicle,GOL VI B,Kendaraan barang (dengan bak/boks dan tangki sejenis dengan panjang lebih dari 7-10m),2,active
234228,234,Pagimana,Sulawesi Tengah,Pagimana,Gorontalo,Gorontalo,kendaraan,Kendaraan,20,Golongan VII,vehicle,GOL VII,"Truk tronton / tangki, kereta penarik kendaraan berat dengan Panjang 10-12m",2,active
234228,234,Pagimana,Sulawesi Tengah,Pagimana,Gorontalo,Gorontalo,kendaraan,Kendaraan,21,Golongan VIII,vehicle,GOL VIII,"Truk tronton / tangki, kereta penarik kendaraan berat dengan Panjang lebih dari 12-16m",2,active
234228,234,Pagimana,Sulawesi Tengah,Pagimana,Gorontalo,Gorontalo,kendaraan,Kendaraan,22,Golongan IX,vehicle,GOL IX,"Truk tronton / tangki, kereta penarik kendaraan berat dengan Panjang lebih dari 16m & Alat Berat",2,active
121,244,Pamatata,Sulawesi Selatan,Pamatata,Bira,Sulawesi Selatan,pejalan-kaki,Pejalan Kaki,7,Dewasa Ekonomi,passenger,DEWASA,>2 Tahun,10,Inactive
121,244,Pamatata,Sulawesi Selatan,Pamatata,Bira,Sulawesi Selatan,pejalan-kaki,Pejalan Kaki,5,Dewasa Bisnis I,passenger,DEWASA,>2 Tahun,10,Inactive
121,244,Pamatata,Sulawesi Selatan,Pamatata,Bira,Sulawesi Selatan,pejalan-kaki,Pejalan Kaki,9,Bayi Ekonomi,passenger,BAYI,0 - 2 Tahun,10,Inactive
121,244,Pamatata,Sulawesi Selatan,Pamatata,Bira,Sulawesi Selatan,pejalan-kaki,Pejalan Kaki,504,Bayi Bisnis,passenger,BAYI,0 - 2 Tahun,10,Inactive
121,244,Pamatata,Sulawesi Selatan,Pamatata,Bira,Sulawesi Selatan,pejalan-kaki,Pejalan Kaki,525,SUPLESI BAYI EKONOMI KE BISNIS,passenger,SUPLESI,,0,Inactive
121,244,Pamatata,Sulawesi Selatan,Pamatata,Bira,Sulawesi Selatan,kendaraan,Kendaraan,11,Golongan I,vehicle,GOL I,Sepeda Gayuh,1,inactive
121,244,Pamatata,Sulawesi Selatan,Pamatata,Bira,Sulawesi Selatan,kendaraan,Kendaraan,12,Golongan II ,vehicle,GOL II,Sepeda motor roda 2 di bawah 500 cc & gerobak dorong,2,inactive
121,244,Pamatata,Sulawesi Selatan,Pamatata,Bira,Sulawesi Selatan,kendaraan,Kendaraan,13,Golongan III,vehicle,GOL III,Sepeda motor besar lebih dari (500 cc) & Sepeda motor roda 3,2,inactive
121,244,Pamatata,Sulawesi Selatan,Pamatata,Bira,Sulawesi Selatan,kendaraan,Kendaraan,14,Golongan IV - Penumpang,vehicle,GOL IV A,"Kendaraan penumpang roda 4 (sedan, jeep dan sejenisnya dengan panjang maks 5Meter)",7,inactive
121,244,Pamatata,Sulawesi Selatan,Pamatata,Bira,Sulawesi Selatan,kendaraan,Kendaraan,15,Golongan IV - Barang,vehicle,GOL IV B,Kendaraan penumpang roda 4 (pickup sejenis dengan bak / boks panjang maks 5Meter),5,active
121,244,Pamatata,Sulawesi Selatan,Pamatata,Bira,Sulawesi Selatan,kendaraan,Kendaraan,16,Golongan V - Penumpang,vehicle,GOL V A,Kendaraan penumpang (minibus/elf sejenis dengan panjang lebih dari 5-7Meter),16,inactive
121,244,Pamatata,Sulawesi Selatan,Pamatata,Bira,Sulawesi Selatan,kendaraan,Kendaraan,17,Golongan V - Barang,vehicle,GOL V B,Kendaraan barang (dengan bak/boks dan tangki sejenis dengan panjang lebih dari 5-7Meter),2,active
121,244,Pamatata,Sulawesi Selatan,Pamatata,Bira,Sulawesi Selatan,kendaraan,Kendaraan,18,Golongan VI - Penumpang,vehicle,GOL VI A,Kendaraan penumpang (bus dengan panjang lebih dari 7-10Meter),32,inactive
121,244,Pamatata,Sulawesi Selatan,Pamatata,Bira,Sulawesi Selatan,kendaraan,Kendaraan,19,Golongan VI - Barang,vehicle,GOL VI B,Kendaraan barang (dengan bak/boks dan tangki sejenis dengan panjang lebih dari 7-10m),2,active
121,244,Pamatata,Sulawesi Selatan,Pamatata,Bira,Sulawesi Selatan,kendaraan,Kendaraan,20,Golongan VII,vehicle,GOL VII,"Truk tronton / tangki, kereta penarik kendaraan berat dengan Panjang 10-12m",2,active
121,244,Pamatata,Sulawesi Selatan,Pamatata,Bira,Sulawesi Selatan,kendaraan,Kendaraan,21,Golongan VIII,vehicle,GOL VIII,"Truk tronton / tangki, kereta penarik kendaraan berat dengan Panjang lebih dari 12-16m",2,active
121,244,Pamatata,Sulawesi Selatan,Pamatata,Bira,Sulawesi Selatan,kendaraan,Kendaraan,22,Golongan IX,vehicle,GOL IX,"Truk tronton / tangki, kereta penarik kendaraan berat dengan Panjang lebih dari 16m & Alat Berat",2,active
5489,54,Penajam,Kalimantan Timur,Penajam,Kariangau,Kalimantan Timur,pejalan-kaki,Pejalan Kaki,7,Dewasa Ekonomi,passenger,DEWASA,>2 Tahun,10,Inactive
5489,54,Penajam,Kalimantan Timur,Penajam,Kariangau,Kalimantan Timur,pejalan-kaki,Pejalan Kaki,9,Bayi Ekonomi,passenger,BAYI,0 - 2 Tahun,10,Inactive
5489,54,Penajam,Kalimantan Timur,Penajam,Kariangau,Kalimantan Timur,kendaraan,Kendaraan,11,Golongan I,vehicle,GOL I,Sepeda Gayuh,1,inactive
5489,54,Penajam,Kalimantan Timur,Penajam,Kariangau,Kalimantan Timur,kendaraan,Kendaraan,12,Golongan II ,vehicle,GOL II,Sepeda motor roda 2 di bawah 500 cc & gerobak dorong,2,inactive
5489,54,Penajam,Kalimantan Timur,Penajam,Kariangau,Kalimantan Timur,kendaraan,Kendaraan,13,Golongan III,vehicle,GOL III,Sepeda motor besar lebih dari (500 cc) & Sepeda motor roda 3,2,inactive
5489,54,Penajam,Kalimantan Timur,Penajam,Kariangau,Kalimantan Timur,kendaraan,Kendaraan,14,Golongan IV - Penumpang,vehicle,GOL IV A,"Kendaraan penumpang roda 4 (sedan, jeep dan sejenisnya dengan panjang maks 5Meter)",7,inactive
5489,54,Penajam,Kalimantan Timur,Penajam,Kariangau,Kalimantan Timur,kendaraan,Kendaraan,15,Golongan IV - Barang,vehicle,GOL IV B,Kendaraan penumpang roda 4 (pickup sejenis dengan bak / boks panjang maks 5Meter),5,inactive
5489,54,Penajam,Kalimantan Timur,Penajam,Kariangau,Kalimantan Timur,kendaraan,Kendaraan,16,Golongan V - Penumpang,vehicle,GOL V A,Kendaraan penumpang (minibus/elf sejenis dengan panjang lebih dari 5-7Meter),16,inactive
5489,54,Penajam,Kalimantan Timur,Penajam,Kariangau,Kalimantan Timur,kendaraan,Kendaraan,17,Golongan V - Barang,vehicle,GOL V B,Kendaraan barang (dengan bak/boks dan tangki sejenis dengan panjang lebih dari 5-7Meter),2,inactive
5489,54,Penajam,Kalimantan Timur,Penajam,Kariangau,Kalimantan Timur,kendaraan,Kendaraan,18,Golongan VI - Penumpang,vehicle,GOL VI A,Kendaraan penumpang (bus dengan panjang lebih dari 7-10Meter),32,inactive
5489,54,Penajam,Kalimantan Timur,Penajam,Kariangau,Kalimantan Timur,kendaraan,Kendaraan,19,Golongan VI - Barang,vehicle,GOL VI B,Kendaraan barang (dengan bak/boks dan tangki sejenis dengan panjang lebih dari 7-10m),2,inactive
5489,54,Penajam,Kalimantan Timur,Penajam,Kariangau,Kalimantan Timur,kendaraan,Kendaraan,20,Golongan VII,vehicle,GOL VII,"Truk tronton / tangki, kereta penarik kendaraan berat dengan Panjang 10-12m",2,inactive
5489,54,Penajam,Kalimantan Timur,Penajam,Kariangau,Kalimantan Timur,kendaraan,Kendaraan,21,Golongan VIII,vehicle,GOL VIII,"Truk tronton / tangki, kereta penarik kendaraan berat dengan Panjang lebih dari 12-16m",2,inactive
5489,54,Penajam,Kalimantan Timur,Penajam,Kariangau,Kalimantan Timur,kendaraan,Kendaraan,22,Golongan IX,vehicle,GOL IX,"Truk tronton / tangki, kereta penarik kendaraan berat dengan Panjang lebih dari 16m & Alat Berat",2,inactive
5489,54,Penajam,Kalimantan Timur,Penajam,Kariangau,Kalimantan Timur,kendaraan,Kendaraan,514,Golongan BBM 5 TON,vehicle,GOL V B,,0,inactive
5489,54,Penajam,Kalimantan Timur,Penajam,Kariangau,Kalimantan Timur,kendaraan,Kendaraan,515,Golongan BBM 10 TON,vehicle,GOL VI B,,0,inactive
5489,54,Penajam,Kalimantan Timur,Penajam,Kariangau,Kalimantan Timur,kendaraan,Kendaraan,516,Golongan BBM 16 TON,vehicle,GOL VII B,,0,inactive
30,194,Pototano,Nusa Tenggara Barat,Pototano,Kayangan,Nusa Tenggara Barat,pejalan-kaki,Pejalan Kaki,7,Dewasa Ekonomi,passenger,DEWASA,>2 Tahun,10,Inactive
30,194,Pototano,Nusa Tenggara Barat,Pototano,Kayangan,Nusa Tenggara Barat,pejalan-kaki,Pejalan Kaki,9,Bayi Ekonomi,passenger,BAYI,0 - 2 Tahun,10,Inactive
30,194,Pototano,Nusa Tenggara Barat,Pototano,Kayangan,Nusa Tenggara Barat,kendaraan,Kendaraan,11,Golongan I,vehicle,GOL I,Sepeda Gayuh,1,inactive
30,194,Pototano,Nusa Tenggara Barat,Pototano,Kayangan,Nusa Tenggara Barat,kendaraan,Kendaraan,12,Golongan II ,vehicle,GOL II,Sepeda motor roda 2 di bawah 500 cc & gerobak dorong,2,inactive
30,194,Pototano,Nusa Tenggara Barat,Pototano,Kayangan,Nusa Tenggara Barat,kendaraan,Kendaraan,13,Golongan III,vehicle,GOL III,Sepeda motor besar lebih dari (500 cc) & Sepeda motor roda 3,2,inactive
30,194,Pototano,Nusa Tenggara Barat,Pototano,Kayangan,Nusa Tenggara Barat,kendaraan,Kendaraan,14,Golongan IV - Penumpang,vehicle,GOL IV A,"Kendaraan penumpang roda 4 (sedan, jeep dan sejenisnya dengan panjang maks 5Meter)",7,inactive
30,194,Pototano,Nusa Tenggara Barat,Pototano,Kayangan,Nusa Tenggara Barat,kendaraan,Kendaraan,15,Golongan IV - Barang,vehicle,GOL IV B,Kendaraan penumpang roda 4 (pickup sejenis dengan bak / boks panjang maks 5Meter),5,active
30,194,Pototano,Nusa Tenggara Barat,Pototano,Kayangan,Nusa Tenggara Barat,kendaraan,Kendaraan,16,Golongan V - Penumpang,vehicle,GOL V A,Kendaraan penumpang (minibus/elf sejenis dengan panjang lebih dari 5-7Meter),16,inactive
30,194,Pototano,Nusa Tenggara Barat,Pototano,Kayangan,Nusa Tenggara Barat,kendaraan,Kendaraan,17,Golongan V - Barang,vehicle,GOL V B,Kendaraan barang (dengan bak/boks dan tangki sejenis dengan panjang lebih dari 5-7Meter),2,active
30,194,Pototano,Nusa Tenggara Barat,Pototano,Kayangan,Nusa Tenggara Barat,kendaraan,Kendaraan,18,Golongan VI - Penumpang,vehicle,GOL VI A,Kendaraan penumpang (bus dengan panjang lebih dari 7-10Meter),32,inactive
30,194,Pototano,Nusa Tenggara Barat,Pototano,Kayangan,Nusa Tenggara Barat,kendaraan,Kendaraan,19,Golongan VI - Barang,vehicle,GOL VI B,Kendaraan barang (dengan bak/boks dan tangki sejenis dengan panjang lebih dari 7-10m),2,active
30,194,Pototano,Nusa Tenggara Barat,Pototano,Kayangan,Nusa Tenggara Barat,kendaraan,Kendaraan,20,Golongan VII,vehicle,GOL VII,"Truk tronton / tangki, kereta penarik kendaraan berat dengan Panjang 10-12m",2,active
30,194,Pototano,Nusa Tenggara Barat,Pototano,Kayangan,Nusa Tenggara Barat,kendaraan,Kendaraan,21,Golongan VIII,vehicle,GOL VIII,"Truk tronton / tangki, kereta penarik kendaraan berat dengan Panjang lebih dari 12-16m",2,active
30,194,Pototano,Nusa Tenggara Barat,Pototano,Kayangan,Nusa Tenggara Barat,kendaraan,Kendaraan,22,Golongan IX,vehicle,GOL IX,"Truk tronton / tangki, kereta penarik kendaraan berat dengan Panjang lebih dari 16m & Alat Berat",2,active
201027,566,Probolinggo,Jawa Timur,Probolinggo,Lembar,Nusa Tenggara Barat,pejalan-kaki,Pejalan Kaki,7,Dewasa Ekonomi,passenger,DEWASA,>2 Tahun,10,Inactive
201027,566,Probolinggo,Jawa Timur,Probolinggo,Lembar,Nusa Tenggara Barat,kendaraan,Kendaraan,12,Golongan II ,vehicle,GOL II,Sepeda motor roda 2 di bawah 500 cc & gerobak dorong,2,inactive
5425,172,Rote,Nusa Tenggara Timur,Rote,Hansisi,Nusa Tenggara Timur,pejalan-kaki,Pejalan Kaki,7,Dewasa Ekonomi,passenger,DEWASA,>2 Tahun,10,Inactive
5425,172,Rote,Nusa Tenggara Timur,Rote,Hansisi,Nusa Tenggara Timur,pejalan-kaki,Pejalan Kaki,8,Anak - Anak Ekonomi,passenger,ANAK,2 - 5 Tahun,10,Inactive
5425,172,Rote,Nusa Tenggara Timur,Rote,Hansisi,Nusa Tenggara Timur,kendaraan,Kendaraan,11,Golongan I,vehicle,GOL I,Sepeda Gayuh,1,inactive
5425,172,Rote,Nusa Tenggara Timur,Rote,Hansisi,Nusa Tenggara Timur,kendaraan,Kendaraan,12,Golongan II ,vehicle,GOL II,Sepeda motor roda 2 di bawah 500 cc & gerobak dorong,2,inactive
5425,172,Rote,Nusa Tenggara Timur,Rote,Hansisi,Nusa Tenggara Timur,kendaraan,Kendaraan,13,Golongan III,vehicle,GOL III,Sepeda motor besar lebih dari (500 cc) & Sepeda motor roda 3,2,inactive
5425,172,Rote,Nusa Tenggara Timur,Rote,Hansisi,Nusa Tenggara Timur,kendaraan,Kendaraan,14,Golongan IV - Penumpang,vehicle,GOL IV A,"Kendaraan penumpang roda 4 (sedan, jeep dan sejenisnya dengan panjang maks 5Meter)",7,inactive
5425,172,Rote,Nusa Tenggara Timur,Rote,Hansisi,Nusa Tenggara Timur,kendaraan,Kendaraan,15,Golongan IV - Barang,vehicle,GOL IV B,Kendaraan penumpang roda 4 (pickup sejenis dengan bak / boks panjang maks 5Meter),5,inactive
5425,172,Rote,Nusa Tenggara Timur,Rote,Hansisi,Nusa Tenggara Timur,kendaraan,Kendaraan,16,Golongan V - Penumpang,vehicle,GOL V A,Kendaraan penumpang (minibus/elf sejenis dengan panjang lebih dari 5-7Meter),16,inactive
5425,172,Rote,Nusa Tenggara Timur,Rote,Hansisi,Nusa Tenggara Timur,kendaraan,Kendaraan,17,Golongan V - Barang,vehicle,GOL V B,Kendaraan barang (dengan bak/boks dan tangki sejenis dengan panjang lebih dari 5-7Meter),2,inactive
5425,172,Rote,Nusa Tenggara Timur,Rote,Hansisi,Nusa Tenggara Timur,kendaraan,Kendaraan,18,Golongan VI - Penumpang,vehicle,GOL VI A,Kendaraan penumpang (bus dengan panjang lebih dari 7-10Meter),32,inactive
5425,172,Rote,Nusa Tenggara Timur,Rote,Hansisi,Nusa Tenggara Timur,kendaraan,Kendaraan,19,Golongan VI - Barang,vehicle,GOL VI B,Kendaraan barang (dengan bak/boks dan tangki sejenis dengan panjang lebih dari 7-10m),2,inactive
5425,172,Rote,Nusa Tenggara Timur,Rote,Hansisi,Nusa Tenggara Timur,kendaraan,Kendaraan,20,Golongan VII,vehicle,GOL VII,"Truk tronton / tangki, kereta penarik kendaraan berat dengan Panjang 10-12m",2,inactive
5425,172,Rote,Nusa Tenggara Timur,Rote,Hansisi,Nusa Tenggara Timur,kendaraan,Kendaraan,21,Golongan VIII,vehicle,GOL VIII,"Truk tronton / tangki, kereta penarik kendaraan berat dengan Panjang lebih dari 12-16m",2,inactive
5425,172,Rote,Nusa Tenggara Timur,Rote,Hansisi,Nusa Tenggara Timur,kendaraan,Kendaraan,22,Golongan IX,vehicle,GOL IX,"Truk tronton / tangki, kereta penarik kendaraan berat dengan Panjang lebih dari 16m & Alat Berat",2,inactive
5354,172,Rote,Nusa Tenggara Timur,Rote,Kupang,Nusa Tenggara Timur,pejalan-kaki,Pejalan Kaki,7,Dewasa Ekonomi,passenger,DEWASA,>2 Tahun,10,Inactive
5354,172,Rote,Nusa Tenggara Timur,Rote,Kupang,Nusa Tenggara Timur,pejalan-kaki,Pejalan Kaki,5,Dewasa Bisnis I,passenger,DEWASA,>2 Tahun,10,Inactive
5354,172,Rote,Nusa Tenggara Timur,Rote,Kupang,Nusa Tenggara Timur,pejalan-kaki,Pejalan Kaki,9,Bayi Ekonomi,passenger,BAYI,0 - 2 Tahun,10,Inactive
5354,172,Rote,Nusa Tenggara Timur,Rote,Kupang,Nusa Tenggara Timur,pejalan-kaki,Pejalan Kaki,8,Anak - Anak Ekonomi,passenger,ANAK,2 - 5 Tahun,10,Inactive
5354,172,Rote,Nusa Tenggara Timur,Rote,Kupang,Nusa Tenggara Timur,pejalan-kaki,Pejalan Kaki,6,Anak - Anak Bisnis I,passenger,ANAK,2 - 5 Tahun,10,Inactive
5354,172,Rote,Nusa Tenggara Timur,Rote,Kupang,Nusa Tenggara Timur,kendaraan,Kendaraan,11,Golongan I,vehicle,GOL I,Sepeda Gayuh,1,inactive
5354,172,Rote,Nusa Tenggara Timur,Rote,Kupang,Nusa Tenggara Timur,kendaraan,Kendaraan,12,Golongan II ,vehicle,GOL II,Sepeda motor roda 2 di bawah 500 cc & gerobak dorong,2,inactive
5354,172,Rote,Nusa Tenggara Timur,Rote,Kupang,Nusa Tenggara Timur,kendaraan,Kendaraan,13,Golongan III,vehicle,GOL III,Sepeda motor besar lebih dari (500 cc) & Sepeda motor roda 3,2,inactive
5354,172,Rote,Nusa Tenggara Timur,Rote,Kupang,Nusa Tenggara Timur,kendaraan,Kendaraan,14,Golongan IV - Penumpang,vehicle,GOL IV A,"Kendaraan penumpang roda 4 (sedan, jeep dan sejenisnya dengan panjang maks 5Meter)",7,inactive
5354,172,Rote,Nusa Tenggara Timur,Rote,Kupang,Nusa Tenggara Timur,kendaraan,Kendaraan,15,Golongan IV - Barang,vehicle,GOL IV B,Kendaraan penumpang roda 4 (pickup sejenis dengan bak / boks panjang maks 5Meter),5,inactive
5354,172,Rote,Nusa Tenggara Timur,Rote,Kupang,Nusa Tenggara Timur,kendaraan,Kendaraan,16,Golongan V - Penumpang,vehicle,GOL V A,Kendaraan penumpang (minibus/elf sejenis dengan panjang lebih dari 5-7Meter),16,inactive
5354,172,Rote,Nusa Tenggara Timur,Rote,Kupang,Nusa Tenggara Timur,kendaraan,Kendaraan,17,Golongan V - Barang,vehicle,GOL V B,Kendaraan barang (dengan bak/boks dan tangki sejenis dengan panjang lebih dari 5-7Meter),2,inactive
5354,172,Rote,Nusa Tenggara Timur,Rote,Kupang,Nusa Tenggara Timur,kendaraan,Kendaraan,18,Golongan VI - Penumpang,vehicle,GOL VI A,Kendaraan penumpang (bus dengan panjang lebih dari 7-10Meter),32,inactive
5354,172,Rote,Nusa Tenggara Timur,Rote,Kupang,Nusa Tenggara Timur,kendaraan,Kendaraan,19,Golongan VI - Barang,vehicle,GOL VI B,Kendaraan barang (dengan bak/boks dan tangki sejenis dengan panjang lebih dari 7-10m),2,inactive
5354,172,Rote,Nusa Tenggara Timur,Rote,Kupang,Nusa Tenggara Timur,kendaraan,Kendaraan,20,Golongan VII,vehicle,GOL VII,"Truk tronton / tangki, kereta penarik kendaraan berat dengan Panjang 10-12m",2,inactive
5354,172,Rote,Nusa Tenggara Timur,Rote,Kupang,Nusa Tenggara Timur,kendaraan,Kendaraan,21,Golongan VIII,vehicle,GOL VIII,"Truk tronton / tangki, kereta penarik kendaraan berat dengan Panjang lebih dari 12-16m",2,inactive
5354,172,Rote,Nusa Tenggara Timur,Rote,Kupang,Nusa Tenggara Timur,kendaraan,Kendaraan,22,Golongan IX,vehicle,GOL IX,"Truk tronton / tangki, kereta penarik kendaraan berat dengan Panjang lebih dari 16m & Alat Berat",2,inactive
5350,172,Rote,Nusa Tenggara Timur,Rote,Ndao,Nusa Tenggara Timur,pejalan-kaki,Pejalan Kaki,7,Dewasa Ekonomi,passenger,DEWASA,>2 Tahun,10,Inactive
5350,172,Rote,Nusa Tenggara Timur,Rote,Ndao,Nusa Tenggara Timur,pejalan-kaki,Pejalan Kaki,8,Anak - Anak Ekonomi,passenger,ANAK,2 - 5 Tahun,10,Inactive
5350,172,Rote,Nusa Tenggara Timur,Rote,Ndao,Nusa Tenggara Timur,kendaraan,Kendaraan,11,Golongan I,vehicle,GOL I,Sepeda Gayuh,1,inactive
5350,172,Rote,Nusa Tenggara Timur,Rote,Ndao,Nusa Tenggara Timur,kendaraan,Kendaraan,12,Golongan II ,vehicle,GOL II,Sepeda motor roda 2 di bawah 500 cc & gerobak dorong,2,inactive
5350,172,Rote,Nusa Tenggara Timur,Rote,Ndao,Nusa Tenggara Timur,kendaraan,Kendaraan,13,Golongan III,vehicle,GOL III,Sepeda motor besar lebih dari (500 cc) & Sepeda motor roda 3,2,inactive
5350,172,Rote,Nusa Tenggara Timur,Rote,Ndao,Nusa Tenggara Timur,kendaraan,Kendaraan,14,Golongan IV - Penumpang,vehicle,GOL IV A,"Kendaraan penumpang roda 4 (sedan, jeep dan sejenisnya dengan panjang maks 5Meter)",7,inactive
5350,172,Rote,Nusa Tenggara Timur,Rote,Ndao,Nusa Tenggara Timur,kendaraan,Kendaraan,15,Golongan IV - Barang,vehicle,GOL IV B,Kendaraan penumpang roda 4 (pickup sejenis dengan bak / boks panjang maks 5Meter),5,inactive
5350,172,Rote,Nusa Tenggara Timur,Rote,Ndao,Nusa Tenggara Timur,kendaraan,Kendaraan,16,Golongan V - Penumpang,vehicle,GOL V A,Kendaraan penumpang (minibus/elf sejenis dengan panjang lebih dari 5-7Meter),16,inactive
5350,172,Rote,Nusa Tenggara Timur,Rote,Ndao,Nusa Tenggara Timur,kendaraan,Kendaraan,17,Golongan V - Barang,vehicle,GOL V B,Kendaraan barang (dengan bak/boks dan tangki sejenis dengan panjang lebih dari 5-7Meter),2,inactive
5350,172,Rote,Nusa Tenggara Timur,Rote,Ndao,Nusa Tenggara Timur,kendaraan,Kendaraan,18,Golongan VI - Penumpang,vehicle,GOL VI A,Kendaraan penumpang (bus dengan panjang lebih dari 7-10Meter),32,inactive
5350,172,Rote,Nusa Tenggara Timur,Rote,Ndao,Nusa Tenggara Timur,kendaraan,Kendaraan,19,Golongan VI - Barang,vehicle,GOL VI B,Kendaraan barang (dengan bak/boks dan tangki sejenis dengan panjang lebih dari 7-10m),2,inactive
5350,172,Rote,Nusa Tenggara Timur,Rote,Ndao,Nusa Tenggara Timur,kendaraan,Kendaraan,20,Golongan VII,vehicle,GOL VII,"Truk tronton / tangki, kereta penarik kendaraan berat dengan Panjang 10-12m",2,inactive
5350,172,Rote,Nusa Tenggara Timur,Rote,Ndao,Nusa Tenggara Timur,kendaraan,Kendaraan,21,Golongan VIII,vehicle,GOL VIII,"Truk tronton / tangki, kereta penarik kendaraan berat dengan Panjang lebih dari 12-16m",2,inactive
5350,172,Rote,Nusa Tenggara Timur,Rote,Ndao,Nusa Tenggara Timur,kendaraan,Kendaraan,22,Golongan IX,vehicle,GOL IX,"Truk tronton / tangki, kereta penarik kendaraan berat dengan Panjang lebih dari 16m & Alat Berat",2,inactive
34,131,Rum,Maluku Utara,Rum,Bastiong,Maluku Utara,pejalan-kaki,Pejalan Kaki,7,Dewasa Ekonomi,passenger,DEWASA,>2 Tahun,10,Inactive
34,131,Rum,Maluku Utara,Rum,Bastiong,Maluku Utara,pejalan-kaki,Pejalan Kaki,9,Bayi Ekonomi,passenger,BAYI,0 - 2 Tahun,10,Inactive
34,131,Rum,Maluku Utara,Rum,Bastiong,Maluku Utara,pejalan-kaki,Pejalan Kaki,8,Anak - Anak Ekonomi,passenger,ANAK,2 - 5 Tahun,10,Inactive
34,131,Rum,Maluku Utara,Rum,Bastiong,Maluku Utara,kendaraan,Kendaraan,11,Golongan I,vehicle,GOL I,Sepeda Gayuh,1,inactive
34,131,Rum,Maluku Utara,Rum,Bastiong,Maluku Utara,kendaraan,Kendaraan,12,Golongan II ,vehicle,GOL II,Sepeda motor roda 2 di bawah 500 cc & gerobak dorong,2,inactive
34,131,Rum,Maluku Utara,Rum,Bastiong,Maluku Utara,kendaraan,Kendaraan,13,Golongan III,vehicle,GOL III,Sepeda motor besar lebih dari (500 cc) & Sepeda motor roda 3,2,inactive
34,131,Rum,Maluku Utara,Rum,Bastiong,Maluku Utara,kendaraan,Kendaraan,14,Golongan IV - Penumpang,vehicle,GOL IV A,"Kendaraan penumpang roda 4 (sedan, jeep dan sejenisnya dengan panjang maks 5Meter)",7,inactive
34,131,Rum,Maluku Utara,Rum,Bastiong,Maluku Utara,kendaraan,Kendaraan,15,Golongan IV - Barang,vehicle,GOL IV B,Kendaraan penumpang roda 4 (pickup sejenis dengan bak / boks panjang maks 5Meter),5,active
34,131,Rum,Maluku Utara,Rum,Bastiong,Maluku Utara,kendaraan,Kendaraan,16,Golongan V - Penumpang,vehicle,GOL V A,Kendaraan penumpang (minibus/elf sejenis dengan panjang lebih dari 5-7Meter),16,inactive
34,131,Rum,Maluku Utara,Rum,Bastiong,Maluku Utara,kendaraan,Kendaraan,17,Golongan V - Barang,vehicle,GOL V B,Kendaraan barang (dengan bak/boks dan tangki sejenis dengan panjang lebih dari 5-7Meter),2,active
34,131,Rum,Maluku Utara,Rum,Bastiong,Maluku Utara,kendaraan,Kendaraan,18,Golongan VI - Penumpang,vehicle,GOL VI A,Kendaraan penumpang (bus dengan panjang lebih dari 7-10Meter),32,inactive
34,131,Rum,Maluku Utara,Rum,Bastiong,Maluku Utara,kendaraan,Kendaraan,19,Golongan VI - Barang,vehicle,GOL VI B,Kendaraan barang (dengan bak/boks dan tangki sejenis dengan panjang lebih dari 7-10m),2,active
34,131,Rum,Maluku Utara,Rum,Bastiong,Maluku Utara,kendaraan,Kendaraan,20,Golongan VII,vehicle,GOL VII,"Truk tronton / tangki, kereta penarik kendaraan berat dengan Panjang 10-12m",2,active
34,131,Rum,Maluku Utara,Rum,Bastiong,Maluku Utara,kendaraan,Kendaraan,21,Golongan VIII,vehicle,GOL VIII,"Truk tronton / tangki, kereta penarik kendaraan berat dengan Panjang lebih dari 12-16m",2,active
34,131,Rum,Maluku Utara,Rum,Bastiong,Maluku Utara,kendaraan,Kendaraan,22,Golongan IX,vehicle,GOL IX,"Truk tronton / tangki, kereta penarik kendaraan berat dengan Panjang lebih dari 16m & Alat Berat",2,active
5513,200,Sape,Nusa Tenggara Barat,Sape,Labuan Bajo,Nusa Tenggara Timur,pejalan-kaki,Pejalan Kaki,7,Dewasa Ekonomi,passenger,DEWASA,>2 Tahun,10,Inactive
5513,200,Sape,Nusa Tenggara Barat,Sape,Labuan Bajo,Nusa Tenggara Timur,pejalan-kaki,Pejalan Kaki,9,Bayi Ekonomi,passenger,BAYI,0 - 2 Tahun,10,Inactive
5513,200,Sape,Nusa Tenggara Barat,Sape,Labuan Bajo,Nusa Tenggara Timur,pejalan-kaki,Pejalan Kaki,504,Bayi Bisnis,passenger,BAYI,0 - 2 Tahun,10,Inactive
5513,200,Sape,Nusa Tenggara Barat,Sape,Labuan Bajo,Nusa Tenggara Timur,kendaraan,Kendaraan,11,Golongan I,vehicle,GOL I,Sepeda Gayuh,1,inactive
5513,200,Sape,Nusa Tenggara Barat,Sape,Labuan Bajo,Nusa Tenggara Timur,kendaraan,Kendaraan,12,Golongan II ,vehicle,GOL II,Sepeda motor roda 2 di bawah 500 cc & gerobak dorong,2,inactive
5513,200,Sape,Nusa Tenggara Barat,Sape,Labuan Bajo,Nusa Tenggara Timur,kendaraan,Kendaraan,13,Golongan III,vehicle,GOL III,Sepeda motor besar lebih dari (500 cc) & Sepeda motor roda 3,2,inactive
5513,200,Sape,Nusa Tenggara Barat,Sape,Labuan Bajo,Nusa Tenggara Timur,kendaraan,Kendaraan,14,Golongan IV - Penumpang,vehicle,GOL IV A,"Kendaraan penumpang roda 4 (sedan, jeep dan sejenisnya dengan panjang maks 5Meter)",7,inactive
5513,200,Sape,Nusa Tenggara Barat,Sape,Labuan Bajo,Nusa Tenggara Timur,kendaraan,Kendaraan,15,Golongan IV - Barang,vehicle,GOL IV B,Kendaraan penumpang roda 4 (pickup sejenis dengan bak / boks panjang maks 5Meter),5,active
5513,200,Sape,Nusa Tenggara Barat,Sape,Labuan Bajo,Nusa Tenggara Timur,kendaraan,Kendaraan,16,Golongan V - Penumpang,vehicle,GOL V A,Kendaraan penumpang (minibus/elf sejenis dengan panjang lebih dari 5-7Meter),16,inactive
5513,200,Sape,Nusa Tenggara Barat,Sape,Labuan Bajo,Nusa Tenggara Timur,kendaraan,Kendaraan,17,Golongan V - Barang,vehicle,GOL V B,Kendaraan barang (dengan bak/boks dan tangki sejenis dengan panjang lebih dari 5-7Meter),2,active
5513,200,Sape,Nusa Tenggara Barat,Sape,Labuan Bajo,Nusa Tenggara Timur,kendaraan,Kendaraan,18,Golongan VI - Penumpang,vehicle,GOL VI A,Kendaraan penumpang (bus dengan panjang lebih dari 7-10Meter),32,inactive
5513,200,Sape,Nusa Tenggara Barat,Sape,Labuan Bajo,Nusa Tenggara Timur,kendaraan,Kendaraan,19,Golongan VI - Barang,vehicle,GOL VI B,Kendaraan barang (dengan bak/boks dan tangki sejenis dengan panjang lebih dari 7-10m),2,active
5513,200,Sape,Nusa Tenggara Barat,Sape,Labuan Bajo,Nusa Tenggara Timur,kendaraan,Kendaraan,20,Golongan VII,vehicle,GOL VII,"Truk tronton / tangki, kereta penarik kendaraan berat dengan Panjang 10-12m",2,active
5513,200,Sape,Nusa Tenggara Barat,Sape,Labuan Bajo,Nusa Tenggara Timur,kendaraan,Kendaraan,21,Golongan VIII,vehicle,GOL VIII,"Truk tronton / tangki, kereta penarik kendaraan berat dengan Panjang lebih dari 12-16m",2,active
5513,200,Sape,Nusa Tenggara Barat,Sape,Labuan Bajo,Nusa Tenggara Timur,kendaraan,Kendaraan,22,Golongan IX,vehicle,GOL IX,"Truk tronton / tangki, kereta penarik kendaraan berat dengan Panjang lebih dari 16m & Alat Berat",2,active
200201,200,Sape,Nusa Tenggara Barat,Sape,Waikelo,Nusa Tenggara Timur,pejalan-kaki,Pejalan Kaki,7,Dewasa Ekonomi,passenger,DEWASA,>2 Tahun,10,Inactive
200201,200,Sape,Nusa Tenggara Barat,Sape,Waikelo,Nusa Tenggara Timur,pejalan-kaki,Pejalan Kaki,9,Bayi Ekonomi,passenger,BAYI,0 - 2 Tahun,10,Inactive
200201,200,Sape,Nusa Tenggara Barat,Sape,Waikelo,Nusa Tenggara Timur,kendaraan,Kendaraan,11,Golongan I,vehicle,GOL I,Sepeda Gayuh,1,inactive
200201,200,Sape,Nusa Tenggara Barat,Sape,Waikelo,Nusa Tenggara Timur,kendaraan,Kendaraan,12,Golongan II ,vehicle,GOL II,Sepeda motor roda 2 di bawah 500 cc & gerobak dorong,2,inactive
200201,200,Sape,Nusa Tenggara Barat,Sape,Waikelo,Nusa Tenggara Timur,kendaraan,Kendaraan,13,Golongan III,vehicle,GOL III,Sepeda motor besar lebih dari (500 cc) & Sepeda motor roda 3,2,inactive
200201,200,Sape,Nusa Tenggara Barat,Sape,Waikelo,Nusa Tenggara Timur,kendaraan,Kendaraan,14,Golongan IV - Penumpang,vehicle,GOL IV A,"Kendaraan penumpang roda 4 (sedan, jeep dan sejenisnya dengan panjang maks 5Meter)",7,inactive
200201,200,Sape,Nusa Tenggara Barat,Sape,Waikelo,Nusa Tenggara Timur,kendaraan,Kendaraan,15,Golongan IV - Barang,vehicle,GOL IV B,Kendaraan penumpang roda 4 (pickup sejenis dengan bak / boks panjang maks 5Meter),5,inactive
200201,200,Sape,Nusa Tenggara Barat,Sape,Waikelo,Nusa Tenggara Timur,kendaraan,Kendaraan,16,Golongan V - Penumpang,vehicle,GOL V A,Kendaraan penumpang (minibus/elf sejenis dengan panjang lebih dari 5-7Meter),16,inactive
200201,200,Sape,Nusa Tenggara Barat,Sape,Waikelo,Nusa Tenggara Timur,kendaraan,Kendaraan,17,Golongan V - Barang,vehicle,GOL V B,Kendaraan barang (dengan bak/boks dan tangki sejenis dengan panjang lebih dari 5-7Meter),2,inactive
200201,200,Sape,Nusa Tenggara Barat,Sape,Waikelo,Nusa Tenggara Timur,kendaraan,Kendaraan,18,Golongan VI - Penumpang,vehicle,GOL VI A,Kendaraan penumpang (bus dengan panjang lebih dari 7-10Meter),32,inactive
200201,200,Sape,Nusa Tenggara Barat,Sape,Waikelo,Nusa Tenggara Timur,kendaraan,Kendaraan,19,Golongan VI - Barang,vehicle,GOL VI B,Kendaraan barang (dengan bak/boks dan tangki sejenis dengan panjang lebih dari 7-10m),2,inactive
200201,200,Sape,Nusa Tenggara Barat,Sape,Waikelo,Nusa Tenggara Timur,kendaraan,Kendaraan,20,Golongan VII,vehicle,GOL VII,"Truk tronton / tangki, kereta penarik kendaraan berat dengan Panjang 10-12m",2,inactive
200201,200,Sape,Nusa Tenggara Barat,Sape,Waikelo,Nusa Tenggara Timur,kendaraan,Kendaraan,21,Golongan VIII,vehicle,GOL VIII,"Truk tronton / tangki, kereta penarik kendaraan berat dengan Panjang lebih dari 12-16m",2,inactive
200201,200,Sape,Nusa Tenggara Barat,Sape,Waikelo,Nusa Tenggara Timur,kendaraan,Kendaraan,22,Golongan IX,vehicle,GOL IX,"Truk tronton / tangki, kereta penarik kendaraan berat dengan Panjang lebih dari 16m & Alat Berat",2,inactive
200436,200,Sape,Nusa Tenggara Barat,Sape,Waingapu,Nusa Tenggara Timur,pejalan-kaki,Pejalan Kaki,7,Dewasa Ekonomi,passenger,DEWASA,>2 Tahun,10,Inactive
200436,200,Sape,Nusa Tenggara Barat,Sape,Waingapu,Nusa Tenggara Timur,pejalan-kaki,Pejalan Kaki,5,Dewasa Bisnis I,passenger,DEWASA,>2 Tahun,10,Inactive
200436,200,Sape,Nusa Tenggara Barat,Sape,Waingapu,Nusa Tenggara Timur,pejalan-kaki,Pejalan Kaki,9,Bayi Ekonomi,passenger,BAYI,0 - 2 Tahun,10,Inactive
200436,200,Sape,Nusa Tenggara Barat,Sape,Waingapu,Nusa Tenggara Timur,pejalan-kaki,Pejalan Kaki,6,Anak - Anak Bisnis I,passenger,ANAK,2 - 5 Tahun,10,Inactive
200436,200,Sape,Nusa Tenggara Barat,Sape,Waingapu,Nusa Tenggara Timur,kendaraan,Kendaraan,11,Golongan I,vehicle,GOL I,Sepeda Gayuh,1,inactive
200436,200,Sape,Nusa Tenggara Barat,Sape,Waingapu,Nusa Tenggara Timur,kendaraan,Kendaraan,12,Golongan II ,vehicle,GOL II,Sepeda motor roda 2 di bawah 500 cc & gerobak dorong,2,inactive
200436,200,Sape,Nusa Tenggara Barat,Sape,Waingapu,Nusa Tenggara Timur,kendaraan,Kendaraan,13,Golongan III,vehicle,GOL III,Sepeda motor besar lebih dari (500 cc) & Sepeda motor roda 3,2,inactive
200436,200,Sape,Nusa Tenggara Barat,Sape,Waingapu,Nusa Tenggara Timur,kendaraan,Kendaraan,14,Golongan IV - Penumpang,vehicle,GOL IV A,"Kendaraan penumpang roda 4 (sedan, jeep dan sejenisnya dengan panjang maks 5Meter)",7,inactive
200436,200,Sape,Nusa Tenggara Barat,Sape,Waingapu,Nusa Tenggara Timur,kendaraan,Kendaraan,15,Golongan IV - Barang,vehicle,GOL IV B,Kendaraan penumpang roda 4 (pickup sejenis dengan bak / boks panjang maks 5Meter),5,inactive
200436,200,Sape,Nusa Tenggara Barat,Sape,Waingapu,Nusa Tenggara Timur,kendaraan,Kendaraan,16,Golongan V - Penumpang,vehicle,GOL V A,Kendaraan penumpang (minibus/elf sejenis dengan panjang lebih dari 5-7Meter),16,inactive
200436,200,Sape,Nusa Tenggara Barat,Sape,Waingapu,Nusa Tenggara Timur,kendaraan,Kendaraan,17,Golongan V - Barang,vehicle,GOL V B,Kendaraan barang (dengan bak/boks dan tangki sejenis dengan panjang lebih dari 5-7Meter),2,inactive
200436,200,Sape,Nusa Tenggara Barat,Sape,Waingapu,Nusa Tenggara Timur,kendaraan,Kendaraan,18,Golongan VI - Penumpang,vehicle,GOL VI A,Kendaraan penumpang (bus dengan panjang lebih dari 7-10Meter),32,inactive
200436,200,Sape,Nusa Tenggara Barat,Sape,Waingapu,Nusa Tenggara Timur,kendaraan,Kendaraan,19,Golongan VI - Barang,vehicle,GOL VI B,Kendaraan barang (dengan bak/boks dan tangki sejenis dengan panjang lebih dari 7-10m),2,inactive
200436,200,Sape,Nusa Tenggara Barat,Sape,Waingapu,Nusa Tenggara Timur,kendaraan,Kendaraan,20,Golongan VII,vehicle,GOL VII,"Truk tronton / tangki, kereta penarik kendaraan berat dengan Panjang 10-12m",2,inactive
200436,200,Sape,Nusa Tenggara Barat,Sape,Waingapu,Nusa Tenggara Timur,kendaraan,Kendaraan,21,Golongan VIII,vehicle,GOL VIII,"Truk tronton / tangki, kereta penarik kendaraan berat dengan Panjang lebih dari 12-16m",2,inactive
200436,200,Sape,Nusa Tenggara Barat,Sape,Waingapu,Nusa Tenggara Timur,kendaraan,Kendaraan,22,Golongan IX,vehicle,GOL IX,"Truk tronton / tangki, kereta penarik kendaraan berat dengan Panjang lebih dari 16m & Alat Berat",2,inactive
4041,40,Sibolga,Sumatera Utara,Sibolga,Gunungsitoli,Sumatera Utara,pejalan-kaki,Pejalan Kaki,7,Dewasa Ekonomi,passenger,DEWASA,>2 Tahun,10,Inactive
4041,40,Sibolga,Sumatera Utara,Sibolga,Gunungsitoli,Sumatera Utara,pejalan-kaki,Pejalan Kaki,9,Bayi Ekonomi,passenger,BAYI,0 - 2 Tahun,10,Inactive
4041,40,Sibolga,Sumatera Utara,Sibolga,Gunungsitoli,Sumatera Utara,kendaraan,Kendaraan,11,Golongan I,vehicle,GOL I,Sepeda Gayuh,1,inactive
4041,40,Sibolga,Sumatera Utara,Sibolga,Gunungsitoli,Sumatera Utara,kendaraan,Kendaraan,12,Golongan II ,vehicle,GOL II,Sepeda motor roda 2 di bawah 500 cc & gerobak dorong,2,inactive
4041,40,Sibolga,Sumatera Utara,Sibolga,Gunungsitoli,Sumatera Utara,kendaraan,Kendaraan,13,Golongan III,vehicle,GOL III,Sepeda motor besar lebih dari (500 cc) & Sepeda motor roda 3,2,inactive
4041,40,Sibolga,Sumatera Utara,Sibolga,Gunungsitoli,Sumatera Utara,kendaraan,Kendaraan,14,Golongan IV - Penumpang,vehicle,GOL IV A,"Kendaraan penumpang roda 4 (sedan, jeep dan sejenisnya dengan panjang maks 5Meter)",7,inactive
4041,40,Sibolga,Sumatera Utara,Sibolga,Gunungsitoli,Sumatera Utara,kendaraan,Kendaraan,15,Golongan IV - Barang,vehicle,GOL IV B,Kendaraan penumpang roda 4 (pickup sejenis dengan bak / boks panjang maks 5Meter),5,inactive
4041,40,Sibolga,Sumatera Utara,Sibolga,Gunungsitoli,Sumatera Utara,kendaraan,Kendaraan,16,Golongan V - Penumpang,vehicle,GOL V A,Kendaraan penumpang (minibus/elf sejenis dengan panjang lebih dari 5-7Meter),16,inactive
4041,40,Sibolga,Sumatera Utara,Sibolga,Gunungsitoli,Sumatera Utara,kendaraan,Kendaraan,17,Golongan V - Barang,vehicle,GOL V B,Kendaraan barang (dengan bak/boks dan tangki sejenis dengan panjang lebih dari 5-7Meter),2,inactive
4041,40,Sibolga,Sumatera Utara,Sibolga,Gunungsitoli,Sumatera Utara,kendaraan,Kendaraan,18,Golongan VI - Penumpang,vehicle,GOL VI A,Kendaraan penumpang (bus dengan panjang lebih dari 7-10Meter),32,inactive
4041,40,Sibolga,Sumatera Utara,Sibolga,Gunungsitoli,Sumatera Utara,kendaraan,Kendaraan,19,Golongan VI - Barang,vehicle,GOL VI B,Kendaraan barang (dengan bak/boks dan tangki sejenis dengan panjang lebih dari 7-10m),2,inactive
4041,40,Sibolga,Sumatera Utara,Sibolga,Gunungsitoli,Sumatera Utara,kendaraan,Kendaraan,20,Golongan VII,vehicle,GOL VII,"Truk tronton / tangki, kereta penarik kendaraan berat dengan Panjang 10-12m",2,inactive
4041,40,Sibolga,Sumatera Utara,Sibolga,Gunungsitoli,Sumatera Utara,kendaraan,Kendaraan,21,Golongan VIII,vehicle,GOL VIII,"Truk tronton / tangki, kereta penarik kendaraan berat dengan Panjang lebih dari 12-16m",2,inactive
4041,40,Sibolga,Sumatera Utara,Sibolga,Gunungsitoli,Sumatera Utara,kendaraan,Kendaraan,22,Golongan IX,vehicle,GOL IX,"Truk tronton / tangki, kereta penarik kendaraan berat dengan Panjang lebih dari 16m & Alat Berat",2,inactive
35,107,Sidangole,Maluku Utara,Sidangole,Bastiong,Maluku Utara,pejalan-kaki,Pejalan Kaki,7,Dewasa Ekonomi,passenger,DEWASA,>2 Tahun,10,Inactive
35,107,Sidangole,Maluku Utara,Sidangole,Bastiong,Maluku Utara,pejalan-kaki,Pejalan Kaki,9,Bayi Ekonomi,passenger,BAYI,0 - 2 Tahun,10,Inactive
35,107,Sidangole,Maluku Utara,Sidangole,Bastiong,Maluku Utara,pejalan-kaki,Pejalan Kaki,8,Anak - Anak Ekonomi,passenger,ANAK,2 - 5 Tahun,10,Inactive
35,107,Sidangole,Maluku Utara,Sidangole,Bastiong,Maluku Utara,kendaraan,Kendaraan,11,Golongan I,vehicle,GOL I,Sepeda Gayuh,1,inactive
35,107,Sidangole,Maluku Utara,Sidangole,Bastiong,Maluku Utara,kendaraan,Kendaraan,12,Golongan II ,vehicle,GOL II,Sepeda motor roda 2 di bawah 500 cc & gerobak dorong,2,inactive
35,107,Sidangole,Maluku Utara,Sidangole,Bastiong,Maluku Utara,kendaraan,Kendaraan,13,Golongan III,vehicle,GOL III,Sepeda motor besar lebih dari (500 cc) & Sepeda motor roda 3,2,inactive
35,107,Sidangole,Maluku Utara,Sidangole,Bastiong,Maluku Utara,kendaraan,Kendaraan,14,Golongan IV - Penumpang,vehicle,GOL IV A,"Kendaraan penumpang roda 4 (sedan, jeep dan sejenisnya dengan panjang maks 5Meter)",7,inactive
35,107,Sidangole,Maluku Utara,Sidangole,Bastiong,Maluku Utara,kendaraan,Kendaraan,15,Golongan IV - Barang,vehicle,GOL IV B,Kendaraan penumpang roda 4 (pickup sejenis dengan bak / boks panjang maks 5Meter),5,inactive
35,107,Sidangole,Maluku Utara,Sidangole,Bastiong,Maluku Utara,kendaraan,Kendaraan,16,Golongan V - Penumpang,vehicle,GOL V A,Kendaraan penumpang (minibus/elf sejenis dengan panjang lebih dari 5-7Meter),16,inactive
35,107,Sidangole,Maluku Utara,Sidangole,Bastiong,Maluku Utara,kendaraan,Kendaraan,17,Golongan V - Barang,vehicle,GOL V B,Kendaraan barang (dengan bak/boks dan tangki sejenis dengan panjang lebih dari 5-7Meter),2,inactive
35,107,Sidangole,Maluku Utara,Sidangole,Bastiong,Maluku Utara,kendaraan,Kendaraan,18,Golongan VI - Penumpang,vehicle,GOL VI A,Kendaraan penumpang (bus dengan panjang lebih dari 7-10Meter),32,inactive
35,107,Sidangole,Maluku Utara,Sidangole,Bastiong,Maluku Utara,kendaraan,Kendaraan,19,Golongan VI - Barang,vehicle,GOL VI B,Kendaraan barang (dengan bak/boks dan tangki sejenis dengan panjang lebih dari 7-10m),2,inactive
35,107,Sidangole,Maluku Utara,Sidangole,Bastiong,Maluku Utara,kendaraan,Kendaraan,20,Golongan VII,vehicle,GOL VII,"Truk tronton / tangki, kereta penarik kendaraan berat dengan Panjang 10-12m",2,inactive
35,107,Sidangole,Maluku Utara,Sidangole,Bastiong,Maluku Utara,kendaraan,Kendaraan,21,Golongan VIII,vehicle,GOL VIII,"Truk tronton / tangki, kereta penarik kendaraan berat dengan Panjang lebih dari 12-16m",2,inactive
35,107,Sidangole,Maluku Utara,Sidangole,Bastiong,Maluku Utara,kendaraan,Kendaraan,22,Golongan IX,vehicle,GOL IX,"Truk tronton / tangki, kereta penarik kendaraan berat dengan Panjang lebih dari 16m & Alat Berat",2,inactive
569570,569,Tanjung Api Api,Sumatera Selatan,Tanjung Api Api,Tanjung Kalian,Bangka Belitung,pejalan-kaki,Pejalan Kaki,7,Dewasa Ekonomi,passenger,DEWASA,>2 Tahun,10,Inactive
569570,569,Tanjung Api Api,Sumatera Selatan,Tanjung Api Api,Tanjung Kalian,Bangka Belitung,pejalan-kaki,Pejalan Kaki,9,Bayi Ekonomi,passenger,BAYI,0 - 2 Tahun,10,Inactive
569570,569,Tanjung Api Api,Sumatera Selatan,Tanjung Api Api,Tanjung Kalian,Bangka Belitung,kendaraan,Kendaraan,11,Golongan I,vehicle,GOL I,Sepeda Gayuh,1,inactive
569570,569,Tanjung Api Api,Sumatera Selatan,Tanjung Api Api,Tanjung Kalian,Bangka Belitung,kendaraan,Kendaraan,12,Golongan II ,vehicle,GOL II,Sepeda motor roda 2 di bawah 500 cc & gerobak dorong,2,inactive
569570,569,Tanjung Api Api,Sumatera Selatan,Tanjung Api Api,Tanjung Kalian,Bangka Belitung,kendaraan,Kendaraan,13,Golongan III,vehicle,GOL III,Sepeda motor besar lebih dari (500 cc) & Sepeda motor roda 3,2,inactive
569570,569,Tanjung Api Api,Sumatera Selatan,Tanjung Api Api,Tanjung Kalian,Bangka Belitung,kendaraan,Kendaraan,14,Golongan IV - Penumpang,vehicle,GOL IV A,"Kendaraan penumpang roda 4 (sedan, jeep dan sejenisnya dengan panjang maks 5Meter)",7,inactive
569570,569,Tanjung Api Api,Sumatera Selatan,Tanjung Api Api,Tanjung Kalian,Bangka Belitung,kendaraan,Kendaraan,15,Golongan IV - Barang,vehicle,GOL IV B,Kendaraan penumpang roda 4 (pickup sejenis dengan bak / boks panjang maks 5Meter),5,inactive
569570,569,Tanjung Api Api,Sumatera Selatan,Tanjung Api Api,Tanjung Kalian,Bangka Belitung,kendaraan,Kendaraan,16,Golongan V - Penumpang,vehicle,GOL V A,Kendaraan penumpang (minibus/elf sejenis dengan panjang lebih dari 5-7Meter),16,inactive
569570,569,Tanjung Api Api,Sumatera Selatan,Tanjung Api Api,Tanjung Kalian,Bangka Belitung,kendaraan,Kendaraan,17,Golongan V - Barang,vehicle,GOL V B,Kendaraan barang (dengan bak/boks dan tangki sejenis dengan panjang lebih dari 5-7Meter),2,inactive
569570,569,Tanjung Api Api,Sumatera Selatan,Tanjung Api Api,Tanjung Kalian,Bangka Belitung,kendaraan,Kendaraan,18,Golongan VI - Penumpang,vehicle,GOL VI A,Kendaraan penumpang (bus dengan panjang lebih dari 7-10Meter),32,inactive
569570,569,Tanjung Api Api,Sumatera Selatan,Tanjung Api Api,Tanjung Kalian,Bangka Belitung,kendaraan,Kendaraan,19,Golongan VI - Barang,vehicle,GOL VI B,Kendaraan barang (dengan bak/boks dan tangki sejenis dengan panjang lebih dari 7-10m),2,inactive
569570,569,Tanjung Api Api,Sumatera Selatan,Tanjung Api Api,Tanjung Kalian,Bangka Belitung,kendaraan,Kendaraan,20,Golongan VII,vehicle,GOL VII,"Truk tronton / tangki, kereta penarik kendaraan berat dengan Panjang 10-12m",2,inactive
569570,569,Tanjung Api Api,Sumatera Selatan,Tanjung Api Api,Tanjung Kalian,Bangka Belitung,kendaraan,Kendaraan,21,Golongan VIII,vehicle,GOL VIII,"Truk tronton / tangki, kereta penarik kendaraan berat dengan Panjang lebih dari 12-16m",2,inactive
569570,569,Tanjung Api Api,Sumatera Selatan,Tanjung Api Api,Tanjung Kalian,Bangka Belitung,kendaraan,Kendaraan,22,Golongan IX,vehicle,GOL IX,"Truk tronton / tangki, kereta penarik kendaraan berat dengan Panjang lebih dari 16m & Alat Berat",2,inactive
3537,35,Tanjung Kalian,Bangka Belitung,Tanjung Kalian,Tanjung Api Api,Sumatera Selatan,pejalan-kaki,Pejalan Kaki,7,Dewasa Ekonomi,passenger,DEWASA,>2 Tahun,10,Inactive
3537,35,Tanjung Kalian,Bangka Belitung,Tanjung Kalian,Tanjung Api Api,Sumatera Selatan,pejalan-kaki,Pejalan Kaki,9,Bayi Ekonomi,passenger,BAYI,0 - 2 Tahun,10,Inactive
3537,35,Tanjung Kalian,Bangka Belitung,Tanjung Kalian,Tanjung Api Api,Sumatera Selatan,kendaraan,Kendaraan,11,Golongan I,vehicle,GOL I,Sepeda Gayuh,1,inactive
3537,35,Tanjung Kalian,Bangka Belitung,Tanjung Kalian,Tanjung Api Api,Sumatera Selatan,kendaraan,Kendaraan,12,Golongan II ,vehicle,GOL II,Sepeda motor roda 2 di bawah 500 cc & gerobak dorong,2,inactive
3537,35,Tanjung Kalian,Bangka Belitung,Tanjung Kalian,Tanjung Api Api,Sumatera Selatan,kendaraan,Kendaraan,13,Golongan III,vehicle,GOL III,Sepeda motor besar lebih dari (500 cc) & Sepeda motor roda 3,2,inactive
3537,35,Tanjung Kalian,Bangka Belitung,Tanjung Kalian,Tanjung Api Api,Sumatera Selatan,kendaraan,Kendaraan,14,Golongan IV - Penumpang,vehicle,GOL IV A,"Kendaraan penumpang roda 4 (sedan, jeep dan sejenisnya dengan panjang maks 5Meter)",7,inactive
3537,35,Tanjung Kalian,Bangka Belitung,Tanjung Kalian,Tanjung Api Api,Sumatera Selatan,kendaraan,Kendaraan,15,Golongan IV - Barang,vehicle,GOL IV B,Kendaraan penumpang roda 4 (pickup sejenis dengan bak / boks panjang maks 5Meter),5,active
3537,35,Tanjung Kalian,Bangka Belitung,Tanjung Kalian,Tanjung Api Api,Sumatera Selatan,kendaraan,Kendaraan,16,Golongan V - Penumpang,vehicle,GOL V A,Kendaraan penumpang (minibus/elf sejenis dengan panjang lebih dari 5-7Meter),16,inactive
3537,35,Tanjung Kalian,Bangka Belitung,Tanjung Kalian,Tanjung Api Api,Sumatera Selatan,kendaraan,Kendaraan,17,Golongan V - Barang,vehicle,GOL V B,Kendaraan barang (dengan bak/boks dan tangki sejenis dengan panjang lebih dari 5-7Meter),2,active
3537,35,Tanjung Kalian,Bangka Belitung,Tanjung Kalian,Tanjung Api Api,Sumatera Selatan,kendaraan,Kendaraan,18,Golongan VI - Penumpang,vehicle,GOL VI A,Kendaraan penumpang (bus dengan panjang lebih dari 7-10Meter),32,inactive
3537,35,Tanjung Kalian,Bangka Belitung,Tanjung Kalian,Tanjung Api Api,Sumatera Selatan,kendaraan,Kendaraan,19,Golongan VI - Barang,vehicle,GOL VI B,Kendaraan barang (dengan bak/boks dan tangki sejenis dengan panjang lebih dari 7-10m),2,active
3537,35,Tanjung Kalian,Bangka Belitung,Tanjung Kalian,Tanjung Api Api,Sumatera Selatan,kendaraan,Kendaraan,20,Golongan VII,vehicle,GOL VII,"Truk tronton / tangki, kereta penarik kendaraan berat dengan Panjang 10-12m",2,active
3537,35,Tanjung Kalian,Bangka Belitung,Tanjung Kalian,Tanjung Api Api,Sumatera Selatan,kendaraan,Kendaraan,21,Golongan VIII,vehicle,GOL VIII,"Truk tronton / tangki, kereta penarik kendaraan berat dengan Panjang lebih dari 12-16m",2,active
3537,35,Tanjung Kalian,Bangka Belitung,Tanjung Kalian,Tanjung Api Api,Sumatera Selatan,kendaraan,Kendaraan,22,Golongan IX,vehicle,GOL IX,"Truk tronton / tangki, kereta penarik kendaraan berat dengan Panjang lebih dari 16m & Alat Berat",2,active
5411051,541,Tanjung Perak,Jawa Timur,Tanjung Perak,Soekarno-Hatta (Makassar),Sulawesi Selatan,pejalan-kaki,Pejalan Kaki,7,Dewasa Ekonomi,passenger,DEWASA,>2 Tahun,10,Inactive
5411051,541,Tanjung Perak,Jawa Timur,Tanjung Perak,Soekarno-Hatta (Makassar),Sulawesi Selatan,kendaraan,Kendaraan,12,Golongan II ,vehicle,GOL II,Sepeda motor roda 2 di bawah 500 cc & gerobak dorong,2,inactive
5411051,541,Tanjung Perak,Jawa Timur,Tanjung Perak,Soekarno-Hatta (Makassar),Sulawesi Selatan,kendaraan,Kendaraan,14,Golongan IV - Penumpang,vehicle,GOL IV A,"Kendaraan penumpang roda 4 (sedan, jeep dan sejenisnya dengan panjang maks 5Meter)",7,inactive
8483,84,Tanjung Serdang,Kalimantan Selatan,Tanjung Serdang,Batulicin,Kalimantan Selatan,pejalan-kaki,Pejalan Kaki,7,Dewasa Ekonomi,passenger,DEWASA,>2 Tahun,10,Inactive
8483,84,Tanjung Serdang,Kalimantan Selatan,Tanjung Serdang,Batulicin,Kalimantan Selatan,pejalan-kaki,Pejalan Kaki,9,Bayi Ekonomi,passenger,BAYI,0 - 2 Tahun,10,Inactive
8483,84,Tanjung Serdang,Kalimantan Selatan,Tanjung Serdang,Batulicin,Kalimantan Selatan,kendaraan,Kendaraan,11,Golongan I,vehicle,GOL I,Sepeda Gayuh,1,inactive
8483,84,Tanjung Serdang,Kalimantan Selatan,Tanjung Serdang,Batulicin,Kalimantan Selatan,kendaraan,Kendaraan,12,Golongan II ,vehicle,GOL II,Sepeda motor roda 2 di bawah 500 cc & gerobak dorong,2,inactive
8483,84,Tanjung Serdang,Kalimantan Selatan,Tanjung Serdang,Batulicin,Kalimantan Selatan,kendaraan,Kendaraan,13,Golongan III,vehicle,GOL III,Sepeda motor besar lebih dari (500 cc) & Sepeda motor roda 3,2,inactive
8483,84,Tanjung Serdang,Kalimantan Selatan,Tanjung Serdang,Batulicin,Kalimantan Selatan,kendaraan,Kendaraan,14,Golongan IV - Penumpang,vehicle,GOL IV A,"Kendaraan penumpang roda 4 (sedan, jeep dan sejenisnya dengan panjang maks 5Meter)",7,inactive
8483,84,Tanjung Serdang,Kalimantan Selatan,Tanjung Serdang,Batulicin,Kalimantan Selatan,kendaraan,Kendaraan,15,Golongan IV - Barang,vehicle,GOL IV B,Kendaraan penumpang roda 4 (pickup sejenis dengan bak / boks panjang maks 5Meter),5,inactive
8483,84,Tanjung Serdang,Kalimantan Selatan,Tanjung Serdang,Batulicin,Kalimantan Selatan,kendaraan,Kendaraan,16,Golongan V - Penumpang,vehicle,GOL V A,Kendaraan penumpang (minibus/elf sejenis dengan panjang lebih dari 5-7Meter),16,inactive
8483,84,Tanjung Serdang,Kalimantan Selatan,Tanjung Serdang,Batulicin,Kalimantan Selatan,kendaraan,Kendaraan,17,Golongan V - Barang,vehicle,GOL V B,Kendaraan barang (dengan bak/boks dan tangki sejenis dengan panjang lebih dari 5-7Meter),2,inactive
8483,84,Tanjung Serdang,Kalimantan Selatan,Tanjung Serdang,Batulicin,Kalimantan Selatan,kendaraan,Kendaraan,18,Golongan VI - Penumpang,vehicle,GOL VI A,Kendaraan penumpang (bus dengan panjang lebih dari 7-10Meter),32,inactive
8483,84,Tanjung Serdang,Kalimantan Selatan,Tanjung Serdang,Batulicin,Kalimantan Selatan,kendaraan,Kendaraan,19,Golongan VI - Barang,vehicle,GOL VI B,Kendaraan barang (dengan bak/boks dan tangki sejenis dengan panjang lebih dari 7-10m),2,inactive
8483,84,Tanjung Serdang,Kalimantan Selatan,Tanjung Serdang,Batulicin,Kalimantan Selatan,kendaraan,Kendaraan,20,Golongan VII,vehicle,GOL VII,"Truk tronton / tangki, kereta penarik kendaraan berat dengan Panjang 10-12m",2,inactive
8483,84,Tanjung Serdang,Kalimantan Selatan,Tanjung Serdang,Batulicin,Kalimantan Selatan,kendaraan,Kendaraan,21,Golongan VIII,vehicle,GOL VIII,"Truk tronton / tangki, kereta penarik kendaraan berat dengan Panjang lebih dari 12-16m",2,inactive
8483,84,Tanjung Serdang,Kalimantan Selatan,Tanjung Serdang,Batulicin,Kalimantan Selatan,kendaraan,Kendaraan,22,Golongan IX,vehicle,GOL IX,"Truk tronton / tangki, kereta penarik kendaraan berat dengan Panjang lebih dari 16m & Alat Berat",2,inactive
261032,26,Tanjung Uban,Kepulauan Riau,Tanjung Uban,Letung,Kepulauan Riau,pejalan-kaki,Pejalan Kaki,1,Dewasa,passenger,DEWASA, >2 Tahun ,10,Inactive
261032,26,Tanjung Uban,Kepulauan Riau,Tanjung Uban,Letung,Kepulauan Riau,pejalan-kaki,Pejalan Kaki,9,Bayi Ekonomi,passenger,BAYI,0 - 2 Tahun,10,Inactive
261032,26,Tanjung Uban,Kepulauan Riau,Tanjung Uban,Letung,Kepulauan Riau,kendaraan,Kendaraan,11,Golongan I,vehicle,GOL I,Sepeda Gayuh,1,inactive
261032,26,Tanjung Uban,Kepulauan Riau,Tanjung Uban,Letung,Kepulauan Riau,kendaraan,Kendaraan,12,Golongan II ,vehicle,GOL II,Sepeda motor roda 2 di bawah 500 cc & gerobak dorong,2,inactive
261032,26,Tanjung Uban,Kepulauan Riau,Tanjung Uban,Letung,Kepulauan Riau,kendaraan,Kendaraan,13,Golongan III,vehicle,GOL III,Sepeda motor besar lebih dari (500 cc) & Sepeda motor roda 3,2,inactive
261032,26,Tanjung Uban,Kepulauan Riau,Tanjung Uban,Letung,Kepulauan Riau,kendaraan,Kendaraan,14,Golongan IV - Penumpang,vehicle,GOL IV A,"Kendaraan penumpang roda 4 (sedan, jeep dan sejenisnya dengan panjang maks 5Meter)",7,inactive
261032,26,Tanjung Uban,Kepulauan Riau,Tanjung Uban,Letung,Kepulauan Riau,kendaraan,Kendaraan,15,Golongan IV - Barang,vehicle,GOL IV B,Kendaraan penumpang roda 4 (pickup sejenis dengan bak / boks panjang maks 5Meter),5,inactive
261032,26,Tanjung Uban,Kepulauan Riau,Tanjung Uban,Letung,Kepulauan Riau,kendaraan,Kendaraan,16,Golongan V - Penumpang,vehicle,GOL V A,Kendaraan penumpang (minibus/elf sejenis dengan panjang lebih dari 5-7Meter),16,inactive
261032,26,Tanjung Uban,Kepulauan Riau,Tanjung Uban,Letung,Kepulauan Riau,kendaraan,Kendaraan,17,Golongan V - Barang,vehicle,GOL V B,Kendaraan barang (dengan bak/boks dan tangki sejenis dengan panjang lebih dari 5-7Meter),2,inactive
261032,26,Tanjung Uban,Kepulauan Riau,Tanjung Uban,Letung,Kepulauan Riau,kendaraan,Kendaraan,18,Golongan VI - Penumpang,vehicle,GOL VI A,Kendaraan penumpang (bus dengan panjang lebih dari 7-10Meter),32,inactive
261032,26,Tanjung Uban,Kepulauan Riau,Tanjung Uban,Letung,Kepulauan Riau,kendaraan,Kendaraan,19,Golongan VI - Barang,vehicle,GOL VI B,Kendaraan barang (dengan bak/boks dan tangki sejenis dengan panjang lebih dari 7-10m),2,inactive
261032,26,Tanjung Uban,Kepulauan Riau,Tanjung Uban,Letung,Kepulauan Riau,kendaraan,Kendaraan,20,Golongan VII,vehicle,GOL VII,"Truk tronton / tangki, kereta penarik kendaraan berat dengan Panjang 10-12m",2,inactive
261032,26,Tanjung Uban,Kepulauan Riau,Tanjung Uban,Letung,Kepulauan Riau,kendaraan,Kendaraan,21,Golongan VIII,vehicle,GOL VIII,"Truk tronton / tangki, kereta penarik kendaraan berat dengan Panjang lebih dari 12-16m",2,inactive
261032,26,Tanjung Uban,Kepulauan Riau,Tanjung Uban,Letung,Kepulauan Riau,kendaraan,Kendaraan,22,Golongan IX,vehicle,GOL IX,"Truk tronton / tangki, kereta penarik kendaraan berat dengan Panjang lebih dari 16m & Alat Berat",2,inactive
5515,26,Tanjung Uban,Kepulauan Riau,Tanjung Uban,Matak,Kepulauan Riau,pejalan-kaki,Pejalan Kaki,7,Dewasa Ekonomi,passenger,DEWASA,>2 Tahun,10,Inactive
5515,26,Tanjung Uban,Kepulauan Riau,Tanjung Uban,Matak,Kepulauan Riau,pejalan-kaki,Pejalan Kaki,9,Bayi Ekonomi,passenger,BAYI,0 - 2 Tahun,10,Inactive
5515,26,Tanjung Uban,Kepulauan Riau,Tanjung Uban,Matak,Kepulauan Riau,kendaraan,Kendaraan,11,Golongan I,vehicle,GOL I,Sepeda Gayuh,1,inactive
5515,26,Tanjung Uban,Kepulauan Riau,Tanjung Uban,Matak,Kepulauan Riau,kendaraan,Kendaraan,12,Golongan II ,vehicle,GOL II,Sepeda motor roda 2 di bawah 500 cc & gerobak dorong,2,inactive
5515,26,Tanjung Uban,Kepulauan Riau,Tanjung Uban,Matak,Kepulauan Riau,kendaraan,Kendaraan,13,Golongan III,vehicle,GOL III,Sepeda motor besar lebih dari (500 cc) & Sepeda motor roda 3,2,inactive
5515,26,Tanjung Uban,Kepulauan Riau,Tanjung Uban,Matak,Kepulauan Riau,kendaraan,Kendaraan,14,Golongan IV - Penumpang,vehicle,GOL IV A,"Kendaraan penumpang roda 4 (sedan, jeep dan sejenisnya dengan panjang maks 5Meter)",7,inactive
5515,26,Tanjung Uban,Kepulauan Riau,Tanjung Uban,Matak,Kepulauan Riau,kendaraan,Kendaraan,15,Golongan IV - Barang,vehicle,GOL IV B,Kendaraan penumpang roda 4 (pickup sejenis dengan bak / boks panjang maks 5Meter),5,active
5515,26,Tanjung Uban,Kepulauan Riau,Tanjung Uban,Matak,Kepulauan Riau,kendaraan,Kendaraan,16,Golongan V - Penumpang,vehicle,GOL V A,Kendaraan penumpang (minibus/elf sejenis dengan panjang lebih dari 5-7Meter),16,inactive
5515,26,Tanjung Uban,Kepulauan Riau,Tanjung Uban,Matak,Kepulauan Riau,kendaraan,Kendaraan,17,Golongan V - Barang,vehicle,GOL V B,Kendaraan barang (dengan bak/boks dan tangki sejenis dengan panjang lebih dari 5-7Meter),2,active
5515,26,Tanjung Uban,Kepulauan Riau,Tanjung Uban,Matak,Kepulauan Riau,kendaraan,Kendaraan,18,Golongan VI - Penumpang,vehicle,GOL VI A,Kendaraan penumpang (bus dengan panjang lebih dari 7-10Meter),32,inactive
5515,26,Tanjung Uban,Kepulauan Riau,Tanjung Uban,Matak,Kepulauan Riau,kendaraan,Kendaraan,19,Golongan VI - Barang,vehicle,GOL VI B,Kendaraan barang (dengan bak/boks dan tangki sejenis dengan panjang lebih dari 7-10m),2,active
5515,26,Tanjung Uban,Kepulauan Riau,Tanjung Uban,Matak,Kepulauan Riau,kendaraan,Kendaraan,20,Golongan VII,vehicle,GOL VII,"Truk tronton / tangki, kereta penarik kendaraan berat dengan Panjang 10-12m",2,active
5515,26,Tanjung Uban,Kepulauan Riau,Tanjung Uban,Matak,Kepulauan Riau,kendaraan,Kendaraan,21,Golongan VIII,vehicle,GOL VIII,"Truk tronton / tangki, kereta penarik kendaraan berat dengan Panjang lebih dari 12-16m",2,active
5515,26,Tanjung Uban,Kepulauan Riau,Tanjung Uban,Matak,Kepulauan Riau,kendaraan,Kendaraan,22,Golongan IX,vehicle,GOL IX,"Truk tronton / tangki, kereta penarik kendaraan berat dengan Panjang lebih dari 16m & Alat Berat",2,active
5516,26,Tanjung Uban,Kepulauan Riau,Tanjung Uban,Tambelan,Kepulauan Riau,pejalan-kaki,Pejalan Kaki,7,Dewasa Ekonomi,passenger,DEWASA,>2 Tahun,10,Inactive
5516,26,Tanjung Uban,Kepulauan Riau,Tanjung Uban,Tambelan,Kepulauan Riau,pejalan-kaki,Pejalan Kaki,9,Bayi Ekonomi,passenger,BAYI,0 - 2 Tahun,10,Inactive
5516,26,Tanjung Uban,Kepulauan Riau,Tanjung Uban,Tambelan,Kepulauan Riau,kendaraan,Kendaraan,11,Golongan I,vehicle,GOL I,Sepeda Gayuh,1,inactive
5516,26,Tanjung Uban,Kepulauan Riau,Tanjung Uban,Tambelan,Kepulauan Riau,kendaraan,Kendaraan,12,Golongan II ,vehicle,GOL II,Sepeda motor roda 2 di bawah 500 cc & gerobak dorong,2,inactive
5516,26,Tanjung Uban,Kepulauan Riau,Tanjung Uban,Tambelan,Kepulauan Riau,kendaraan,Kendaraan,13,Golongan III,vehicle,GOL III,Sepeda motor besar lebih dari (500 cc) & Sepeda motor roda 3,2,inactive
5516,26,Tanjung Uban,Kepulauan Riau,Tanjung Uban,Tambelan,Kepulauan Riau,kendaraan,Kendaraan,14,Golongan IV - Penumpang,vehicle,GOL IV A,"Kendaraan penumpang roda 4 (sedan, jeep dan sejenisnya dengan panjang maks 5Meter)",7,inactive
5516,26,Tanjung Uban,Kepulauan Riau,Tanjung Uban,Tambelan,Kepulauan Riau,kendaraan,Kendaraan,15,Golongan IV - Barang,vehicle,GOL IV B,Kendaraan penumpang roda 4 (pickup sejenis dengan bak / boks panjang maks 5Meter),5,active
5516,26,Tanjung Uban,Kepulauan Riau,Tanjung Uban,Tambelan,Kepulauan Riau,kendaraan,Kendaraan,16,Golongan V - Penumpang,vehicle,GOL V A,Kendaraan penumpang (minibus/elf sejenis dengan panjang lebih dari 5-7Meter),16,inactive
5516,26,Tanjung Uban,Kepulauan Riau,Tanjung Uban,Tambelan,Kepulauan Riau,kendaraan,Kendaraan,17,Golongan V - Barang,vehicle,GOL V B,Kendaraan barang (dengan bak/boks dan tangki sejenis dengan panjang lebih dari 5-7Meter),2,active
5516,26,Tanjung Uban,Kepulauan Riau,Tanjung Uban,Tambelan,Kepulauan Riau,kendaraan,Kendaraan,18,Golongan VI - Penumpang,vehicle,GOL VI A,Kendaraan penumpang (bus dengan panjang lebih dari 7-10Meter),32,inactive
5516,26,Tanjung Uban,Kepulauan Riau,Tanjung Uban,Tambelan,Kepulauan Riau,kendaraan,Kendaraan,19,Golongan VI - Barang,vehicle,GOL VI B,Kendaraan barang (dengan bak/boks dan tangki sejenis dengan panjang lebih dari 7-10m),2,active
5516,26,Tanjung Uban,Kepulauan Riau,Tanjung Uban,Tambelan,Kepulauan Riau,kendaraan,Kendaraan,20,Golongan VII,vehicle,GOL VII,"Truk tronton / tangki, kereta penarik kendaraan berat dengan Panjang 10-12m",2,active
5516,26,Tanjung Uban,Kepulauan Riau,Tanjung Uban,Tambelan,Kepulauan Riau,kendaraan,Kendaraan,21,Golongan VIII,vehicle,GOL VIII,"Truk tronton / tangki, kereta penarik kendaraan berat dengan Panjang lebih dari 12-16m",2,active
5516,26,Tanjung Uban,Kepulauan Riau,Tanjung Uban,Tambelan,Kepulauan Riau,kendaraan,Kendaraan,22,Golongan IX,vehicle,GOL IX,"Truk tronton / tangki, kereta penarik kendaraan berat dengan Panjang lebih dari 16m & Alat Berat",2,active
5505,26,Tanjung Uban,Kepulauan Riau,Tanjung Uban,Telaga Punggur,Kepulauan Riau,pejalan-kaki,Pejalan Kaki,7,Dewasa Ekonomi,passenger,DEWASA,>2 Tahun,10,Inactive
5505,26,Tanjung Uban,Kepulauan Riau,Tanjung Uban,Telaga Punggur,Kepulauan Riau,pejalan-kaki,Pejalan Kaki,9,Bayi Ekonomi,passenger,BAYI,0 - 2 Tahun,10,Inactive
5505,26,Tanjung Uban,Kepulauan Riau,Tanjung Uban,Telaga Punggur,Kepulauan Riau,kendaraan,Kendaraan,11,Golongan I,vehicle,GOL I,Sepeda Gayuh,1,inactive
5505,26,Tanjung Uban,Kepulauan Riau,Tanjung Uban,Telaga Punggur,Kepulauan Riau,kendaraan,Kendaraan,12,Golongan II ,vehicle,GOL II,Sepeda motor roda 2 di bawah 500 cc & gerobak dorong,2,inactive
5505,26,Tanjung Uban,Kepulauan Riau,Tanjung Uban,Telaga Punggur,Kepulauan Riau,kendaraan,Kendaraan,13,Golongan III,vehicle,GOL III,Sepeda motor besar lebih dari (500 cc) & Sepeda motor roda 3,2,inactive
5505,26,Tanjung Uban,Kepulauan Riau,Tanjung Uban,Telaga Punggur,Kepulauan Riau,kendaraan,Kendaraan,14,Golongan IV - Penumpang,vehicle,GOL IV A,"Kendaraan penumpang roda 4 (sedan, jeep dan sejenisnya dengan panjang maks 5Meter)",7,inactive
5505,26,Tanjung Uban,Kepulauan Riau,Tanjung Uban,Telaga Punggur,Kepulauan Riau,kendaraan,Kendaraan,15,Golongan IV - Barang,vehicle,GOL IV B,Kendaraan penumpang roda 4 (pickup sejenis dengan bak / boks panjang maks 5Meter),5,active
5505,26,Tanjung Uban,Kepulauan Riau,Tanjung Uban,Telaga Punggur,Kepulauan Riau,kendaraan,Kendaraan,16,Golongan V - Penumpang,vehicle,GOL V A,Kendaraan penumpang (minibus/elf sejenis dengan panjang lebih dari 5-7Meter),16,inactive
5505,26,Tanjung Uban,Kepulauan Riau,Tanjung Uban,Telaga Punggur,Kepulauan Riau,kendaraan,Kendaraan,17,Golongan V - Barang,vehicle,GOL V B,Kendaraan barang (dengan bak/boks dan tangki sejenis dengan panjang lebih dari 5-7Meter),2,active
5505,26,Tanjung Uban,Kepulauan Riau,Tanjung Uban,Telaga Punggur,Kepulauan Riau,kendaraan,Kendaraan,18,Golongan VI - Penumpang,vehicle,GOL VI A,Kendaraan penumpang (bus dengan panjang lebih dari 7-10Meter),32,inactive
5505,26,Tanjung Uban,Kepulauan Riau,Tanjung Uban,Telaga Punggur,Kepulauan Riau,kendaraan,Kendaraan,19,Golongan VI - Barang,vehicle,GOL VI B,Kendaraan barang (dengan bak/boks dan tangki sejenis dengan panjang lebih dari 7-10m),2,active
5505,26,Tanjung Uban,Kepulauan Riau,Tanjung Uban,Telaga Punggur,Kepulauan Riau,kendaraan,Kendaraan,20,Golongan VII,vehicle,GOL VII,"Truk tronton / tangki, kereta penarik kendaraan berat dengan Panjang 10-12m",2,active
5505,26,Tanjung Uban,Kepulauan Riau,Tanjung Uban,Telaga Punggur,Kepulauan Riau,kendaraan,Kendaraan,21,Golongan VIII,vehicle,GOL VIII,"Truk tronton / tangki, kereta penarik kendaraan berat dengan Panjang lebih dari 12-16m",2,active
5505,26,Tanjung Uban,Kepulauan Riau,Tanjung Uban,Telaga Punggur,Kepulauan Riau,kendaraan,Kendaraan,22,Golongan IX,vehicle,GOL IX,"Truk tronton / tangki, kereta penarik kendaraan berat dengan Panjang lebih dari 16m & Alat Berat",2,active
55057,55,Tarakan,Kalimantan Utara,Tarakan,Nunukan,Kalimantan Utara,pejalan-kaki,Pejalan Kaki,7,Dewasa Ekonomi,passenger,DEWASA,>2 Tahun,10,Inactive
55057,55,Tarakan,Kalimantan Utara,Tarakan,Nunukan,Kalimantan Utara,pejalan-kaki,Pejalan Kaki,9,Bayi Ekonomi,passenger,BAYI,0 - 2 Tahun,10,Inactive
55057,55,Tarakan,Kalimantan Utara,Tarakan,Nunukan,Kalimantan Utara,kendaraan,Kendaraan,11,Golongan I,vehicle,GOL I,Sepeda Gayuh,1,inactive
55057,55,Tarakan,Kalimantan Utara,Tarakan,Nunukan,Kalimantan Utara,kendaraan,Kendaraan,12,Golongan II ,vehicle,GOL II,Sepeda motor roda 2 di bawah 500 cc & gerobak dorong,2,inactive
55057,55,Tarakan,Kalimantan Utara,Tarakan,Nunukan,Kalimantan Utara,kendaraan,Kendaraan,13,Golongan III,vehicle,GOL III,Sepeda motor besar lebih dari (500 cc) & Sepeda motor roda 3,2,inactive
55057,55,Tarakan,Kalimantan Utara,Tarakan,Nunukan,Kalimantan Utara,kendaraan,Kendaraan,14,Golongan IV - Penumpang,vehicle,GOL IV A,"Kendaraan penumpang roda 4 (sedan, jeep dan sejenisnya dengan panjang maks 5Meter)",7,inactive
55057,55,Tarakan,Kalimantan Utara,Tarakan,Nunukan,Kalimantan Utara,kendaraan,Kendaraan,15,Golongan IV - Barang,vehicle,GOL IV B,Kendaraan penumpang roda 4 (pickup sejenis dengan bak / boks panjang maks 5Meter),5,inactive
55057,55,Tarakan,Kalimantan Utara,Tarakan,Nunukan,Kalimantan Utara,kendaraan,Kendaraan,16,Golongan V - Penumpang,vehicle,GOL V A,Kendaraan penumpang (minibus/elf sejenis dengan panjang lebih dari 5-7Meter),16,inactive
55057,55,Tarakan,Kalimantan Utara,Tarakan,Nunukan,Kalimantan Utara,kendaraan,Kendaraan,17,Golongan V - Barang,vehicle,GOL V B,Kendaraan barang (dengan bak/boks dan tangki sejenis dengan panjang lebih dari 5-7Meter),2,inactive
55057,55,Tarakan,Kalimantan Utara,Tarakan,Nunukan,Kalimantan Utara,kendaraan,Kendaraan,18,Golongan VI - Penumpang,vehicle,GOL VI A,Kendaraan penumpang (bus dengan panjang lebih dari 7-10Meter),32,inactive
55057,55,Tarakan,Kalimantan Utara,Tarakan,Nunukan,Kalimantan Utara,kendaraan,Kendaraan,19,Golongan VI - Barang,vehicle,GOL VI B,Kendaraan barang (dengan bak/boks dan tangki sejenis dengan panjang lebih dari 7-10m),2,inactive
55057,55,Tarakan,Kalimantan Utara,Tarakan,Nunukan,Kalimantan Utara,kendaraan,Kendaraan,20,Golongan VII,vehicle,GOL VII,"Truk tronton / tangki, kereta penarik kendaraan berat dengan Panjang 10-12m",2,inactive
55057,55,Tarakan,Kalimantan Utara,Tarakan,Nunukan,Kalimantan Utara,kendaraan,Kendaraan,21,Golongan VIII,vehicle,GOL VIII,"Truk tronton / tangki, kereta penarik kendaraan berat dengan Panjang lebih dari 12-16m",2,inactive
55057,55,Tarakan,Kalimantan Utara,Tarakan,Nunukan,Kalimantan Utara,kendaraan,Kendaraan,22,Golongan IX,vehicle,GOL IX,"Truk tronton / tangki, kereta penarik kendaraan berat dengan Panjang lebih dari 16m & Alat Berat",2,inactive
55052,55,Tarakan,Kalimantan Utara,Tarakan,Sebawang,Kalimantan Utara,pejalan-kaki,Pejalan Kaki,7,Dewasa Ekonomi,passenger,DEWASA,>2 Tahun,10,Inactive
55052,55,Tarakan,Kalimantan Utara,Tarakan,Sebawang,Kalimantan Utara,pejalan-kaki,Pejalan Kaki,9,Bayi Ekonomi,passenger,BAYI,0 - 2 Tahun,10,Inactive
55052,55,Tarakan,Kalimantan Utara,Tarakan,Sebawang,Kalimantan Utara,kendaraan,Kendaraan,11,Golongan I,vehicle,GOL I,Sepeda Gayuh,1,inactive
55052,55,Tarakan,Kalimantan Utara,Tarakan,Sebawang,Kalimantan Utara,kendaraan,Kendaraan,12,Golongan II ,vehicle,GOL II,Sepeda motor roda 2 di bawah 500 cc & gerobak dorong,2,inactive
55052,55,Tarakan,Kalimantan Utara,Tarakan,Sebawang,Kalimantan Utara,kendaraan,Kendaraan,13,Golongan III,vehicle,GOL III,Sepeda motor besar lebih dari (500 cc) & Sepeda motor roda 3,2,inactive
55052,55,Tarakan,Kalimantan Utara,Tarakan,Sebawang,Kalimantan Utara,kendaraan,Kendaraan,14,Golongan IV - Penumpang,vehicle,GOL IV A,"Kendaraan penumpang roda 4 (sedan, jeep dan sejenisnya dengan panjang maks 5Meter)",7,inactive
55052,55,Tarakan,Kalimantan Utara,Tarakan,Sebawang,Kalimantan Utara,kendaraan,Kendaraan,15,Golongan IV - Barang,vehicle,GOL IV B,Kendaraan penumpang roda 4 (pickup sejenis dengan bak / boks panjang maks 5Meter),5,inactive
55052,55,Tarakan,Kalimantan Utara,Tarakan,Sebawang,Kalimantan Utara,kendaraan,Kendaraan,16,Golongan V - Penumpang,vehicle,GOL V A,Kendaraan penumpang (minibus/elf sejenis dengan panjang lebih dari 5-7Meter),16,inactive
55052,55,Tarakan,Kalimantan Utara,Tarakan,Sebawang,Kalimantan Utara,kendaraan,Kendaraan,17,Golongan V - Barang,vehicle,GOL V B,Kendaraan barang (dengan bak/boks dan tangki sejenis dengan panjang lebih dari 5-7Meter),2,inactive
55052,55,Tarakan,Kalimantan Utara,Tarakan,Sebawang,Kalimantan Utara,kendaraan,Kendaraan,18,Golongan VI - Penumpang,vehicle,GOL VI A,Kendaraan penumpang (bus dengan panjang lebih dari 7-10Meter),32,inactive
55052,55,Tarakan,Kalimantan Utara,Tarakan,Sebawang,Kalimantan Utara,kendaraan,Kendaraan,19,Golongan VI - Barang,vehicle,GOL VI B,Kendaraan barang (dengan bak/boks dan tangki sejenis dengan panjang lebih dari 7-10m),2,inactive
55052,55,Tarakan,Kalimantan Utara,Tarakan,Sebawang,Kalimantan Utara,kendaraan,Kendaraan,20,Golongan VII,vehicle,GOL VII,"Truk tronton / tangki, kereta penarik kendaraan berat dengan Panjang 10-12m",2,inactive
55052,55,Tarakan,Kalimantan Utara,Tarakan,Sebawang,Kalimantan Utara,kendaraan,Kendaraan,21,Golongan VIII,vehicle,GOL VIII,"Truk tronton / tangki, kereta penarik kendaraan berat dengan Panjang lebih dari 12-16m",2,inactive
55052,55,Tarakan,Kalimantan Utara,Tarakan,Sebawang,Kalimantan Utara,kendaraan,Kendaraan,22,Golongan IX,vehicle,GOL IX,"Truk tronton / tangki, kereta penarik kendaraan berat dengan Panjang lebih dari 16m & Alat Berat",2,inactive
55059,55,Tarakan,Kalimantan Utara,Tarakan,Toli Toli,Sulawesi Tengah,pejalan-kaki,Pejalan Kaki,7,Dewasa Ekonomi,passenger,DEWASA,>2 Tahun,10,Inactive
55059,55,Tarakan,Kalimantan Utara,Tarakan,Toli Toli,Sulawesi Tengah,pejalan-kaki,Pejalan Kaki,9,Bayi Ekonomi,passenger,BAYI,0 - 2 Tahun,10,Inactive
55059,55,Tarakan,Kalimantan Utara,Tarakan,Toli Toli,Sulawesi Tengah,kendaraan,Kendaraan,11,Golongan I,vehicle,GOL I,Sepeda Gayuh,1,inactive
55059,55,Tarakan,Kalimantan Utara,Tarakan,Toli Toli,Sulawesi Tengah,kendaraan,Kendaraan,12,Golongan II ,vehicle,GOL II,Sepeda motor roda 2 di bawah 500 cc & gerobak dorong,2,inactive
55059,55,Tarakan,Kalimantan Utara,Tarakan,Toli Toli,Sulawesi Tengah,kendaraan,Kendaraan,13,Golongan III,vehicle,GOL III,Sepeda motor besar lebih dari (500 cc) & Sepeda motor roda 3,2,inactive
55059,55,Tarakan,Kalimantan Utara,Tarakan,Toli Toli,Sulawesi Tengah,kendaraan,Kendaraan,14,Golongan IV - Penumpang,vehicle,GOL IV A,"Kendaraan penumpang roda 4 (sedan, jeep dan sejenisnya dengan panjang maks 5Meter)",7,inactive
55059,55,Tarakan,Kalimantan Utara,Tarakan,Toli Toli,Sulawesi Tengah,kendaraan,Kendaraan,15,Golongan IV - Barang,vehicle,GOL IV B,Kendaraan penumpang roda 4 (pickup sejenis dengan bak / boks panjang maks 5Meter),5,inactive
55059,55,Tarakan,Kalimantan Utara,Tarakan,Toli Toli,Sulawesi Tengah,kendaraan,Kendaraan,16,Golongan V - Penumpang,vehicle,GOL V A,Kendaraan penumpang (minibus/elf sejenis dengan panjang lebih dari 5-7Meter),16,inactive
55059,55,Tarakan,Kalimantan Utara,Tarakan,Toli Toli,Sulawesi Tengah,kendaraan,Kendaraan,17,Golongan V - Barang,vehicle,GOL V B,Kendaraan barang (dengan bak/boks dan tangki sejenis dengan panjang lebih dari 5-7Meter),2,inactive
55059,55,Tarakan,Kalimantan Utara,Tarakan,Toli Toli,Sulawesi Tengah,kendaraan,Kendaraan,18,Golongan VI - Penumpang,vehicle,GOL VI A,Kendaraan penumpang (bus dengan panjang lebih dari 7-10Meter),32,inactive
55059,55,Tarakan,Kalimantan Utara,Tarakan,Toli Toli,Sulawesi Tengah,kendaraan,Kendaraan,19,Golongan VI - Barang,vehicle,GOL VI B,Kendaraan barang (dengan bak/boks dan tangki sejenis dengan panjang lebih dari 7-10m),2,inactive
55059,55,Tarakan,Kalimantan Utara,Tarakan,Toli Toli,Sulawesi Tengah,kendaraan,Kendaraan,20,Golongan VII,vehicle,GOL VII,"Truk tronton / tangki, kereta penarik kendaraan berat dengan Panjang 10-12m",2,inactive
55059,55,Tarakan,Kalimantan Utara,Tarakan,Toli Toli,Sulawesi Tengah,kendaraan,Kendaraan,21,Golongan VIII,vehicle,GOL VIII,"Truk tronton / tangki, kereta penarik kendaraan berat dengan Panjang lebih dari 12-16m",2,inactive
55059,55,Tarakan,Kalimantan Utara,Tarakan,Toli Toli,Sulawesi Tengah,kendaraan,Kendaraan,22,Golongan IX,vehicle,GOL IX,"Truk tronton / tangki, kereta penarik kendaraan berat dengan Panjang lebih dari 16m & Alat Berat",2,inactive
5493,19,Telaga Punggur,Kepulauan Riau,Telaga Punggur,Dabo,Kepulauan Riau,pejalan-kaki,Pejalan Kaki,7,Dewasa Ekonomi,passenger,DEWASA,>2 Tahun,10,Inactive
5493,19,Telaga Punggur,Kepulauan Riau,Telaga Punggur,Dabo,Kepulauan Riau,pejalan-kaki,Pejalan Kaki,9,Bayi Ekonomi,passenger,BAYI,0 - 2 Tahun,10,Inactive
5493,19,Telaga Punggur,Kepulauan Riau,Telaga Punggur,Dabo,Kepulauan Riau,kendaraan,Kendaraan,11,Golongan I,vehicle,GOL I,Sepeda Gayuh,1,inactive
5493,19,Telaga Punggur,Kepulauan Riau,Telaga Punggur,Dabo,Kepulauan Riau,kendaraan,Kendaraan,12,Golongan II ,vehicle,GOL II,Sepeda motor roda 2 di bawah 500 cc & gerobak dorong,2,inactive
5493,19,Telaga Punggur,Kepulauan Riau,Telaga Punggur,Dabo,Kepulauan Riau,kendaraan,Kendaraan,13,Golongan III,vehicle,GOL III,Sepeda motor besar lebih dari (500 cc) & Sepeda motor roda 3,2,inactive
5493,19,Telaga Punggur,Kepulauan Riau,Telaga Punggur,Dabo,Kepulauan Riau,kendaraan,Kendaraan,14,Golongan IV - Penumpang,vehicle,GOL IV A,"Kendaraan penumpang roda 4 (sedan, jeep dan sejenisnya dengan panjang maks 5Meter)",7,inactive
5493,19,Telaga Punggur,Kepulauan Riau,Telaga Punggur,Dabo,Kepulauan Riau,kendaraan,Kendaraan,15,Golongan IV - Barang,vehicle,GOL IV B,Kendaraan penumpang roda 4 (pickup sejenis dengan bak / boks panjang maks 5Meter),5,active
5493,19,Telaga Punggur,Kepulauan Riau,Telaga Punggur,Dabo,Kepulauan Riau,kendaraan,Kendaraan,16,Golongan V - Penumpang,vehicle,GOL V A,Kendaraan penumpang (minibus/elf sejenis dengan panjang lebih dari 5-7Meter),16,inactive
5493,19,Telaga Punggur,Kepulauan Riau,Telaga Punggur,Dabo,Kepulauan Riau,kendaraan,Kendaraan,17,Golongan V - Barang,vehicle,GOL V B,Kendaraan barang (dengan bak/boks dan tangki sejenis dengan panjang lebih dari 5-7Meter),2,active
5493,19,Telaga Punggur,Kepulauan Riau,Telaga Punggur,Dabo,Kepulauan Riau,kendaraan,Kendaraan,18,Golongan VI - Penumpang,vehicle,GOL VI A,Kendaraan penumpang (bus dengan panjang lebih dari 7-10Meter),32,inactive
5493,19,Telaga Punggur,Kepulauan Riau,Telaga Punggur,Dabo,Kepulauan Riau,kendaraan,Kendaraan,19,Golongan VI - Barang,vehicle,GOL VI B,Kendaraan barang (dengan bak/boks dan tangki sejenis dengan panjang lebih dari 7-10m),2,active
5493,19,Telaga Punggur,Kepulauan Riau,Telaga Punggur,Dabo,Kepulauan Riau,kendaraan,Kendaraan,20,Golongan VII,vehicle,GOL VII,"Truk tronton / tangki, kereta penarik kendaraan berat dengan Panjang 10-12m",2,active
5493,19,Telaga Punggur,Kepulauan Riau,Telaga Punggur,Dabo,Kepulauan Riau,kendaraan,Kendaraan,21,Golongan VIII,vehicle,GOL VIII,"Truk tronton / tangki, kereta penarik kendaraan berat dengan Panjang lebih dari 12-16m",2,active
5493,19,Telaga Punggur,Kepulauan Riau,Telaga Punggur,Dabo,Kepulauan Riau,kendaraan,Kendaraan,22,Golongan IX,vehicle,GOL IX,"Truk tronton / tangki, kereta penarik kendaraan berat dengan Panjang lebih dari 16m & Alat Berat",2,active
198014,19,Telaga Punggur,Kepulauan Riau,Telaga Punggur,Kuala Tungkal,Jambi,pejalan-kaki,Pejalan Kaki,7,Dewasa Ekonomi,passenger,DEWASA,>2 Tahun,10,Inactive
198014,19,Telaga Punggur,Kepulauan Riau,Telaga Punggur,Kuala Tungkal,Jambi,pejalan-kaki,Pejalan Kaki,9,Bayi Ekonomi,passenger,BAYI,0 - 2 Tahun,10,Inactive
198014,19,Telaga Punggur,Kepulauan Riau,Telaga Punggur,Kuala Tungkal,Jambi,kendaraan,Kendaraan,11,Golongan I,vehicle,GOL I,Sepeda Gayuh,1,inactive
198014,19,Telaga Punggur,Kepulauan Riau,Telaga Punggur,Kuala Tungkal,Jambi,kendaraan,Kendaraan,12,Golongan II ,vehicle,GOL II,Sepeda motor roda 2 di bawah 500 cc & gerobak dorong,2,inactive
198014,19,Telaga Punggur,Kepulauan Riau,Telaga Punggur,Kuala Tungkal,Jambi,kendaraan,Kendaraan,13,Golongan III,vehicle,GOL III,Sepeda motor besar lebih dari (500 cc) & Sepeda motor roda 3,2,inactive
198014,19,Telaga Punggur,Kepulauan Riau,Telaga Punggur,Kuala Tungkal,Jambi,kendaraan,Kendaraan,14,Golongan IV - Penumpang,vehicle,GOL IV A,"Kendaraan penumpang roda 4 (sedan, jeep dan sejenisnya dengan panjang maks 5Meter)",7,inactive
198014,19,Telaga Punggur,Kepulauan Riau,Telaga Punggur,Kuala Tungkal,Jambi,kendaraan,Kendaraan,15,Golongan IV - Barang,vehicle,GOL IV B,Kendaraan penumpang roda 4 (pickup sejenis dengan bak / boks panjang maks 5Meter),5,active
198014,19,Telaga Punggur,Kepulauan Riau,Telaga Punggur,Kuala Tungkal,Jambi,kendaraan,Kendaraan,16,Golongan V - Penumpang,vehicle,GOL V A,Kendaraan penumpang (minibus/elf sejenis dengan panjang lebih dari 5-7Meter),16,inactive
198014,19,Telaga Punggur,Kepulauan Riau,Telaga Punggur,Kuala Tungkal,Jambi,kendaraan,Kendaraan,17,Golongan V - Barang,vehicle,GOL V B,Kendaraan barang (dengan bak/boks dan tangki sejenis dengan panjang lebih dari 5-7Meter),2,active
198014,19,Telaga Punggur,Kepulauan Riau,Telaga Punggur,Kuala Tungkal,Jambi,kendaraan,Kendaraan,18,Golongan VI - Penumpang,vehicle,GOL VI A,Kendaraan penumpang (bus dengan panjang lebih dari 7-10Meter),32,inactive
198014,19,Telaga Punggur,Kepulauan Riau,Telaga Punggur,Kuala Tungkal,Jambi,kendaraan,Kendaraan,19,Golongan VI - Barang,vehicle,GOL VI B,Kendaraan barang (dengan bak/boks dan tangki sejenis dengan panjang lebih dari 7-10m),2,active
198014,19,Telaga Punggur,Kepulauan Riau,Telaga Punggur,Kuala Tungkal,Jambi,kendaraan,Kendaraan,20,Golongan VII,vehicle,GOL VII,"Truk tronton / tangki, kereta penarik kendaraan berat dengan Panjang 10-12m",2,active
198014,19,Telaga Punggur,Kepulauan Riau,Telaga Punggur,Kuala Tungkal,Jambi,kendaraan,Kendaraan,21,Golongan VIII,vehicle,GOL VIII,"Truk tronton / tangki, kereta penarik kendaraan berat dengan Panjang lebih dari 12-16m",2,active
198014,19,Telaga Punggur,Kepulauan Riau,Telaga Punggur,Kuala Tungkal,Jambi,kendaraan,Kendaraan,22,Golongan IX,vehicle,GOL IX,"Truk tronton / tangki, kereta penarik kendaraan berat dengan Panjang lebih dari 16m & Alat Berat",2,active
5496,19,Telaga Punggur,Kepulauan Riau,Telaga Punggur,Mengkapan,Riau,pejalan-kaki,Pejalan Kaki,7,Dewasa Ekonomi,passenger,DEWASA,>2 Tahun,10,Inactive
5496,19,Telaga Punggur,Kepulauan Riau,Telaga Punggur,Mengkapan,Riau,pejalan-kaki,Pejalan Kaki,9,Bayi Ekonomi,passenger,BAYI,0 - 2 Tahun,10,Inactive
5496,19,Telaga Punggur,Kepulauan Riau,Telaga Punggur,Mengkapan,Riau,kendaraan,Kendaraan,11,Golongan I,vehicle,GOL I,Sepeda Gayuh,1,inactive
5496,19,Telaga Punggur,Kepulauan Riau,Telaga Punggur,Mengkapan,Riau,kendaraan,Kendaraan,12,Golongan II ,vehicle,GOL II,Sepeda motor roda 2 di bawah 500 cc & gerobak dorong,2,inactive
5496,19,Telaga Punggur,Kepulauan Riau,Telaga Punggur,Mengkapan,Riau,kendaraan,Kendaraan,13,Golongan III,vehicle,GOL III,Sepeda motor besar lebih dari (500 cc) & Sepeda motor roda 3,2,inactive
5496,19,Telaga Punggur,Kepulauan Riau,Telaga Punggur,Mengkapan,Riau,kendaraan,Kendaraan,14,Golongan IV - Penumpang,vehicle,GOL IV A,"Kendaraan penumpang roda 4 (sedan, jeep dan sejenisnya dengan panjang maks 5Meter)",7,inactive
5496,19,Telaga Punggur,Kepulauan Riau,Telaga Punggur,Mengkapan,Riau,kendaraan,Kendaraan,15,Golongan IV - Barang,vehicle,GOL IV B,Kendaraan penumpang roda 4 (pickup sejenis dengan bak / boks panjang maks 5Meter),5,active
5496,19,Telaga Punggur,Kepulauan Riau,Telaga Punggur,Mengkapan,Riau,kendaraan,Kendaraan,16,Golongan V - Penumpang,vehicle,GOL V A,Kendaraan penumpang (minibus/elf sejenis dengan panjang lebih dari 5-7Meter),16,inactive
5496,19,Telaga Punggur,Kepulauan Riau,Telaga Punggur,Mengkapan,Riau,kendaraan,Kendaraan,17,Golongan V - Barang,vehicle,GOL V B,Kendaraan barang (dengan bak/boks dan tangki sejenis dengan panjang lebih dari 5-7Meter),2,active
5496,19,Telaga Punggur,Kepulauan Riau,Telaga Punggur,Mengkapan,Riau,kendaraan,Kendaraan,18,Golongan VI - Penumpang,vehicle,GOL VI A,Kendaraan penumpang (bus dengan panjang lebih dari 7-10Meter),32,inactive
5496,19,Telaga Punggur,Kepulauan Riau,Telaga Punggur,Mengkapan,Riau,kendaraan,Kendaraan,19,Golongan VI - Barang,vehicle,GOL VI B,Kendaraan barang (dengan bak/boks dan tangki sejenis dengan panjang lebih dari 7-10m),2,active
5496,19,Telaga Punggur,Kepulauan Riau,Telaga Punggur,Mengkapan,Riau,kendaraan,Kendaraan,20,Golongan VII,vehicle,GOL VII,"Truk tronton / tangki, kereta penarik kendaraan berat dengan Panjang 10-12m",2,active
5496,19,Telaga Punggur,Kepulauan Riau,Telaga Punggur,Mengkapan,Riau,kendaraan,Kendaraan,21,Golongan VIII,vehicle,GOL VIII,"Truk tronton / tangki, kereta penarik kendaraan berat dengan Panjang lebih dari 12-16m",2,active
5496,19,Telaga Punggur,Kepulauan Riau,Telaga Punggur,Mengkapan,Riau,kendaraan,Kendaraan,22,Golongan IX,vehicle,GOL IX,"Truk tronton / tangki, kereta penarik kendaraan berat dengan Panjang lebih dari 16m & Alat Berat",2,active
5492,19,Telaga Punggur,Kepulauan Riau,Telaga Punggur,Tanjung Balai Karimun,Kepulauan Riau,pejalan-kaki,Pejalan Kaki,7,Dewasa Ekonomi,passenger,DEWASA,>2 Tahun,10,Inactive
5492,19,Telaga Punggur,Kepulauan Riau,Telaga Punggur,Tanjung Balai Karimun,Kepulauan Riau,pejalan-kaki,Pejalan Kaki,9,Bayi Ekonomi,passenger,BAYI,0 - 2 Tahun,10,Inactive
5492,19,Telaga Punggur,Kepulauan Riau,Telaga Punggur,Tanjung Balai Karimun,Kepulauan Riau,kendaraan,Kendaraan,11,Golongan I,vehicle,GOL I,Sepeda Gayuh,1,inactive
5492,19,Telaga Punggur,Kepulauan Riau,Telaga Punggur,Tanjung Balai Karimun,Kepulauan Riau,kendaraan,Kendaraan,12,Golongan II ,vehicle,GOL II,Sepeda motor roda 2 di bawah 500 cc & gerobak dorong,2,inactive
5492,19,Telaga Punggur,Kepulauan Riau,Telaga Punggur,Tanjung Balai Karimun,Kepulauan Riau,kendaraan,Kendaraan,13,Golongan III,vehicle,GOL III,Sepeda motor besar lebih dari (500 cc) & Sepeda motor roda 3,2,inactive
5492,19,Telaga Punggur,Kepulauan Riau,Telaga Punggur,Tanjung Balai Karimun,Kepulauan Riau,kendaraan,Kendaraan,14,Golongan IV - Penumpang,vehicle,GOL IV A,"Kendaraan penumpang roda 4 (sedan, jeep dan sejenisnya dengan panjang maks 5Meter)",7,inactive
5492,19,Telaga Punggur,Kepulauan Riau,Telaga Punggur,Tanjung Balai Karimun,Kepulauan Riau,kendaraan,Kendaraan,15,Golongan IV - Barang,vehicle,GOL IV B,Kendaraan penumpang roda 4 (pickup sejenis dengan bak / boks panjang maks 5Meter),5,active
5492,19,Telaga Punggur,Kepulauan Riau,Telaga Punggur,Tanjung Balai Karimun,Kepulauan Riau,kendaraan,Kendaraan,16,Golongan V - Penumpang,vehicle,GOL V A,Kendaraan penumpang (minibus/elf sejenis dengan panjang lebih dari 5-7Meter),16,inactive
5492,19,Telaga Punggur,Kepulauan Riau,Telaga Punggur,Tanjung Balai Karimun,Kepulauan Riau,kendaraan,Kendaraan,17,Golongan V - Barang,vehicle,GOL V B,Kendaraan barang (dengan bak/boks dan tangki sejenis dengan panjang lebih dari 5-7Meter),2,active
5492,19,Telaga Punggur,Kepulauan Riau,Telaga Punggur,Tanjung Balai Karimun,Kepulauan Riau,kendaraan,Kendaraan,18,Golongan VI - Penumpang,vehicle,GOL VI A,Kendaraan penumpang (bus dengan panjang lebih dari 7-10Meter),32,inactive
5492,19,Telaga Punggur,Kepulauan Riau,Telaga Punggur,Tanjung Balai Karimun,Kepulauan Riau,kendaraan,Kendaraan,19,Golongan VI - Barang,vehicle,GOL VI B,Kendaraan barang (dengan bak/boks dan tangki sejenis dengan panjang lebih dari 7-10m),2,active
5492,19,Telaga Punggur,Kepulauan Riau,Telaga Punggur,Tanjung Balai Karimun,Kepulauan Riau,kendaraan,Kendaraan,20,Golongan VII,vehicle,GOL VII,"Truk tronton / tangki, kereta penarik kendaraan berat dengan Panjang 10-12m",2,active
5492,19,Telaga Punggur,Kepulauan Riau,Telaga Punggur,Tanjung Balai Karimun,Kepulauan Riau,kendaraan,Kendaraan,21,Golongan VIII,vehicle,GOL VIII,"Truk tronton / tangki, kereta penarik kendaraan berat dengan Panjang lebih dari 12-16m",2,active
5492,19,Telaga Punggur,Kepulauan Riau,Telaga Punggur,Tanjung Balai Karimun,Kepulauan Riau,kendaraan,Kendaraan,22,Golongan IX,vehicle,GOL IX,"Truk tronton / tangki, kereta penarik kendaraan berat dengan Panjang lebih dari 16m & Alat Berat",2,active
5491,19,Telaga Punggur,Kepulauan Riau,Telaga Punggur,Tanjung Uban,Kepulauan Riau,pejalan-kaki,Pejalan Kaki,7,Dewasa Ekonomi,passenger,DEWASA,>2 Tahun,10,Inactive
5491,19,Telaga Punggur,Kepulauan Riau,Telaga Punggur,Tanjung Uban,Kepulauan Riau,pejalan-kaki,Pejalan Kaki,9,Bayi Ekonomi,passenger,BAYI,0 - 2 Tahun,10,Inactive
5491,19,Telaga Punggur,Kepulauan Riau,Telaga Punggur,Tanjung Uban,Kepulauan Riau,kendaraan,Kendaraan,11,Golongan I,vehicle,GOL I,Sepeda Gayuh,1,inactive
5491,19,Telaga Punggur,Kepulauan Riau,Telaga Punggur,Tanjung Uban,Kepulauan Riau,kendaraan,Kendaraan,12,Golongan II ,vehicle,GOL II,Sepeda motor roda 2 di bawah 500 cc & gerobak dorong,2,inactive
5491,19,Telaga Punggur,Kepulauan Riau,Telaga Punggur,Tanjung Uban,Kepulauan Riau,kendaraan,Kendaraan,13,Golongan III,vehicle,GOL III,Sepeda motor besar lebih dari (500 cc) & Sepeda motor roda 3,2,inactive
5491,19,Telaga Punggur,Kepulauan Riau,Telaga Punggur,Tanjung Uban,Kepulauan Riau,kendaraan,Kendaraan,14,Golongan IV - Penumpang,vehicle,GOL IV A,"Kendaraan penumpang roda 4 (sedan, jeep dan sejenisnya dengan panjang maks 5Meter)",7,inactive
5491,19,Telaga Punggur,Kepulauan Riau,Telaga Punggur,Tanjung Uban,Kepulauan Riau,kendaraan,Kendaraan,15,Golongan IV - Barang,vehicle,GOL IV B,Kendaraan penumpang roda 4 (pickup sejenis dengan bak / boks panjang maks 5Meter),5,active
5491,19,Telaga Punggur,Kepulauan Riau,Telaga Punggur,Tanjung Uban,Kepulauan Riau,kendaraan,Kendaraan,16,Golongan V - Penumpang,vehicle,GOL V A,Kendaraan penumpang (minibus/elf sejenis dengan panjang lebih dari 5-7Meter),16,inactive
5491,19,Telaga Punggur,Kepulauan Riau,Telaga Punggur,Tanjung Uban,Kepulauan Riau,kendaraan,Kendaraan,17,Golongan V - Barang,vehicle,GOL V B,Kendaraan barang (dengan bak/boks dan tangki sejenis dengan panjang lebih dari 5-7Meter),2,active
5491,19,Telaga Punggur,Kepulauan Riau,Telaga Punggur,Tanjung Uban,Kepulauan Riau,kendaraan,Kendaraan,18,Golongan VI - Penumpang,vehicle,GOL VI A,Kendaraan penumpang (bus dengan panjang lebih dari 7-10Meter),32,inactive
5491,19,Telaga Punggur,Kepulauan Riau,Telaga Punggur,Tanjung Uban,Kepulauan Riau,kendaraan,Kendaraan,19,Golongan VI - Barang,vehicle,GOL VI B,Kendaraan barang (dengan bak/boks dan tangki sejenis dengan panjang lebih dari 7-10m),2,active
5491,19,Telaga Punggur,Kepulauan Riau,Telaga Punggur,Tanjung Uban,Kepulauan Riau,kendaraan,Kendaraan,20,Golongan VII,vehicle,GOL VII,"Truk tronton / tangki, kereta penarik kendaraan berat dengan Panjang 10-12m",2,active
5491,19,Telaga Punggur,Kepulauan Riau,Telaga Punggur,Tanjung Uban,Kepulauan Riau,kendaraan,Kendaraan,21,Golongan VIII,vehicle,GOL VIII,"Truk tronton / tangki, kereta penarik kendaraan berat dengan Panjang lebih dari 12-16m",2,active
5491,19,Telaga Punggur,Kepulauan Riau,Telaga Punggur,Tanjung Uban,Kepulauan Riau,kendaraan,Kendaraan,22,Golongan IX,vehicle,GOL IX,"Truk tronton / tangki, kereta penarik kendaraan berat dengan Panjang lebih dari 16m & Alat Berat",2,active
127,31,Tua Pejat,Sumatera Barat,Tua Pejat,Padang,Sumatera Barat,pejalan-kaki,Pejalan Kaki,7,Dewasa Ekonomi,passenger,DEWASA,>2 Tahun,10,Inactive
127,31,Tua Pejat,Sumatera Barat,Tua Pejat,Padang,Sumatera Barat,pejalan-kaki,Pejalan Kaki,9,Bayi Ekonomi,passenger,BAYI,0 - 2 Tahun,10,Inactive
127,31,Tua Pejat,Sumatera Barat,Tua Pejat,Padang,Sumatera Barat,kendaraan,Kendaraan,11,Golongan I,vehicle,GOL I,Sepeda Gayuh,1,inactive
127,31,Tua Pejat,Sumatera Barat,Tua Pejat,Padang,Sumatera Barat,kendaraan,Kendaraan,12,Golongan II ,vehicle,GOL II,Sepeda motor roda 2 di bawah 500 cc & gerobak dorong,2,inactive
127,31,Tua Pejat,Sumatera Barat,Tua Pejat,Padang,Sumatera Barat,kendaraan,Kendaraan,13,Golongan III,vehicle,GOL III,Sepeda motor besar lebih dari (500 cc) & Sepeda motor roda 3,2,inactive
127,31,Tua Pejat,Sumatera Barat,Tua Pejat,Padang,Sumatera Barat,kendaraan,Kendaraan,14,Golongan IV - Penumpang,vehicle,GOL IV A,"Kendaraan penumpang roda 4 (sedan, jeep dan sejenisnya dengan panjang maks 5Meter)",7,inactive
127,31,Tua Pejat,Sumatera Barat,Tua Pejat,Padang,Sumatera Barat,kendaraan,Kendaraan,15,Golongan IV - Barang,vehicle,GOL IV B,Kendaraan penumpang roda 4 (pickup sejenis dengan bak / boks panjang maks 5Meter),5,active
127,31,Tua Pejat,Sumatera Barat,Tua Pejat,Padang,Sumatera Barat,kendaraan,Kendaraan,16,Golongan V - Penumpang,vehicle,GOL V A,Kendaraan penumpang (minibus/elf sejenis dengan panjang lebih dari 5-7Meter),16,inactive
127,31,Tua Pejat,Sumatera Barat,Tua Pejat,Padang,Sumatera Barat,kendaraan,Kendaraan,17,Golongan V - Barang,vehicle,GOL V B,Kendaraan barang (dengan bak/boks dan tangki sejenis dengan panjang lebih dari 5-7Meter),2,active
127,31,Tua Pejat,Sumatera Barat,Tua Pejat,Padang,Sumatera Barat,kendaraan,Kendaraan,18,Golongan VI - Penumpang,vehicle,GOL VI A,Kendaraan penumpang (bus dengan panjang lebih dari 7-10Meter),32,inactive
127,31,Tua Pejat,Sumatera Barat,Tua Pejat,Padang,Sumatera Barat,kendaraan,Kendaraan,19,Golongan VI - Barang,vehicle,GOL VI B,Kendaraan barang (dengan bak/boks dan tangki sejenis dengan panjang lebih dari 7-10m),2,active
127,31,Tua Pejat,Sumatera Barat,Tua Pejat,Padang,Sumatera Barat,kendaraan,Kendaraan,20,Golongan VII,vehicle,GOL VII,"Truk tronton / tangki, kereta penarik kendaraan berat dengan Panjang 10-12m",2,active
127,31,Tua Pejat,Sumatera Barat,Tua Pejat,Padang,Sumatera Barat,kendaraan,Kendaraan,21,Golongan VIII,vehicle,GOL VIII,"Truk tronton / tangki, kereta penarik kendaraan berat dengan Panjang lebih dari 12-16m",2,active
127,31,Tua Pejat,Sumatera Barat,Tua Pejat,Padang,Sumatera Barat,kendaraan,Kendaraan,22,Golongan IX,vehicle,GOL IX,"Truk tronton / tangki, kereta penarik kendaraan berat dengan Panjang lebih dari 16m & Alat Berat",2,active
22,12,Ujung,Jawa Timur,Ujung,Kamal,Jawa Timur,pejalan-kaki,Pejalan Kaki,7,Dewasa Ekonomi,passenger,DEWASA,>2 Tahun,10,Inactive
22,12,Ujung,Jawa Timur,Ujung,Kamal,Jawa Timur,pejalan-kaki,Pejalan Kaki,9,Bayi Ekonomi,passenger,BAYI,0 - 2 Tahun,10,Inactive
22,12,Ujung,Jawa Timur,Ujung,Kamal,Jawa Timur,pejalan-kaki,Pejalan Kaki,10,TNI/POLRI/Pelajar/Mahasiswa,passenger,TNI,>5 Tahun,10,Inactive
22,12,Ujung,Jawa Timur,Ujung,Kamal,Jawa Timur,kendaraan,Kendaraan,11,Golongan I,vehicle,GOL I,Sepeda Gayuh,1,inactive
22,12,Ujung,Jawa Timur,Ujung,Kamal,Jawa Timur,kendaraan,Kendaraan,12,Golongan II ,vehicle,GOL II,Sepeda motor roda 2 di bawah 500 cc & gerobak dorong,2,inactive
22,12,Ujung,Jawa Timur,Ujung,Kamal,Jawa Timur,kendaraan,Kendaraan,13,Golongan III,vehicle,GOL III,Sepeda motor besar lebih dari (500 cc) & Sepeda motor roda 3,2,inactive
22,12,Ujung,Jawa Timur,Ujung,Kamal,Jawa Timur,kendaraan,Kendaraan,14,Golongan IV - Penumpang,vehicle,GOL IV A,"Kendaraan penumpang roda 4 (sedan, jeep dan sejenisnya dengan panjang maks 5Meter)",7,inactive
22,12,Ujung,Jawa Timur,Ujung,Kamal,Jawa Timur,kendaraan,Kendaraan,15,Golongan IV - Barang,vehicle,GOL IV B,Kendaraan penumpang roda 4 (pickup sejenis dengan bak / boks panjang maks 5Meter),5,active
22,12,Ujung,Jawa Timur,Ujung,Kamal,Jawa Timur,kendaraan,Kendaraan,16,Golongan V - Penumpang,vehicle,GOL V A,Kendaraan penumpang (minibus/elf sejenis dengan panjang lebih dari 5-7Meter),16,inactive
22,12,Ujung,Jawa Timur,Ujung,Kamal,Jawa Timur,kendaraan,Kendaraan,17,Golongan V - Barang,vehicle,GOL V B,Kendaraan barang (dengan bak/boks dan tangki sejenis dengan panjang lebih dari 5-7Meter),2,active
22,12,Ujung,Jawa Timur,Ujung,Kamal,Jawa Timur,kendaraan,Kendaraan,18,Golongan VI - Penumpang,vehicle,GOL VI A,Kendaraan penumpang (bus dengan panjang lebih dari 7-10Meter),32,inactive
22,12,Ujung,Jawa Timur,Ujung,Kamal,Jawa Timur,kendaraan,Kendaraan,19,Golongan VI - Barang,vehicle,GOL VI B,Kendaraan barang (dengan bak/boks dan tangki sejenis dengan panjang lebih dari 7-10m),2,active
22,12,Ujung,Jawa Timur,Ujung,Kamal,Jawa Timur,kendaraan,Kendaraan,20,Golongan VII,vehicle,GOL VII,"Truk tronton / tangki, kereta penarik kendaraan berat dengan Panjang 10-12m",2,active
22,12,Ujung,Jawa Timur,Ujung,Kamal,Jawa Timur,kendaraan,Kendaraan,21,Golongan VIII,vehicle,GOL VIII,"Truk tronton / tangki, kereta penarik kendaraan berat dengan Panjang lebih dari 12-16m",2,active
22,12,Ujung,Jawa Timur,Ujung,Kamal,Jawa Timur,kendaraan,Kendaraan,22,Golongan IX,vehicle,GOL IX,"Truk tronton / tangki, kereta penarik kendaraan berat dengan Panjang lebih dari 16m & Alat Berat",2,active
1514,15,Ulee Lheue,Aceh,Ulee Lheue,Balohan,Aceh,pejalan-kaki,Pejalan Kaki,7,Dewasa Ekonomi,passenger,DEWASA,>2 Tahun,10,Inactive
1514,15,Ulee Lheue,Aceh,Ulee Lheue,Balohan,Aceh,pejalan-kaki,Pejalan Kaki,9,Bayi Ekonomi,passenger,BAYI,0 - 2 Tahun,10,Inactive
1514,15,Ulee Lheue,Aceh,Ulee Lheue,Balohan,Aceh,kendaraan,Kendaraan,11,Golongan I,vehicle,GOL I,Sepeda Gayuh,1,inactive
1514,15,Ulee Lheue,Aceh,Ulee Lheue,Balohan,Aceh,kendaraan,Kendaraan,12,Golongan II ,vehicle,GOL II,Sepeda motor roda 2 di bawah 500 cc & gerobak dorong,2,inactive
1514,15,Ulee Lheue,Aceh,Ulee Lheue,Balohan,Aceh,kendaraan,Kendaraan,13,Golongan III,vehicle,GOL III,Sepeda motor besar lebih dari (500 cc) & Sepeda motor roda 3,2,inactive
1514,15,Ulee Lheue,Aceh,Ulee Lheue,Balohan,Aceh,kendaraan,Kendaraan,14,Golongan IV - Penumpang,vehicle,GOL IV A,"Kendaraan penumpang roda 4 (sedan, jeep dan sejenisnya dengan panjang maks 5Meter)",7,inactive
1514,15,Ulee Lheue,Aceh,Ulee Lheue,Balohan,Aceh,kendaraan,Kendaraan,15,Golongan IV - Barang,vehicle,GOL IV B,Kendaraan penumpang roda 4 (pickup sejenis dengan bak / boks panjang maks 5Meter),5,active
1514,15,Ulee Lheue,Aceh,Ulee Lheue,Balohan,Aceh,kendaraan,Kendaraan,16,Golongan V - Penumpang,vehicle,GOL V A,Kendaraan penumpang (minibus/elf sejenis dengan panjang lebih dari 5-7Meter),16,inactive
1514,15,Ulee Lheue,Aceh,Ulee Lheue,Balohan,Aceh,kendaraan,Kendaraan,17,Golongan V - Barang,vehicle,GOL V B,Kendaraan barang (dengan bak/boks dan tangki sejenis dengan panjang lebih dari 5-7Meter),2,active
1514,15,Ulee Lheue,Aceh,Ulee Lheue,Balohan,Aceh,kendaraan,Kendaraan,18,Golongan VI - Penumpang,vehicle,GOL VI A,Kendaraan penumpang (bus dengan panjang lebih dari 7-10Meter),32,inactive
1514,15,Ulee Lheue,Aceh,Ulee Lheue,Balohan,Aceh,kendaraan,Kendaraan,19,Golongan VI - Barang,vehicle,GOL VI B,Kendaraan barang (dengan bak/boks dan tangki sejenis dengan panjang lebih dari 7-10m),2,active
1514,15,Ulee Lheue,Aceh,Ulee Lheue,Balohan,Aceh,kendaraan,Kendaraan,20,Golongan VII,vehicle,GOL VII,"Truk tronton / tangki, kereta penarik kendaraan berat dengan Panjang 10-12m",2,active
1514,15,Ulee Lheue,Aceh,Ulee Lheue,Balohan,Aceh,kendaraan,Kendaraan,21,Golongan VIII,vehicle,GOL VIII,"Truk tronton / tangki, kereta penarik kendaraan berat dengan Panjang lebih dari 12-16m",2,active
1514,15,Ulee Lheue,Aceh,Ulee Lheue,Balohan,Aceh,kendaraan,Kendaraan,22,Golongan IX,vehicle,GOL IX,"Truk tronton / tangki, kereta penarik kendaraan berat dengan Panjang lebih dari 16m & Alat Berat",2,active
201200,201,Waikelo,Nusa Tenggara Timur,Waikelo,Sape,Nusa Tenggara Barat,pejalan-kaki,Pejalan Kaki,7,Dewasa Ekonomi,passenger,DEWASA,>2 Tahun,10,Inactive
201200,201,Waikelo,Nusa Tenggara Timur,Waikelo,Sape,Nusa Tenggara Barat,pejalan-kaki,Pejalan Kaki,9,Bayi Ekonomi,passenger,BAYI,0 - 2 Tahun,10,Inactive
201200,201,Waikelo,Nusa Tenggara Timur,Waikelo,Sape,Nusa Tenggara Barat,kendaraan,Kendaraan,11,Golongan I,vehicle,GOL I,Sepeda Gayuh,1,inactive
201200,201,Waikelo,Nusa Tenggara Timur,Waikelo,Sape,Nusa Tenggara Barat,kendaraan,Kendaraan,12,Golongan II ,vehicle,GOL II,Sepeda motor roda 2 di bawah 500 cc & gerobak dorong,2,inactive
201200,201,Waikelo,Nusa Tenggara Timur,Waikelo,Sape,Nusa Tenggara Barat,kendaraan,Kendaraan,13,Golongan III,vehicle,GOL III,Sepeda motor besar lebih dari (500 cc) & Sepeda motor roda 3,2,inactive
201200,201,Waikelo,Nusa Tenggara Timur,Waikelo,Sape,Nusa Tenggara Barat,kendaraan,Kendaraan,14,Golongan IV - Penumpang,vehicle,GOL IV A,"Kendaraan penumpang roda 4 (sedan, jeep dan sejenisnya dengan panjang maks 5Meter)",7,inactive
201200,201,Waikelo,Nusa Tenggara Timur,Waikelo,Sape,Nusa Tenggara Barat,kendaraan,Kendaraan,15,Golongan IV - Barang,vehicle,GOL IV B,Kendaraan penumpang roda 4 (pickup sejenis dengan bak / boks panjang maks 5Meter),5,inactive
201200,201,Waikelo,Nusa Tenggara Timur,Waikelo,Sape,Nusa Tenggara Barat,kendaraan,Kendaraan,16,Golongan V - Penumpang,vehicle,GOL V A,Kendaraan penumpang (minibus/elf sejenis dengan panjang lebih dari 5-7Meter),16,inactive
201200,201,Waikelo,Nusa Tenggara Timur,Waikelo,Sape,Nusa Tenggara Barat,kendaraan,Kendaraan,17,Golongan V - Barang,vehicle,GOL V B,Kendaraan barang (dengan bak/boks dan tangki sejenis dengan panjang lebih dari 5-7Meter),2,inactive
201200,201,Waikelo,Nusa Tenggara Timur,Waikelo,Sape,Nusa Tenggara Barat,kendaraan,Kendaraan,18,Golongan VI - Penumpang,vehicle,GOL VI A,Kendaraan penumpang (bus dengan panjang lebih dari 7-10Meter),32,inactive
201200,201,Waikelo,Nusa Tenggara Timur,Waikelo,Sape,Nusa Tenggara Barat,kendaraan,Kendaraan,19,Golongan VI - Barang,vehicle,GOL VI B,Kendaraan barang (dengan bak/boks dan tangki sejenis dengan panjang lebih dari 7-10m),2,inactive
201200,201,Waikelo,Nusa Tenggara Timur,Waikelo,Sape,Nusa Tenggara Barat,kendaraan,Kendaraan,20,Golongan VII,vehicle,GOL VII,"Truk tronton / tangki, kereta penarik kendaraan berat dengan Panjang 10-12m",2,inactive
201200,201,Waikelo,Nusa Tenggara Timur,Waikelo,Sape,Nusa Tenggara Barat,kendaraan,Kendaraan,21,Golongan VIII,vehicle,GOL VIII,"Truk tronton / tangki, kereta penarik kendaraan berat dengan Panjang lebih dari 12-16m",2,inactive
201200,201,Waikelo,Nusa Tenggara Timur,Waikelo,Sape,Nusa Tenggara Barat,kendaraan,Kendaraan,22,Golongan IX,vehicle,GOL IX,"Truk tronton / tangki, kereta penarik kendaraan berat dengan Panjang lebih dari 16m & Alat Berat",2,inactive
5442,177,Waingapu,Nusa Tenggara Timur,Waingapu,Aimere,Nusa Tenggara Timur,pejalan-kaki,Pejalan Kaki,7,Dewasa Ekonomi,passenger,DEWASA,>2 Tahun,10,Inactive
5442,177,Waingapu,Nusa Tenggara Timur,Waingapu,Aimere,Nusa Tenggara Timur,pejalan-kaki,Pejalan Kaki,5,Dewasa Bisnis I,passenger,DEWASA,>2 Tahun,10,Inactive
5442,177,Waingapu,Nusa Tenggara Timur,Waingapu,Aimere,Nusa Tenggara Timur,pejalan-kaki,Pejalan Kaki,8,Anak - Anak Ekonomi,passenger,ANAK,2 - 5 Tahun,10,Inactive
5442,177,Waingapu,Nusa Tenggara Timur,Waingapu,Aimere,Nusa Tenggara Timur,pejalan-kaki,Pejalan Kaki,6,Anak - Anak Bisnis I,passenger,ANAK,2 - 5 Tahun,10,Inactive
5442,177,Waingapu,Nusa Tenggara Timur,Waingapu,Aimere,Nusa Tenggara Timur,kendaraan,Kendaraan,11,Golongan I,vehicle,GOL I,Sepeda Gayuh,1,inactive
5442,177,Waingapu,Nusa Tenggara Timur,Waingapu,Aimere,Nusa Tenggara Timur,kendaraan,Kendaraan,12,Golongan II ,vehicle,GOL II,Sepeda motor roda 2 di bawah 500 cc & gerobak dorong,2,inactive
5442,177,Waingapu,Nusa Tenggara Timur,Waingapu,Aimere,Nusa Tenggara Timur,kendaraan,Kendaraan,13,Golongan III,vehicle,GOL III,Sepeda motor besar lebih dari (500 cc) & Sepeda motor roda 3,2,inactive
5442,177,Waingapu,Nusa Tenggara Timur,Waingapu,Aimere,Nusa Tenggara Timur,kendaraan,Kendaraan,14,Golongan IV - Penumpang,vehicle,GOL IV A,"Kendaraan penumpang roda 4 (sedan, jeep dan sejenisnya dengan panjang maks 5Meter)",7,inactive
5442,177,Waingapu,Nusa Tenggara Timur,Waingapu,Aimere,Nusa Tenggara Timur,kendaraan,Kendaraan,15,Golongan IV - Barang,vehicle,GOL IV B,Kendaraan penumpang roda 4 (pickup sejenis dengan bak / boks panjang maks 5Meter),5,inactive
5442,177,Waingapu,Nusa Tenggara Timur,Waingapu,Aimere,Nusa Tenggara Timur,kendaraan,Kendaraan,16,Golongan V - Penumpang,vehicle,GOL V A,Kendaraan penumpang (minibus/elf sejenis dengan panjang lebih dari 5-7Meter),16,inactive
5442,177,Waingapu,Nusa Tenggara Timur,Waingapu,Aimere,Nusa Tenggara Timur,kendaraan,Kendaraan,17,Golongan V - Barang,vehicle,GOL V B,Kendaraan barang (dengan bak/boks dan tangki sejenis dengan panjang lebih dari 5-7Meter),2,inactive
5442,177,Waingapu,Nusa Tenggara Timur,Waingapu,Aimere,Nusa Tenggara Timur,kendaraan,Kendaraan,18,Golongan VI - Penumpang,vehicle,GOL VI A,Kendaraan penumpang (bus dengan panjang lebih dari 7-10Meter),32,inactive
5442,177,Waingapu,Nusa Tenggara Timur,Waingapu,Aimere,Nusa Tenggara Timur,kendaraan,Kendaraan,19,Golongan VI - Barang,vehicle,GOL VI B,Kendaraan barang (dengan bak/boks dan tangki sejenis dengan panjang lebih dari 7-10m),2,inactive
5442,177,Waingapu,Nusa Tenggara Timur,Waingapu,Aimere,Nusa Tenggara Timur,kendaraan,Kendaraan,20,Golongan VII,vehicle,GOL VII,"Truk tronton / tangki, kereta penarik kendaraan berat dengan Panjang 10-12m",2,inactive
5442,177,Waingapu,Nusa Tenggara Timur,Waingapu,Aimere,Nusa Tenggara Timur,kendaraan,Kendaraan,21,Golongan VIII,vehicle,GOL VIII,"Truk tronton / tangki, kereta penarik kendaraan berat dengan Panjang lebih dari 12-16m",2,inactive
5442,177,Waingapu,Nusa Tenggara Timur,Waingapu,Aimere,Nusa Tenggara Timur,kendaraan,Kendaraan,22,Golongan IX,vehicle,GOL IX,"Truk tronton / tangki, kereta penarik kendaraan berat dengan Panjang lebih dari 16m & Alat Berat",2,inactive
5443,177,Waingapu,Nusa Tenggara Timur,Waingapu,Ende,Nusa Tenggara Timur,pejalan-kaki,Pejalan Kaki,7,Dewasa Ekonomi,passenger,DEWASA,>2 Tahun,10,Inactive
5443,177,Waingapu,Nusa Tenggara Timur,Waingapu,Ende,Nusa Tenggara Timur,kendaraan,Kendaraan,11,Golongan I,vehicle,GOL I,Sepeda Gayuh,1,inactive
5443,177,Waingapu,Nusa Tenggara Timur,Waingapu,Ende,Nusa Tenggara Timur,kendaraan,Kendaraan,12,Golongan II ,vehicle,GOL II,Sepeda motor roda 2 di bawah 500 cc & gerobak dorong,2,inactive
5443,177,Waingapu,Nusa Tenggara Timur,Waingapu,Ende,Nusa Tenggara Timur,kendaraan,Kendaraan,13,Golongan III,vehicle,GOL III,Sepeda motor besar lebih dari (500 cc) & Sepeda motor roda 3,2,inactive
5443,177,Waingapu,Nusa Tenggara Timur,Waingapu,Ende,Nusa Tenggara Timur,kendaraan,Kendaraan,14,Golongan IV - Penumpang,vehicle,GOL IV A,"Kendaraan penumpang roda 4 (sedan, jeep dan sejenisnya dengan panjang maks 5Meter)",7,inactive
5443,177,Waingapu,Nusa Tenggara Timur,Waingapu,Ende,Nusa Tenggara Timur,kendaraan,Kendaraan,15,Golongan IV - Barang,vehicle,GOL IV B,Kendaraan penumpang roda 4 (pickup sejenis dengan bak / boks panjang maks 5Meter),5,inactive
5443,177,Waingapu,Nusa Tenggara Timur,Waingapu,Ende,Nusa Tenggara Timur,kendaraan,Kendaraan,16,Golongan V - Penumpang,vehicle,GOL V A,Kendaraan penumpang (minibus/elf sejenis dengan panjang lebih dari 5-7Meter),16,inactive
5443,177,Waingapu,Nusa Tenggara Timur,Waingapu,Ende,Nusa Tenggara Timur,kendaraan,Kendaraan,17,Golongan V - Barang,vehicle,GOL V B,Kendaraan barang (dengan bak/boks dan tangki sejenis dengan panjang lebih dari 5-7Meter),2,inactive
5443,177,Waingapu,Nusa Tenggara Timur,Waingapu,Ende,Nusa Tenggara Timur,kendaraan,Kendaraan,18,Golongan VI - Penumpang,vehicle,GOL VI A,Kendaraan penumpang (bus dengan panjang lebih dari 7-10Meter),32,inactive
5443,177,Waingapu,Nusa Tenggara Timur,Waingapu,Ende,Nusa Tenggara Timur,kendaraan,Kendaraan,19,Golongan VI - Barang,vehicle,GOL VI B,Kendaraan barang (dengan bak/boks dan tangki sejenis dengan panjang lebih dari 7-10m),2,inactive
5443,177,Waingapu,Nusa Tenggara Timur,Waingapu,Ende,Nusa Tenggara Timur,kendaraan,Kendaraan,20,Golongan VII,vehicle,GOL VII,"Truk tronton / tangki, kereta penarik kendaraan berat dengan Panjang 10-12m",2,inactive
5443,177,Waingapu,Nusa Tenggara Timur,Waingapu,Ende,Nusa Tenggara Timur,kendaraan,Kendaraan,21,Golongan VIII,vehicle,GOL VIII,"Truk tronton / tangki, kereta penarik kendaraan berat dengan Panjang lebih dari 12-16m",2,inactive
5443,177,Waingapu,Nusa Tenggara Timur,Waingapu,Ende,Nusa Tenggara Timur,kendaraan,Kendaraan,22,Golongan IX,vehicle,GOL IX,"Truk tronton / tangki, kereta penarik kendaraan berat dengan Panjang lebih dari 16m & Alat Berat",2,inactive
5415,177,Waingapu,Nusa Tenggara Timur,Waingapu,Kupang,Nusa Tenggara Timur,pejalan-kaki,Pejalan Kaki,7,Dewasa Ekonomi,passenger,DEWASA,>2 Tahun,10,Inactive
5415,177,Waingapu,Nusa Tenggara Timur,Waingapu,Kupang,Nusa Tenggara Timur,pejalan-kaki,Pejalan Kaki,5,Dewasa Bisnis I,passenger,DEWASA,>2 Tahun,10,Inactive
5415,177,Waingapu,Nusa Tenggara Timur,Waingapu,Kupang,Nusa Tenggara Timur,pejalan-kaki,Pejalan Kaki,8,Anak - Anak Ekonomi,passenger,ANAK,2 - 5 Tahun,10,Inactive
5415,177,Waingapu,Nusa Tenggara Timur,Waingapu,Kupang,Nusa Tenggara Timur,pejalan-kaki,Pejalan Kaki,6,Anak - Anak Bisnis I,passenger,ANAK,2 - 5 Tahun,10,Inactive
5415,177,Waingapu,Nusa Tenggara Timur,Waingapu,Kupang,Nusa Tenggara Timur,kendaraan,Kendaraan,11,Golongan I,vehicle,GOL I,Sepeda Gayuh,1,inactive
5415,177,Waingapu,Nusa Tenggara Timur,Waingapu,Kupang,Nusa Tenggara Timur,kendaraan,Kendaraan,12,Golongan II ,vehicle,GOL II,Sepeda motor roda 2 di bawah 500 cc & gerobak dorong,2,inactive
5415,177,Waingapu,Nusa Tenggara Timur,Waingapu,Kupang,Nusa Tenggara Timur,kendaraan,Kendaraan,13,Golongan III,vehicle,GOL III,Sepeda motor besar lebih dari (500 cc) & Sepeda motor roda 3,2,inactive
5415,177,Waingapu,Nusa Tenggara Timur,Waingapu,Kupang,Nusa Tenggara Timur,kendaraan,Kendaraan,14,Golongan IV - Penumpang,vehicle,GOL IV A,"Kendaraan penumpang roda 4 (sedan, jeep dan sejenisnya dengan panjang maks 5Meter)",7,inactive
5415,177,Waingapu,Nusa Tenggara Timur,Waingapu,Kupang,Nusa Tenggara Timur,kendaraan,Kendaraan,15,Golongan IV - Barang,vehicle,GOL IV B,Kendaraan penumpang roda 4 (pickup sejenis dengan bak / boks panjang maks 5Meter),5,inactive
5415,177,Waingapu,Nusa Tenggara Timur,Waingapu,Kupang,Nusa Tenggara Timur,kendaraan,Kendaraan,16,Golongan V - Penumpang,vehicle,GOL V A,Kendaraan penumpang (minibus/elf sejenis dengan panjang lebih dari 5-7Meter),16,inactive
5415,177,Waingapu,Nusa Tenggara Timur,Waingapu,Kupang,Nusa Tenggara Timur,kendaraan,Kendaraan,17,Golongan V - Barang,vehicle,GOL V B,Kendaraan barang (dengan bak/boks dan tangki sejenis dengan panjang lebih dari 5-7Meter),2,inactive
5415,177,Waingapu,Nusa Tenggara Timur,Waingapu,Kupang,Nusa Tenggara Timur,kendaraan,Kendaraan,18,Golongan VI - Penumpang,vehicle,GOL VI A,Kendaraan penumpang (bus dengan panjang lebih dari 7-10Meter),32,inactive
5415,177,Waingapu,Nusa Tenggara Timur,Waingapu,Kupang,Nusa Tenggara Timur,kendaraan,Kendaraan,19,Golongan VI - Barang,vehicle,GOL VI B,Kendaraan barang (dengan bak/boks dan tangki sejenis dengan panjang lebih dari 7-10m),2,inactive
5415,177,Waingapu,Nusa Tenggara Timur,Waingapu,Kupang,Nusa Tenggara Timur,kendaraan,Kendaraan,20,Golongan VII,vehicle,GOL VII,"Truk tronton / tangki, kereta penarik kendaraan berat dengan Panjang 10-12m",2,inactive
5415,177,Waingapu,Nusa Tenggara Timur,Waingapu,Kupang,Nusa Tenggara Timur,kendaraan,Kendaraan,21,Golongan VIII,vehicle,GOL VIII,"Truk tronton / tangki, kereta penarik kendaraan berat dengan Panjang lebih dari 12-16m",2,inactive
5415,177,Waingapu,Nusa Tenggara Timur,Waingapu,Kupang,Nusa Tenggara Timur,kendaraan,Kendaraan,22,Golongan IX,vehicle,GOL IX,"Truk tronton / tangki, kereta penarik kendaraan berat dengan Panjang lebih dari 16m & Alat Berat",2,inactive
436199,436,Waingapu,Nusa Tenggara Timur,Waingapu,Labuan Bajo,Nusa Tenggara Timur,pejalan-kaki,Pejalan Kaki,7,Dewasa Ekonomi,passenger,DEWASA,>2 Tahun,10,Inactive
436199,436,Waingapu,Nusa Tenggara Timur,Waingapu,Labuan Bajo,Nusa Tenggara Timur,pejalan-kaki,Pejalan Kaki,8,Anak - Anak Ekonomi,passenger,ANAK,2 - 5 Tahun,10,Inactive
436199,436,Waingapu,Nusa Tenggara Timur,Waingapu,Labuan Bajo,Nusa Tenggara Timur,kendaraan,Kendaraan,11,Golongan I,vehicle,GOL I,Sepeda Gayuh,1,inactive
436199,436,Waingapu,Nusa Tenggara Timur,Waingapu,Labuan Bajo,Nusa Tenggara Timur,kendaraan,Kendaraan,12,Golongan II ,vehicle,GOL II,Sepeda motor roda 2 di bawah 500 cc & gerobak dorong,2,inactive
436199,436,Waingapu,Nusa Tenggara Timur,Waingapu,Labuan Bajo,Nusa Tenggara Timur,kendaraan,Kendaraan,13,Golongan III,vehicle,GOL III,Sepeda motor besar lebih dari (500 cc) & Sepeda motor roda 3,2,inactive
436199,436,Waingapu,Nusa Tenggara Timur,Waingapu,Labuan Bajo,Nusa Tenggara Timur,kendaraan,Kendaraan,14,Golongan IV - Penumpang,vehicle,GOL IV A,"Kendaraan penumpang roda 4 (sedan, jeep dan sejenisnya dengan panjang maks 5Meter)",7,inactive
436199,436,Waingapu,Nusa Tenggara Timur,Waingapu,Labuan Bajo,Nusa Tenggara Timur,kendaraan,Kendaraan,15,Golongan IV - Barang,vehicle,GOL IV B,Kendaraan penumpang roda 4 (pickup sejenis dengan bak / boks panjang maks 5Meter),5,inactive
436199,436,Waingapu,Nusa Tenggara Timur,Waingapu,Labuan Bajo,Nusa Tenggara Timur,kendaraan,Kendaraan,16,Golongan V - Penumpang,vehicle,GOL V A,Kendaraan penumpang (minibus/elf sejenis dengan panjang lebih dari 5-7Meter),16,inactive
436199,436,Waingapu,Nusa Tenggara Timur,Waingapu,Labuan Bajo,Nusa Tenggara Timur,kendaraan,Kendaraan,17,Golongan V - Barang,vehicle,GOL V B,Kendaraan barang (dengan bak/boks dan tangki sejenis dengan panjang lebih dari 5-7Meter),2,inactive
436199,436,Waingapu,Nusa Tenggara Timur,Waingapu,Labuan Bajo,Nusa Tenggara Timur,kendaraan,Kendaraan,18,Golongan VI - Penumpang,vehicle,GOL VI A,Kendaraan penumpang (bus dengan panjang lebih dari 7-10Meter),32,inactive
436199,436,Waingapu,Nusa Tenggara Timur,Waingapu,Labuan Bajo,Nusa Tenggara Timur,kendaraan,Kendaraan,19,Golongan VI - Barang,vehicle,GOL VI B,Kendaraan barang (dengan bak/boks dan tangki sejenis dengan panjang lebih dari 7-10m),2,inactive
436199,436,Waingapu,Nusa Tenggara Timur,Waingapu,Labuan Bajo,Nusa Tenggara Timur,kendaraan,Kendaraan,20,Golongan VII,vehicle,GOL VII,"Truk tronton / tangki, kereta penarik kendaraan berat dengan Panjang 10-12m",2,inactive
436199,436,Waingapu,Nusa Tenggara Timur,Waingapu,Labuan Bajo,Nusa Tenggara Timur,kendaraan,Kendaraan,21,Golongan VIII,vehicle,GOL VIII,"Truk tronton / tangki, kereta penarik kendaraan berat dengan Panjang lebih dari 12-16m",2,inactive
436199,436,Waingapu,Nusa Tenggara Timur,Waingapu,Labuan Bajo,Nusa Tenggara Timur,kendaraan,Kendaraan,22,Golongan IX,vehicle,GOL IX,"Truk tronton / tangki, kereta penarik kendaraan berat dengan Panjang lebih dari 16m & Alat Berat",2,inactive
177342,177,Waingapu,Nusa Tenggara Timur,Waingapu,Raijua,Nusa Tenggara Timur,pejalan-kaki,Pejalan Kaki,7,Dewasa Ekonomi,passenger,DEWASA,>2 Tahun,10,Inactive
177342,177,Waingapu,Nusa Tenggara Timur,Waingapu,Raijua,Nusa Tenggara Timur,pejalan-kaki,Pejalan Kaki,5,Dewasa Bisnis I,passenger,DEWASA,>2 Tahun,10,Inactive
177342,177,Waingapu,Nusa Tenggara Timur,Waingapu,Raijua,Nusa Tenggara Timur,pejalan-kaki,Pejalan Kaki,8,Anak - Anak Ekonomi,passenger,ANAK,2 - 5 Tahun,10,Inactive
177342,177,Waingapu,Nusa Tenggara Timur,Waingapu,Raijua,Nusa Tenggara Timur,pejalan-kaki,Pejalan Kaki,6,Anak - Anak Bisnis I,passenger,ANAK,2 - 5 Tahun,10,Inactive
177342,177,Waingapu,Nusa Tenggara Timur,Waingapu,Raijua,Nusa Tenggara Timur,kendaraan,Kendaraan,11,Golongan I,vehicle,GOL I,Sepeda Gayuh,1,inactive
177342,177,Waingapu,Nusa Tenggara Timur,Waingapu,Raijua,Nusa Tenggara Timur,kendaraan,Kendaraan,12,Golongan II ,vehicle,GOL II,Sepeda motor roda 2 di bawah 500 cc & gerobak dorong,2,inactive
177342,177,Waingapu,Nusa Tenggara Timur,Waingapu,Raijua,Nusa Tenggara Timur,kendaraan,Kendaraan,13,Golongan III,vehicle,GOL III,Sepeda motor besar lebih dari (500 cc) & Sepeda motor roda 3,2,inactive
177342,177,Waingapu,Nusa Tenggara Timur,Waingapu,Raijua,Nusa Tenggara Timur,kendaraan,Kendaraan,14,Golongan IV - Penumpang,vehicle,GOL IV A,"Kendaraan penumpang roda 4 (sedan, jeep dan sejenisnya dengan panjang maks 5Meter)",7,inactive
177342,177,Waingapu,Nusa Tenggara Timur,Waingapu,Raijua,Nusa Tenggara Timur,kendaraan,Kendaraan,15,Golongan IV - Barang,vehicle,GOL IV B,Kendaraan penumpang roda 4 (pickup sejenis dengan bak / boks panjang maks 5Meter),5,inactive
177342,177,Waingapu,Nusa Tenggara Timur,Waingapu,Raijua,Nusa Tenggara Timur,kendaraan,Kendaraan,16,Golongan V - Penumpang,vehicle,GOL V A,Kendaraan penumpang (minibus/elf sejenis dengan panjang lebih dari 5-7Meter),16,inactive
177342,177,Waingapu,Nusa Tenggara Timur,Waingapu,Raijua,Nusa Tenggara Timur,kendaraan,Kendaraan,17,Golongan V - Barang,vehicle,GOL V B,Kendaraan barang (dengan bak/boks dan tangki sejenis dengan panjang lebih dari 5-7Meter),2,inactive
177342,177,Waingapu,Nusa Tenggara Timur,Waingapu,Raijua,Nusa Tenggara Timur,kendaraan,Kendaraan,18,Golongan VI - Penumpang,vehicle,GOL VI A,Kendaraan penumpang (bus dengan panjang lebih dari 7-10Meter),32,inactive
177342,177,Waingapu,Nusa Tenggara Timur,Waingapu,Raijua,Nusa Tenggara Timur,kendaraan,Kendaraan,19,Golongan VI - Barang,vehicle,GOL VI B,Kendaraan barang (dengan bak/boks dan tangki sejenis dengan panjang lebih dari 7-10m),2,inactive
177342,177,Waingapu,Nusa Tenggara Timur,Waingapu,Raijua,Nusa Tenggara Timur,kendaraan,Kendaraan,20,Golongan VII,vehicle,GOL VII,"Truk tronton / tangki, kereta penarik kendaraan berat dengan Panjang 10-12m",2,inactive
177342,177,Waingapu,Nusa Tenggara Timur,Waingapu,Raijua,Nusa Tenggara Timur,kendaraan,Kendaraan,21,Golongan VIII,vehicle,GOL VIII,"Truk tronton / tangki, kereta penarik kendaraan berat dengan Panjang lebih dari 12-16m",2,inactive
177342,177,Waingapu,Nusa Tenggara Timur,Waingapu,Raijua,Nusa Tenggara Timur,kendaraan,Kendaraan,22,Golongan IX,vehicle,GOL IX,"Truk tronton / tangki, kereta penarik kendaraan berat dengan Panjang lebih dari 16m & Alat Berat",2,inactive
5335,177,Waingapu,Nusa Tenggara Timur,Waingapu,Sabu,Nusa Tenggara Timur,pejalan-kaki,Pejalan Kaki,7,Dewasa Ekonomi,passenger,DEWASA,>2 Tahun,10,Inactive
5335,177,Waingapu,Nusa Tenggara Timur,Waingapu,Sabu,Nusa Tenggara Timur,pejalan-kaki,Pejalan Kaki,8,Anak - Anak Ekonomi,passenger,ANAK,2 - 5 Tahun,10,Inactive
5335,177,Waingapu,Nusa Tenggara Timur,Waingapu,Sabu,Nusa Tenggara Timur,kendaraan,Kendaraan,11,Golongan I,vehicle,GOL I,Sepeda Gayuh,1,inactive
5335,177,Waingapu,Nusa Tenggara Timur,Waingapu,Sabu,Nusa Tenggara Timur,kendaraan,Kendaraan,12,Golongan II ,vehicle,GOL II,Sepeda motor roda 2 di bawah 500 cc & gerobak dorong,2,inactive
5335,177,Waingapu,Nusa Tenggara Timur,Waingapu,Sabu,Nusa Tenggara Timur,kendaraan,Kendaraan,13,Golongan III,vehicle,GOL III,Sepeda motor besar lebih dari (500 cc) & Sepeda motor roda 3,2,inactive
5335,177,Waingapu,Nusa Tenggara Timur,Waingapu,Sabu,Nusa Tenggara Timur,kendaraan,Kendaraan,14,Golongan IV - Penumpang,vehicle,GOL IV A,"Kendaraan penumpang roda 4 (sedan, jeep dan sejenisnya dengan panjang maks 5Meter)",7,inactive
5335,177,Waingapu,Nusa Tenggara Timur,Waingapu,Sabu,Nusa Tenggara Timur,kendaraan,Kendaraan,15,Golongan IV - Barang,vehicle,GOL IV B,Kendaraan penumpang roda 4 (pickup sejenis dengan bak / boks panjang maks 5Meter),5,inactive
5335,177,Waingapu,Nusa Tenggara Timur,Waingapu,Sabu,Nusa Tenggara Timur,kendaraan,Kendaraan,16,Golongan V - Penumpang,vehicle,GOL V A,Kendaraan penumpang (minibus/elf sejenis dengan panjang lebih dari 5-7Meter),16,inactive
5335,177,Waingapu,Nusa Tenggara Timur,Waingapu,Sabu,Nusa Tenggara Timur,kendaraan,Kendaraan,17,Golongan V - Barang,vehicle,GOL V B,Kendaraan barang (dengan bak/boks dan tangki sejenis dengan panjang lebih dari 5-7Meter),2,inactive
5335,177,Waingapu,Nusa Tenggara Timur,Waingapu,Sabu,Nusa Tenggara Timur,kendaraan,Kendaraan,18,Golongan VI - Penumpang,vehicle,GOL VI A,Kendaraan penumpang (bus dengan panjang lebih dari 7-10Meter),32,inactive
5335,177,Waingapu,Nusa Tenggara Timur,Waingapu,Sabu,Nusa Tenggara Timur,kendaraan,Kendaraan,19,Golongan VI - Barang,vehicle,GOL VI B,Kendaraan barang (dengan bak/boks dan tangki sejenis dengan panjang lebih dari 7-10m),2,inactive
5335,177,Waingapu,Nusa Tenggara Timur,Waingapu,Sabu,Nusa Tenggara Timur,kendaraan,Kendaraan,20,Golongan VII,vehicle,GOL VII,"Truk tronton / tangki, kereta penarik kendaraan berat dengan Panjang 10-12m",2,inactive
5335,177,Waingapu,Nusa Tenggara Timur,Waingapu,Sabu,Nusa Tenggara Timur,kendaraan,Kendaraan,21,Golongan VIII,vehicle,GOL VIII,"Truk tronton / tangki, kereta penarik kendaraan berat dengan Panjang lebih dari 12-16m",2,inactive
5335,177,Waingapu,Nusa Tenggara Timur,Waingapu,Sabu,Nusa Tenggara Timur,kendaraan,Kendaraan,22,Golongan IX,vehicle,GOL IX,"Truk tronton / tangki, kereta penarik kendaraan berat dengan Panjang lebih dari 16m & Alat Berat",2,inactive
436200,436,Waingapu,Nusa Tenggara Timur,Waingapu,Sape,Nusa Tenggara Barat,pejalan-kaki,Pejalan Kaki,7,Dewasa Ekonomi,passenger,DEWASA,>2 Tahun,10,Inactive
436200,436,Waingapu,Nusa Tenggara Timur,Waingapu,Sape,Nusa Tenggara Barat,pejalan-kaki,Pejalan Kaki,5,Dewasa Bisnis I,passenger,DEWASA,>2 Tahun,10,Inactive
436200,436,Waingapu,Nusa Tenggara Timur,Waingapu,Sape,Nusa Tenggara Barat,pejalan-kaki,Pejalan Kaki,9,Bayi Ekonomi,passenger,BAYI,0 - 2 Tahun,10,Inactive
436200,436,Waingapu,Nusa Tenggara Timur,Waingapu,Sape,Nusa Tenggara Barat,pejalan-kaki,Pejalan Kaki,6,Anak - Anak Bisnis I,passenger,ANAK,2 - 5 Tahun,10,Inactive
436200,436,Waingapu,Nusa Tenggara Timur,Waingapu,Sape,Nusa Tenggara Barat,kendaraan,Kendaraan,11,Golongan I,vehicle,GOL I,Sepeda Gayuh,1,inactive
436200,436,Waingapu,Nusa Tenggara Timur,Waingapu,Sape,Nusa Tenggara Barat,kendaraan,Kendaraan,12,Golongan II ,vehicle,GOL II,Sepeda motor roda 2 di bawah 500 cc & gerobak dorong,2,inactive
436200,436,Waingapu,Nusa Tenggara Timur,Waingapu,Sape,Nusa Tenggara Barat,kendaraan,Kendaraan,13,Golongan III,vehicle,GOL III,Sepeda motor besar lebih dari (500 cc) & Sepeda motor roda 3,2,inactive
436200,436,Waingapu,Nusa Tenggara Timur,Waingapu,Sape,Nusa Tenggara Barat,kendaraan,Kendaraan,14,Golongan IV - Penumpang,vehicle,GOL IV A,"Kendaraan penumpang roda 4 (sedan, jeep dan sejenisnya dengan panjang maks 5Meter)",7,inactive
436200,436,Waingapu,Nusa Tenggara Timur,Waingapu,Sape,Nusa Tenggara Barat,kendaraan,Kendaraan,15,Golongan IV - Barang,vehicle,GOL IV B,Kendaraan penumpang roda 4 (pickup sejenis dengan bak / boks panjang maks 5Meter),5,inactive
436200,436,Waingapu,Nusa Tenggara Timur,Waingapu,Sape,Nusa Tenggara Barat,kendaraan,Kendaraan,16,Golongan V - Penumpang,vehicle,GOL V A,Kendaraan penumpang (minibus/elf sejenis dengan panjang lebih dari 5-7Meter),16,inactive
436200,436,Waingapu,Nusa Tenggara Timur,Waingapu,Sape,Nusa Tenggara Barat,kendaraan,Kendaraan,17,Golongan V - Barang,vehicle,GOL V B,Kendaraan barang (dengan bak/boks dan tangki sejenis dengan panjang lebih dari 5-7Meter),2,inactive
436200,436,Waingapu,Nusa Tenggara Timur,Waingapu,Sape,Nusa Tenggara Barat,kendaraan,Kendaraan,18,Golongan VI - Penumpang,vehicle,GOL VI A,Kendaraan penumpang (bus dengan panjang lebih dari 7-10Meter),32,inactive
436200,436,Waingapu,Nusa Tenggara Timur,Waingapu,Sape,Nusa Tenggara Barat,kendaraan,Kendaraan,19,Golongan VI - Barang,vehicle,GOL VI B,Kendaraan barang (dengan bak/boks dan tangki sejenis dengan panjang lebih dari 7-10m),2,inactive
436200,436,Waingapu,Nusa Tenggara Timur,Waingapu,Sape,Nusa Tenggara Barat,kendaraan,Kendaraan,20,Golongan VII,vehicle,GOL VII,"Truk tronton / tangki, kereta penarik kendaraan berat dengan Panjang 10-12m",2,inactive
436200,436,Waingapu,Nusa Tenggara Timur,Waingapu,Sape,Nusa Tenggara Barat,kendaraan,Kendaraan,21,Golongan VIII,vehicle,GOL VIII,"Truk tronton / tangki, kereta penarik kendaraan berat dengan Panjang lebih dari 12-16m",2,inactive
436200,436,Waingapu,Nusa Tenggara Timur,Waingapu,Sape,Nusa Tenggara Barat,kendaraan,Kendaraan,22,Golongan IX,vehicle,GOL IX,"Truk tronton / tangki, kereta penarik kendaraan berat dengan Panjang lebih dari 16m & Alat Berat",2,inactive
5485,95,Waipirit,Maluku,Waipirit,Hunimua,Maluku,pejalan-kaki,Pejalan Kaki,7,Dewasa Ekonomi,passenger,DEWASA,>2 Tahun,10,Inactive
5485,95,Waipirit,Maluku,Waipirit,Hunimua,Maluku,pejalan-kaki,Pejalan Kaki,1,Dewasa,passenger,DEWASA, >2 Tahun ,10,Inactive
5485,95,Waipirit,Maluku,Waipirit,Hunimua,Maluku,pejalan-kaki,Pejalan Kaki,5,Dewasa Bisnis I,passenger,DEWASA,>2 Tahun,10,Inactive
5485,95,Waipirit,Maluku,Waipirit,Hunimua,Maluku,pejalan-kaki,Pejalan Kaki,3,Dewasa Eksekutif,passenger,DEWASA, >2 Tahun ,10,Inactive
5485,95,Waipirit,Maluku,Waipirit,Hunimua,Maluku,pejalan-kaki,Pejalan Kaki,9,Bayi Ekonomi,passenger,BAYI,0 - 2 Tahun,10,Inactive
5485,95,Waipirit,Maluku,Waipirit,Hunimua,Maluku,pejalan-kaki,Pejalan Kaki,504,Bayi Bisnis,passenger,BAYI,0 - 2 Tahun,10,Inactive
5485,95,Waipirit,Maluku,Waipirit,Hunimua,Maluku,pejalan-kaki,Pejalan Kaki,505,Bayi Eksekutif,passenger,BAYI,0 - 2 Tahun,10,Inactive
5485,95,Waipirit,Maluku,Waipirit,Hunimua,Maluku,kendaraan,Kendaraan,11,Golongan I,vehicle,GOL I,Sepeda Gayuh,1,inactive
5485,95,Waipirit,Maluku,Waipirit,Hunimua,Maluku,kendaraan,Kendaraan,12,Golongan II ,vehicle,GOL II,Sepeda motor roda 2 di bawah 500 cc & gerobak dorong,2,inactive
5485,95,Waipirit,Maluku,Waipirit,Hunimua,Maluku,kendaraan,Kendaraan,13,Golongan III,vehicle,GOL III,Sepeda motor besar lebih dari (500 cc) & Sepeda motor roda 3,2,inactive
5485,95,Waipirit,Maluku,Waipirit,Hunimua,Maluku,kendaraan,Kendaraan,14,Golongan IV - Penumpang,vehicle,GOL IV A,"Kendaraan penumpang roda 4 (sedan, jeep dan sejenisnya dengan panjang maks 5Meter)",7,inactive
5485,95,Waipirit,Maluku,Waipirit,Hunimua,Maluku,kendaraan,Kendaraan,15,Golongan IV - Barang,vehicle,GOL IV B,Kendaraan penumpang roda 4 (pickup sejenis dengan bak / boks panjang maks 5Meter),5,active
5485,95,Waipirit,Maluku,Waipirit,Hunimua,Maluku,kendaraan,Kendaraan,16,Golongan V - Penumpang,vehicle,GOL V A,Kendaraan penumpang (minibus/elf sejenis dengan panjang lebih dari 5-7Meter),16,inactive
5485,95,Waipirit,Maluku,Waipirit,Hunimua,Maluku,kendaraan,Kendaraan,17,Golongan V - Barang,vehicle,GOL V B,Kendaraan barang (dengan bak/boks dan tangki sejenis dengan panjang lebih dari 5-7Meter),2,active
5485,95,Waipirit,Maluku,Waipirit,Hunimua,Maluku,kendaraan,Kendaraan,18,Golongan VI - Penumpang,vehicle,GOL VI A,Kendaraan penumpang (bus dengan panjang lebih dari 7-10Meter),32,inactive
5485,95,Waipirit,Maluku,Waipirit,Hunimua,Maluku,kendaraan,Kendaraan,19,Golongan VI - Barang,vehicle,GOL VI B,Kendaraan barang (dengan bak/boks dan tangki sejenis dengan panjang lebih dari 7-10m),2,active
5485,95,Waipirit,Maluku,Waipirit,Hunimua,Maluku,kendaraan,Kendaraan,20,Golongan VII,vehicle,GOL VII,"Truk tronton / tangki, kereta penarik kendaraan berat dengan Panjang 10-12m",2,active
5485,95,Waipirit,Maluku,Waipirit,Hunimua,Maluku,kendaraan,Kendaraan,21,Golongan VIII,vehicle,GOL VIII,"Truk tronton / tangki, kereta penarik kendaraan berat dengan Panjang lebih dari 12-16m",2,active
5485,95,Waipirit,Maluku,Waipirit,Hunimua,Maluku,kendaraan,Kendaraan,22,Golongan IX,vehicle,GOL IX,"Truk tronton / tangki, kereta penarik kendaraan berat dengan Panjang lebih dari 16m & Alat Berat",2,active
