routeId,originHarbourId,origin,destination,destinationProvince,serviceCategory,serviceId,serviceName,vehicleClass,departDate,departTime,scheduleId,quota,fareAmount,totalPrice,currency,status,statusCode,message
1023206,1023,Pulau Balang Lompo,Maccini Baji,,,,,,2026-08-23,,,,,,IDR,NO_SERVICE_TYPES,0,No service types configured for route
106113,106,Bastiong,Kayoa,Maluku Utara,Kendaraan,11,Golongan I,GOL I,2026-08-23,,,,,,IDR,SCHEDULE_DATA_NOT_FOUND,0,Gateway returned no schedule data for route
106113,106,Bastiong,Kayoa,Maluku Utara,Kendaraan,12,Golongan II ,GOL II,2026-08-23,,,,,,IDR,SCHEDULE_DATA_NOT_FOUND,0,Gateway returned no schedule data for route
106113,106,Bastiong,Kayoa,Maluku Utara,Kendaraan,13,Golongan III,GOL III,2026-08-23,,,,,,IDR,SCHEDULE_DATA_NOT_FOUND,0,Gateway returned no schedule data for route
106113,106,Bastiong,Kayoa,Maluku Utara,Kendaraan,14,Golongan IV - Penumpang,GOL IV A,2026-08-23,,,,,,IDR,SCHEDULE_DATA_NOT_FOUND,0,Gateway returned no schedule data for route
106113,106,Bastiong,Kayoa,Maluku Utara,Kendaraan,15,Golongan IV - Barang,GOL IV B,2026-08-23,,,,,,IDR,SCHEDULE_DATA_NOT_FOUND,0,Gateway returned no schedule data for route
106113,106,Bastiong,Kayoa,Maluku Utara,Kendaraan,16,Golongan V - Penumpang,GOL V A,2026-08-23,,,,,,IDR,SCHEDULE_DATA_NOT_FOUND,0,Gateway returned no schedule data for route
106113,106,Bastiong,Kayoa,Maluku Utara,Kendaraan,17,Golongan V - Barang,GOL V B,2026-08-23,,,,,,IDR,SCHEDULE_DATA_NOT_FOUND,0,Gateway returned no schedule data for route
106113,106,Bastiong,Kayoa,Maluku Utara,Kendaraan,18,Golongan VI - Penumpang,GOL VI A,2026-08-23,,,,,,IDR,SCHEDULE_DATA_NOT_FOUND,0,Gateway returned no schedule data for route
106113,106,Bastiong,Kayoa,Maluku Utara,Kendaraan,19,Golongan VI - Barang,GOL VI B,2026-08-23,,,,,,IDR,SCHEDULE_DATA_NOT_FOUND,0,Gateway returned no schedule data for route
106113,106,Bastiong,Kayoa,Maluku Utara,Kendaraan,20,Golongan VII,GOL VII,2026-08-23,,,,,,IDR,SCHEDULE_DATA_NOT_FOUND,0,Gateway returned no schedule data for route
106113,106,Bastiong,Kayoa,Maluku Utara,Kendaraan,21,Golongan VIII,GOL VIII,2026-08-23,,,,,,IDR,SCHEDULE_DATA_NOT_FOUND,0,Gateway returned no schedule data for route
106113,106,Bastiong,Kayoa,Maluku Utara,Kendaraan,22,Golongan IX,GOL IX,2026-08-23,,,,,,IDR,SCHEDULE_DATA_NOT_FOUND,0,Gateway returned no schedule data for route
106113,106,Bastiong,Kayoa,Maluku Utara,Pejalan Kaki,7,Dewasa Ekonomi,DEWASA,2026-08-23,,,,,,IDR,SCHEDULE_DATA_NOT_FOUND,0,Gateway returned no schedule data for route
106113,106,Bastiong,Kayoa,Maluku Utara,Pejalan Kaki,9,Bayi Ekonomi,BAYI,2026-08-23,,,,,,IDR,SCHEDULE_DATA_NOT_FOUND,0,Gateway returned no schedule data for route
106521,106,Bastiong,Bitung,Sulawesi Utara,Kendaraan,11,Golongan I,GOL I,2026-08-23,,,,,,IDR,NO_SCHEDULE_FOR_DATE,0,No departure slots found for date 2026-08-23 (1 total across other dates)
106521,106,Bastiong,Bitung,Sulawesi Utara,Kendaraan,12,Golongan II ,GOL II,2026-08-23,,,,,,IDR,NO_SCHEDULE_FOR_DATE,0,No departure slots found for date 2026-08-23 (1 total across other dates)
106521,106,Bastiong,Bitung,Sulawesi Utara,Kendaraan,13,Golongan III,GOL III,2026-08-23,,,,,,IDR,NO_SCHEDULE_FOR_DATE,0,No departure slots found for date 2026-08-23 (1 total across other dates)
106521,106,Bastiong,Bitung,Sulawesi Utara,Kendaraan,14,Golongan IV - Penumpang,GOL IV A,2026-08-23,,,,,,IDR,NO_SCHEDULE_FOR_DATE,0,No departure slots found for date 2026-08-23 (1 total across other dates)
106521,106,Bastiong,Bitung,Sulawesi Utara,Kendaraan,15,Golongan IV - Barang,GOL IV B,2026-08-23,,,,,,IDR,NO_SCHEDULE_FOR_DATE,0,No departure slots found for date 2026-08-23 (1 total across other dates)
106521,106,Bastiong,Bitung,Sulawesi Utara,Kendaraan,16,Golongan V - Penumpang,GOL V A,2026-08-23,,,,,,IDR,NO_SCHEDULE_FOR_DATE,0,No departure slots found for date 2026-08-23 (1 total across other dates)
106521,106,Bastiong,Bitung,Sulawesi Utara,Kendaraan,17,Golongan V - Barang,GOL V B,2026-08-23,,,,,,IDR,NO_SCHEDULE_FOR_DATE,0,No departure slots found for date 2026-08-23 (1 total across other dates)
106521,106,Bastiong,Bitung,Sulawesi Utara,Kendaraan,18,Golongan VI - Penumpang,GOL VI A,2026-08-23,,,,,,IDR,NO_SCHEDULE_FOR_DATE,0,No departure slots found for date 2026-08-23 (1 total across other dates)
106521,106,Bastiong,Bitung,Sulawesi Utara,Kendaraan,19,Golongan VI - Barang,GOL VI B,2026-08-23,,,,,,IDR,NO_SCHEDULE_FOR_DATE,0,No departure slots found for date 2026-08-23 (1 total across other dates)
106521,106,Bastiong,Bitung,Sulawesi Utara,Kendaraan,20,Golongan VII,GOL VII,2026-08-23,,,,,,IDR,NO_SCHEDULE_FOR_DATE,0,No departure slots found for date 2026-08-23 (1 total across other dates)
106521,106,Bastiong,Bitung,Sulawesi Utara,Kendaraan,21,Golongan VIII,GOL VIII,2026-08-23,,,,,,IDR,NO_SCHEDULE_FOR_DATE,0,No departure slots found for date 2026-08-23 (1 total across other dates)
106521,106,Bastiong,Bitung,Sulawesi Utara,Kendaraan,22,Golongan IX,GOL IX,2026-08-23,,,,,,IDR,NO_SCHEDULE_FOR_DATE,0,No departure slots found for date 2026-08-23 (1 total across other dates)
106521,106,Bastiong,Bitung,Sulawesi Utara,Pejalan Kaki,7,Dewasa Ekonomi,DEWASA,2026-08-23,,,,,,IDR,NO_SCHEDULE_FOR_DATE,0,No departure slots found for date 2026-08-23 (1 total across other dates)
106521,106,Bastiong,Bitung,Sulawesi Utara,Pejalan Kaki,9,Bayi Ekonomi,BAYI,2026-08-23,,,,,,IDR,NO_SCHEDULE_FOR_DATE,0,No departure slots found for date 2026-08-23 (1 total across other dates)
120,239,Bira,Pamatata,Sulawesi Selatan,Kendaraan,11,Golongan I,GOL I,2026-08-23,06:30,2627160930380750633,1,48300,48300,IDR,OK,200,Ship schedule found.
120,239,Bira,Pamatata,Sulawesi Selatan,Kendaraan,12,Golongan II ,GOL II,2026-08-23,06:30,2627160930380750633,0,82600,82600,IDR,OK,200,Ship schedule found.
120,239,Bira,Pamatata,Sulawesi Selatan,Kendaraan,13,Golongan III,GOL III,2026-08-23,06:30,2627160930380750633,1,105500,105500,IDR,OK,200,Ship schedule found.
120,239,Bira,Pamatata,Sulawesi Selatan,Kendaraan,14,Golongan IV - Penumpang,GOL IV A,2026-08-23,06:30,2627160930380750633,5,595900,595900,IDR,OK,200,Ship schedule found.
120,239,Bira,Pamatata,Sulawesi Selatan,Kendaraan,15,Golongan IV - Barang,GOL IV B,2026-08-23,06:30,2627160930380750633,0,444600,444600,IDR,OK,200,Ship schedule found.
120,239,Bira,Pamatata,Sulawesi Selatan,Kendaraan,16,Golongan V - Penumpang,GOL V A,2026-08-23,06:30,2627160930380750633,1,1075900,1075900,IDR,OK,200,Ship schedule found.
120,239,Bira,Pamatata,Sulawesi Selatan,Kendaraan,17,Golongan V - Barang,GOL V B,2026-08-23,06:30,2627160930380750633,0,643100,643100,IDR,OK,200,Ship schedule found.
120,239,Bira,Pamatata,Sulawesi Selatan,Kendaraan,18,Golongan VI - Penumpang,GOL VI A,2026-08-23,06:30,2627160930380750633,0,1710700,1710700,IDR,OK,200,Ship schedule found.
120,239,Bira,Pamatata,Sulawesi Selatan,Kendaraan,19,Golongan VI - Barang,GOL VI B,2026-08-23,06:30,2627160930380750633,0,905000,905000,IDR,OK,200,Ship schedule found.
120,239,Bira,Pamatata,Sulawesi Selatan,Kendaraan,20,Golongan VII,GOL VII,2026-08-23,06:30,2627160930380750633,0,1351700,1351700,IDR,OK,200,Ship schedule found.
120,239,Bira,Pamatata,Sulawesi Selatan,Kendaraan,21,Golongan VIII,GOL VIII,2026-08-23,06:30,2627160930380750633,0,1627000,1627000,IDR,OK,200,Ship schedule found.
120,239,Bira,Pamatata,Sulawesi Selatan,Kendaraan,22,Golongan IX,GOL IX,2026-08-23,06:30,2627160930380750633,0,3415100,3415100,IDR,OK,200,Ship schedule found.
120,239,Bira,Pamatata,Sulawesi Selatan,Pejalan Kaki,5,Dewasa Bisnis I,DEWASA,2026-08-23,06:30,2627160930380750633,0,44000,44000,IDR,OK,200,Ship schedule found.
120,239,Bira,Pamatata,Sulawesi Selatan,Pejalan Kaki,504,Bayi Bisnis,BAYI,2026-08-23,06:30,2627160930380750633,0,15500,15500,IDR,OK,200,Ship schedule found.
120,239,Bira,Pamatata,Sulawesi Selatan,Pejalan Kaki,525,SUPLESI BAYI EKONOMI KE BISNIS,SUPLESI,2026-08-23,06:30,2627160930380750633,0,11800,11800,IDR,OK,200,Ship schedule found.
120,239,Bira,Pamatata,Sulawesi Selatan,Pejalan Kaki,7,Dewasa Ekonomi,DEWASA,2026-08-23,06:30,2627160930380750633,248,33900,33900,IDR,OK,200,Ship schedule found.
120,239,Bira,Pamatata,Sulawesi Selatan,Pejalan Kaki,9,Bayi Ekonomi,BAYI,2026-08-23,06:30,2627160930380750633,0,3700,3700,IDR,OK,200,Ship schedule found.
121,244,Pamatata,Bira,Sulawesi Selatan,Kendaraan,11,Golongan I,GOL I,2026-08-23,04:30,2627160930380750696,0,48300,48300,IDR,OK,200,Ship schedule found.
121,244,Pamatata,Bira,Sulawesi Selatan,Kendaraan,12,Golongan II ,GOL II,2026-08-23,04:30,2627160930380750696,28,82600,82600,IDR,OK,200,Ship schedule found.
121,244,Pamatata,Bira,Sulawesi Selatan,Kendaraan,13,Golongan III,GOL III,2026-08-23,04:30,2627160930380750696,0,105500,105500,IDR,OK,200,Ship schedule found.
121,244,Pamatata,Bira,Sulawesi Selatan,Kendaraan,14,Golongan IV - Penumpang,GOL IV A,2026-08-23,04:30,2627160930380750696,7,595900,595900,IDR,OK,200,Ship schedule found.
121,244,Pamatata,Bira,Sulawesi Selatan,Kendaraan,15,Golongan IV - Barang,GOL IV B,2026-08-23,04:30,2627160930380750696,0,444600,444600,IDR,OK,200,Ship schedule found.
121,244,Pamatata,Bira,Sulawesi Selatan,Kendaraan,16,Golongan V - Penumpang,GOL V A,2026-08-23,04:30,2627160930380750696,1,1075900,1075900,IDR,OK,200,Ship schedule found.
121,244,Pamatata,Bira,Sulawesi Selatan,Kendaraan,17,Golongan V - Barang,GOL V B,2026-08-23,04:30,2627160930380750696,0,643100,643100,IDR,OK,200,Ship schedule found.
121,244,Pamatata,Bira,Sulawesi Selatan,Kendaraan,18,Golongan VI - Penumpang,GOL VI A,2026-08-23,04:30,2627160930380750696,0,1710700,1710700,IDR,OK,200,Ship schedule found.
121,244,Pamatata,Bira,Sulawesi Selatan,Kendaraan,19,Golongan VI - Barang,GOL VI B,2026-08-23,04:30,2627160930380750696,0,905000,905000,IDR,OK,200,Ship schedule found.
121,244,Pamatata,Bira,Sulawesi Selatan,Kendaraan,20,Golongan VII,GOL VII,2026-08-23,04:30,2627160930380750696,0,1351700,1351700,IDR,OK,200,Ship schedule found.
121,244,Pamatata,Bira,Sulawesi Selatan,Kendaraan,21,Golongan VIII,GOL VIII,2026-08-23,04:30,2627160930380750696,0,1627000,1627000,IDR,OK,200,Ship schedule found.
121,244,Pamatata,Bira,Sulawesi Selatan,Kendaraan,22,Golongan IX,GOL IX,2026-08-23,04:30,2627160930380750696,0,3415100,3415100,IDR,OK,200,Ship schedule found.
121,244,Pamatata,Bira,Sulawesi Selatan,Pejalan Kaki,5,Dewasa Bisnis I,DEWASA,2026-08-23,04:30,2627160930380750696,0,44000,44000,IDR,OK,200,Ship schedule found.
121,244,Pamatata,Bira,Sulawesi Selatan,Pejalan Kaki,504,Bayi Bisnis,BAYI,2026-08-23,04:30,2627160930380750696,0,15500,15500,IDR,OK,200,Ship schedule found.
121,244,Pamatata,Bira,Sulawesi Selatan,Pejalan Kaki,525,SUPLESI BAYI EKONOMI KE BISNIS,SUPLESI,2026-08-23,04:30,2627160930380750696,0,11800,11800,IDR,OK,200,Ship schedule found.
121,244,Pamatata,Bira,Sulawesi Selatan,Pejalan Kaki,7,Dewasa Ekonomi,DEWASA,2026-08-23,04:30,2627160930380750696,248,33900,33900,IDR,OK,200,Ship schedule found.
121,244,Pamatata,Bira,Sulawesi Selatan,Pejalan Kaki,9,Bayi Ekonomi,BAYI,2026-08-23,04:30,2627160930380750696,30,3700,3700,IDR,OK,200,Ship schedule found.
122,29,Padang,Tua Pejat,Sumatera Barat,Kendaraan,11,Golongan I,GOL I,2026-08-23,,,,,,IDR,NO_SCHEDULE_FOR_DATE,0,No departure slots found for date 2026-08-23 (4 total across other dates)
122,29,Padang,Tua Pejat,Sumatera Barat,Kendaraan,12,Golongan II ,GOL II,2026-08-23,,,,,,IDR,NO_SCHEDULE_FOR_DATE,0,No departure slots found for date 2026-08-23 (4 total across other dates)
122,29,Padang,Tua Pejat,Sumatera Barat,Kendaraan,13,Golongan III,GOL III,2026-08-23,,,,,,IDR,NO_SCHEDULE_FOR_DATE,0,No departure slots found for date 2026-08-23 (4 total across other dates)
122,29,Padang,Tua Pejat,Sumatera Barat,Kendaraan,14,Golongan IV - Penumpang,GOL IV A,2026-08-23,,,,,,IDR,NO_SCHEDULE_FOR_DATE,0,No departure slots found for date 2026-08-23 (4 total across other dates)
122,29,Padang,Tua Pejat,Sumatera Barat,Kendaraan,15,Golongan IV - Barang,GOL IV B,2026-08-23,,,,,,IDR,NO_SCHEDULE_FOR_DATE,0,No departure slots found for date 2026-08-23 (4 total across other dates)
122,29,Padang,Tua Pejat,Sumatera Barat,Kendaraan,16,Golongan V - Penumpang,GOL V A,2026-08-23,,,,,,IDR,NO_SCHEDULE_FOR_DATE,0,No departure slots found for date 2026-08-23 (4 total across other dates)
122,29,Padang,Tua Pejat,Sumatera Barat,Kendaraan,17,Golongan V - Barang,GOL V B,2026-08-23,,,,,,IDR,NO_SCHEDULE_FOR_DATE,0,No departure slots found for date 2026-08-23 (4 total across other dates)
122,29,Padang,Tua Pejat,Sumatera Barat,Kendaraan,18,Golongan VI - Penumpang,GOL VI A,2026-08-23,,,,,,IDR,NO_SCHEDULE_FOR_DATE,0,No departure slots found for date 2026-08-23 (4 total across other dates)
122,29,Padang,Tua Pejat,Sumatera Barat,Kendaraan,19,Golongan VI - Barang,GOL VI B,2026-08-23,,,,,,IDR,NO_SCHEDULE_FOR_DATE,0,No departure slots found for date 2026-08-23 (4 total across other dates)
122,29,Padang,Tua Pejat,Sumatera Barat,Kendaraan,20,Golongan VII,GOL VII,2026-08-23,,,,,,IDR,NO_SCHEDULE_FOR_DATE,0,No departure slots found for date 2026-08-23 (4 total across other dates)
122,29,Padang,Tua Pejat,Sumatera Barat,Kendaraan,21,Golongan VIII,GOL VIII,2026-08-23,,,,,,IDR,NO_SCHEDULE_FOR_DATE,0,No departure slots found for date 2026-08-23 (4 total across other dates)
122,29,Padang,Tua Pejat,Sumatera Barat,Kendaraan,22,Golongan IX,GOL IX,2026-08-23,,,,,,IDR,NO_SCHEDULE_FOR_DATE,0,No departure slots found for date 2026-08-23 (4 total across other dates)
122,29,Padang,Tua Pejat,Sumatera Barat,Pejalan Kaki,7,Dewasa Ekonomi,DEWASA,2026-08-23,,,,,,IDR,NO_SCHEDULE_FOR_DATE,0,No departure slots found for date 2026-08-23 (4 total across other dates)
122,29,Padang,Tua Pejat,Sumatera Barat,Pejalan Kaki,9,Bayi Ekonomi,BAYI,2026-08-23,,,,,,IDR,NO_SCHEDULE_FOR_DATE,0,No departure slots found for date 2026-08-23 (4 total across other dates)
127,31,Tua Pejat,Padang,Sumatera Barat,Kendaraan,11,Golongan I,GOL I,2026-08-23,,,,,,IDR,NO_SCHEDULE_FOR_DATE,0,No departure slots found for date 2026-08-23 (3 total across other dates)
127,31,Tua Pejat,Padang,Sumatera Barat,Kendaraan,12,Golongan II ,GOL II,2026-08-23,,,,,,IDR,NO_SCHEDULE_FOR_DATE,0,No departure slots found for date 2026-08-23 (3 total across other dates)
127,31,Tua Pejat,Padang,Sumatera Barat,Kendaraan,13,Golongan III,GOL III,2026-08-23,,,,,,IDR,NO_SCHEDULE_FOR_DATE,0,No departure slots found for date 2026-08-23 (3 total across other dates)
127,31,Tua Pejat,Padang,Sumatera Barat,Kendaraan,14,Golongan IV - Penumpang,GOL IV A,2026-08-23,,,,,,IDR,NO_SCHEDULE_FOR_DATE,0,No departure slots found for date 2026-08-23 (3 total across other dates)
127,31,Tua Pejat,Padang,Sumatera Barat,Kendaraan,15,Golongan IV - Barang,GOL IV B,2026-08-23,,,,,,IDR,NO_SCHEDULE_FOR_DATE,0,No departure slots found for date 2026-08-23 (3 total across other dates)
127,31,Tua Pejat,Padang,Sumatera Barat,Kendaraan,16,Golongan V - Penumpang,GOL V A,2026-08-23,,,,,,IDR,NO_SCHEDULE_FOR_DATE,0,No departure slots found for date 2026-08-23 (3 total across other dates)
127,31,Tua Pejat,Padang,Sumatera Barat,Kendaraan,17,Golongan V - Barang,GOL V B,2026-08-23,,,,,,IDR,NO_SCHEDULE_FOR_DATE,0,No departure slots found for date 2026-08-23 (3 total across other dates)
127,31,Tua Pejat,Padang,Sumatera Barat,Kendaraan,18,Golongan VI - Penumpang,GOL VI A,2026-08-23,,,,,,IDR,NO_SCHEDULE_FOR_DATE,0,No departure slots found for date 2026-08-23 (3 total across other dates)
127,31,Tua Pejat,Padang,Sumatera Barat,Kendaraan,19,Golongan VI - Barang,GOL VI B,2026-08-23,,,,,,IDR,NO_SCHEDULE_FOR_DATE,0,No departure slots found for date 2026-08-23 (3 total across other dates)
127,31,Tua Pejat,Padang,Sumatera Barat,Kendaraan,20,Golongan VII,GOL VII,2026-08-23,,,,,,IDR,NO_SCHEDULE_FOR_DATE,0,No departure slots found for date 2026-08-23 (3 total across other dates)
127,31,Tua Pejat,Padang,Sumatera Barat,Kendaraan,21,Golongan VIII,GOL VIII,2026-08-23,,,,,,IDR,NO_SCHEDULE_FOR_DATE,0,No departure slots found for date 2026-08-23 (3 total across other dates)
127,31,Tua Pejat,Padang,Sumatera Barat,Kendaraan,22,Golongan IX,GOL IX,2026-08-23,,,,,,IDR,NO_SCHEDULE_FOR_DATE,0,No departure slots found for date 2026-08-23 (3 total across other dates)
127,31,Tua Pejat,Padang,Sumatera Barat,Pejalan Kaki,7,Dewasa Ekonomi,DEWASA,2026-08-23,,,,,,IDR,NO_SCHEDULE_FOR_DATE,0,No departure slots found for date 2026-08-23 (3 total across other dates)
127,31,Tua Pejat,Padang,Sumatera Barat,Pejalan Kaki,9,Bayi Ekonomi,BAYI,2026-08-23,,,,,,IDR,NO_SCHEDULE_FOR_DATE,0,No departure slots found for date 2026-08-23 (3 total across other dates)
1406,171,Kupang,Larantuka,Nusa Tenggara Timur,Kendaraan,11,Golongan I,GOL I,2026-08-23,,,,,,IDR,SCHEDULE_DATA_NOT_FOUND,0,Gateway returned no schedule data for route
1406,171,Kupang,Larantuka,Nusa Tenggara Timur,Kendaraan,12,Golongan II ,GOL II,2026-08-23,,,,,,IDR,SCHEDULE_DATA_NOT_FOUND,0,Gateway returned no schedule data for route
1406,171,Kupang,Larantuka,Nusa Tenggara Timur,Kendaraan,13,Golongan III,GOL III,2026-08-23,,,,,,IDR,SCHEDULE_DATA_NOT_FOUND,0,Gateway returned no schedule data for route
1406,171,Kupang,Larantuka,Nusa Tenggara Timur,Kendaraan,14,Golongan IV - Penumpang,GOL IV A,2026-08-23,,,,,,IDR,SCHEDULE_DATA_NOT_FOUND,0,Gateway returned no schedule data for route
1406,171,Kupang,Larantuka,Nusa Tenggara Timur,Kendaraan,15,Golongan IV - Barang,GOL IV B,2026-08-23,,,,,,IDR,SCHEDULE_DATA_NOT_FOUND,0,Gateway returned no schedule data for route
1406,171,Kupang,Larantuka,Nusa Tenggara Timur,Kendaraan,16,Golongan V - Penumpang,GOL V A,2026-08-23,,,,,,IDR,SCHEDULE_DATA_NOT_FOUND,0,Gateway returned no schedule data for route
1406,171,Kupang,Larantuka,Nusa Tenggara Timur,Kendaraan,17,Golongan V - Barang,GOL V B,2026-08-23,,,,,,IDR,SCHEDULE_DATA_NOT_FOUND,0,Gateway returned no schedule data for route
1406,171,Kupang,Larantuka,Nusa Tenggara Timur,Kendaraan,18,Golongan VI - Penumpang,GOL VI A,2026-08-23,,,,,,IDR,SCHEDULE_DATA_NOT_FOUND,0,Gateway returned no schedule data for route
1406,171,Kupang,Larantuka,Nusa Tenggara Timur,Kendaraan,19,Golongan VI - Barang,GOL VI B,2026-08-23,,,,,,IDR,SCHEDULE_DATA_NOT_FOUND,0,Gateway returned no schedule data for route
1406,171,Kupang,Larantuka,Nusa Tenggara Timur,Kendaraan,20,Golongan VII,GOL VII,2026-08-23,,,,,,IDR,SCHEDULE_DATA_NOT_FOUND,0,Gateway returned no schedule data for route
1406,171,Kupang,Larantuka,Nusa Tenggara Timur,Kendaraan,21,Golongan VIII,GOL VIII,2026-08-23,,,,,,IDR,SCHEDULE_DATA_NOT_FOUND,0,Gateway returned no schedule data for route
1406,171,Kupang,Larantuka,Nusa Tenggara Timur,Kendaraan,22,Golongan IX,GOL IX,2026-08-23,,,,,,IDR,SCHEDULE_DATA_NOT_FOUND,0,Gateway returned no schedule data for route
1406,171,Kupang,Larantuka,Nusa Tenggara Timur,Pejalan Kaki,5,Dewasa Bisnis I,DEWASA,2026-08-23,,,,,,IDR,SCHEDULE_DATA_NOT_FOUND,0,Gateway returned no schedule data for route
1406,171,Kupang,Larantuka,Nusa Tenggara Timur,Pejalan Kaki,6,Anak - Anak Bisnis I,ANAK,2026-08-23,,,,,,IDR,SCHEDULE_DATA_NOT_FOUND,0,Gateway returned no schedule data for route
1406,171,Kupang,Larantuka,Nusa Tenggara Timur,Pejalan Kaki,7,Dewasa Ekonomi,DEWASA,2026-08-23,,,,,,IDR,SCHEDULE_DATA_NOT_FOUND,0,Gateway returned no schedule data for route
1406,171,Kupang,Larantuka,Nusa Tenggara Timur,Pejalan Kaki,8,Anak - Anak Ekonomi,ANAK,2026-08-23,,,,,,IDR,SCHEDULE_DATA_NOT_FOUND,0,Gateway returned no schedule data for route
1407,173,Larantuka,Kupang,Nusa Tenggara Timur,Kendaraan,11,Golongan I,GOL I,2026-08-23,,,,,,IDR,SCHEDULE_DATA_NOT_FOUND,0,Gateway returned no schedule data for route
1407,173,Larantuka,Kupang,Nusa Tenggara Timur,Kendaraan,12,Golongan II ,GOL II,2026-08-23,,,,,,IDR,SCHEDULE_DATA_NOT_FOUND,0,Gateway returned no schedule data for route
1407,173,Larantuka,Kupang,Nusa Tenggara Timur,Kendaraan,13,Golongan III,GOL III,2026-08-23,,,,,,IDR,SCHEDULE_DATA_NOT_FOUND,0,Gateway returned no schedule data for route
1407,173,Larantuka,Kupang,Nusa Tenggara Timur,Kendaraan,14,Golongan IV - Penumpang,GOL IV A,2026-08-23,,,,,,IDR,SCHEDULE_DATA_NOT_FOUND,0,Gateway returned no schedule data for route
1407,173,Larantuka,Kupang,Nusa Tenggara Timur,Kendaraan,15,Golongan IV - Barang,GOL IV B,2026-08-23,,,,,,IDR,SCHEDULE_DATA_NOT_FOUND,0,Gateway returned no schedule data for route
1407,173,Larantuka,Kupang,Nusa Tenggara Timur,Kendaraan,16,Golongan V - Penumpang,GOL V A,2026-08-23,,,,,,IDR,SCHEDULE_DATA_NOT_FOUND,0,Gateway returned no schedule data for route
1407,173,Larantuka,Kupang,Nusa Tenggara Timur,Kendaraan,17,Golongan V - Barang,GOL V B,2026-08-23,,,,,,IDR,SCHEDULE_DATA_NOT_FOUND,0,Gateway returned no schedule data for route
1407,173,Larantuka,Kupang,Nusa Tenggara Timur,Kendaraan,18,Golongan VI - Penumpang,GOL VI A,2026-08-23,,,,,,IDR,SCHEDULE_DATA_NOT_FOUND,0,Gateway returned no schedule data for route
1407,173,Larantuka,Kupang,Nusa Tenggara Timur,Kendaraan,19,Golongan VI - Barang,GOL VI B,2026-08-23,,,,,,IDR,SCHEDULE_DATA_NOT_FOUND,0,Gateway returned no schedule data for route
1407,173,Larantuka,Kupang,Nusa Tenggara Timur,Kendaraan,20,Golongan VII,GOL VII,2026-08-23,,,,,,IDR,SCHEDULE_DATA_NOT_FOUND,0,Gateway returned no schedule data for route
1407,173,Larantuka,Kupang,Nusa Tenggara Timur,Kendaraan,21,Golongan VIII,GOL VIII,2026-08-23,,,,,,IDR,SCHEDULE_DATA_NOT_FOUND,0,Gateway returned no schedule data for route
1407,173,Larantuka,Kupang,Nusa Tenggara Timur,Kendaraan,22,Golongan IX,GOL IX,2026-08-23,,,,,,IDR,SCHEDULE_DATA_NOT_FOUND,0,Gateway returned no schedule data for route
1407,173,Larantuka,Kupang,Nusa Tenggara Timur,Pejalan Kaki,5,Dewasa Bisnis I,DEWASA,2026-08-23,,,,,,IDR,SCHEDULE_DATA_NOT_FOUND,0,Gateway returned no schedule data for route
1407,173,Larantuka,Kupang,Nusa Tenggara Timur,Pejalan Kaki,6,Anak - Anak Bisnis I,ANAK,2026-08-23,,,,,,IDR,SCHEDULE_DATA_NOT_FOUND,0,Gateway returned no schedule data for route
1407,173,Larantuka,Kupang,Nusa Tenggara Timur,Pejalan Kaki,7,Dewasa Ekonomi,DEWASA,2026-08-23,,,,,,IDR,SCHEDULE_DATA_NOT_FOUND,0,Gateway returned no schedule data for route
1407,173,Larantuka,Kupang,Nusa Tenggara Timur,Pejalan Kaki,8,Anak - Anak Ekonomi,ANAK,2026-08-23,,,,,,IDR,SCHEDULE_DATA_NOT_FOUND,0,Gateway returned no schedule data for route
1514,15,Ulee Lheue,Balohan,Aceh,Kendaraan,11,Golongan I,GOL I,2026-08-23,10:30,2627160930380753790,2,40000,40000,IDR,OK,200,Ship schedule found.
1514,15,Ulee Lheue,Balohan,Aceh,Kendaraan,12,Golongan II ,GOL II,2026-08-23,10:30,2627160930380753790,62,68000,68000,IDR,OK,200,Ship schedule found.
1514,15,Ulee Lheue,Balohan,Aceh,Kendaraan,13,Golongan III,GOL III,2026-08-23,10:30,2627160930380753790,2,145000,145000,IDR,OK,200,Ship schedule found.
1514,15,Ulee Lheue,Balohan,Aceh,Kendaraan,14,Golongan IV - Penumpang,GOL IV A,2026-08-23,10:30,2627160930380753790,5,457000,457000,IDR,OK,200,Ship schedule found.
1514,15,Ulee Lheue,Balohan,Aceh,Kendaraan,15,Golongan IV - Barang,GOL IV B,2026-08-23,10:30,2627160930380753790,6,349000,349000,IDR,OK,200,Ship schedule found.
1514,15,Ulee Lheue,Balohan,Aceh,Kendaraan,16,Golongan V - Penumpang,GOL V A,2026-08-23,10:30,2627160930380753790,1,985000,985000,IDR,OK,200,Ship schedule found.
1514,15,Ulee Lheue,Balohan,Aceh,Kendaraan,17,Golongan V - Barang,GOL V B,2026-08-23,10:30,2627160930380753790,1,627000,627000,IDR,OK,200,Ship schedule found.
1514,15,Ulee Lheue,Balohan,Aceh,Kendaraan,18,Golongan VI - Penumpang,GOL VI A,2026-08-23,10:30,2627160930380753790,0,1612000,1612000,IDR,OK,200,Ship schedule found.
1514,15,Ulee Lheue,Balohan,Aceh,Kendaraan,19,Golongan VI - Barang,GOL VI B,2026-08-23,10:30,2627160930380753790,1,934000,934000,IDR,OK,200,Ship schedule found.
1514,15,Ulee Lheue,Balohan,Aceh,Kendaraan,20,Golongan VII,GOL VII,2026-08-23,10:30,2627160930380753790,0,1289000,1289000,IDR,OK,200,Ship schedule found.
1514,15,Ulee Lheue,Balohan,Aceh,Kendaraan,21,Golongan VIII,GOL VIII,2026-08-23,10:30,2627160930380753790,0,1704000,1704000,IDR,OK,200,Ship schedule found.
1514,15,Ulee Lheue,Balohan,Aceh,Kendaraan,22,Golongan IX,GOL IX,2026-08-23,10:30,2627160930380753790,0,2415000,2415000,IDR,OK,200,Ship schedule found.
1514,15,Ulee Lheue,Balohan,Aceh,Pejalan Kaki,7,Dewasa Ekonomi,DEWASA,2026-08-23,10:30,2627160930380753790,0,35000,35000,IDR,OK,200,Ship schedule found.
1514,15,Ulee Lheue,Balohan,Aceh,Pejalan Kaki,9,Bayi Ekonomi,BAYI,2026-08-23,10:30,2627160930380753790,8,4200,4200,IDR,OK,200,Ship schedule found.
1516,14,Balohan,Ulee Lheue,Aceh,Kendaraan,11,Golongan I,GOL I,2026-08-23,07:30,2627160930380753783,2,42000,42000,IDR,OK,200,Ship schedule found.
1516,14,Balohan,Ulee Lheue,Aceh,Kendaraan,12,Golongan II ,GOL II,2026-08-23,07:30,2627160930380753783,78,70000,70000,IDR,OK,200,Ship schedule found.
1516,14,Balohan,Ulee Lheue,Aceh,Kendaraan,13,Golongan III,GOL III,2026-08-23,07:30,2627160930380753783,2,147000,147000,IDR,OK,200,Ship schedule found.
1516,14,Balohan,Ulee Lheue,Aceh,Kendaraan,14,Golongan IV - Penumpang,GOL IV A,2026-08-23,07:30,2627160930380753783,11,459000,459000,IDR,OK,200,Ship schedule found.
1516,14,Balohan,Ulee Lheue,Aceh,Kendaraan,15,Golongan IV - Barang,GOL IV B,2026-08-23,07:30,2627160930380753783,7,351000,351000,IDR,OK,200,Ship schedule found.
1516,14,Balohan,Ulee Lheue,Aceh,Kendaraan,16,Golongan V - Penumpang,GOL V A,2026-08-23,07:30,2627160930380753783,1,987000,987000,IDR,OK,200,Ship schedule found.
1516,14,Balohan,Ulee Lheue,Aceh,Kendaraan,17,Golongan V - Barang,GOL V B,2026-08-23,07:30,2627160930380753783,0,629000,629000,IDR,OK,200,Ship schedule found.
1516,14,Balohan,Ulee Lheue,Aceh,Kendaraan,18,Golongan VI - Penumpang,GOL VI A,2026-08-23,07:30,2627160930380753783,0,1614000,1614000,IDR,OK,200,Ship schedule found.
1516,14,Balohan,Ulee Lheue,Aceh,Kendaraan,19,Golongan VI - Barang,GOL VI B,2026-08-23,07:30,2627160930380753783,0,936000,936000,IDR,OK,200,Ship schedule found.
1516,14,Balohan,Ulee Lheue,Aceh,Kendaraan,20,Golongan VII,GOL VII,2026-08-23,07:30,2627160930380753783,0,1293000,1293000,IDR,OK,200,Ship schedule found.
1516,14,Balohan,Ulee Lheue,Aceh,Kendaraan,21,Golongan VIII,GOL VIII,2026-08-23,07:30,2627160930380753783,0,1708000,1708000,IDR,OK,200,Ship schedule found.
1516,14,Balohan,Ulee Lheue,Aceh,Kendaraan,22,Golongan IX,GOL IX,2026-08-23,07:30,2627160930380753783,0,2419000,2419000,IDR,OK,200,Ship schedule found.
1516,14,Balohan,Ulee Lheue,Aceh,Pejalan Kaki,7,Dewasa Ekonomi,DEWASA,2026-08-23,07:30,2627160930380753783,168,37000,37000,IDR,OK,200,Ship schedule found.
1516,14,Balohan,Ulee Lheue,Aceh,Pejalan Kaki,9,Bayi Ekonomi,BAYI,2026-08-23,07:30,2627160930380753783,10,6200,6200,IDR,OK,200,Ship schedule found.
174191,174,Kalabahi,Naikliu,Nusa Tenggara Timur,,,,,2026-08-23,,,,,,IDR,NO_SERVICE_TYPES,0,No service types configured for route
174531,174,Kalabahi,Pura,Nusa Tenggara Timur,Kendaraan,11,Golongan I,GOL I,2026-08-23,,,,,,IDR,SCHEDULE_DATA_NOT_FOUND,0,Gateway returned no schedule data for route
174531,174,Kalabahi,Pura,Nusa Tenggara Timur,Kendaraan,12,Golongan II ,GOL II,2026-08-23,,,,,,IDR,SCHEDULE_DATA_NOT_FOUND,0,Gateway returned no schedule data for route
174531,174,Kalabahi,Pura,Nusa Tenggara Timur,Kendaraan,13,Golongan III,GOL III,2026-08-23,,,,,,IDR,SCHEDULE_DATA_NOT_FOUND,0,Gateway returned no schedule data for route
174531,174,Kalabahi,Pura,Nusa Tenggara Timur,Kendaraan,14,Golongan IV - Penumpang,GOL IV A,2026-08-23,,,,,,IDR,SCHEDULE_DATA_NOT_FOUND,0,Gateway returned no schedule data for route
174531,174,Kalabahi,Pura,Nusa Tenggara Timur,Kendaraan,15,Golongan IV - Barang,GOL IV B,2026-08-23,,,,,,IDR,SCHEDULE_DATA_NOT_FOUND,0,Gateway returned no schedule data for route
174531,174,Kalabahi,Pura,Nusa Tenggara Timur,Kendaraan,16,Golongan V - Penumpang,GOL V A,2026-08-23,,,,,,IDR,SCHEDULE_DATA_NOT_FOUND,0,Gateway returned no schedule data for route
174531,174,Kalabahi,Pura,Nusa Tenggara Timur,Kendaraan,17,Golongan V - Barang,GOL V B,2026-08-23,,,,,,IDR,SCHEDULE_DATA_NOT_FOUND,0,Gateway returned no schedule data for route
174531,174,Kalabahi,Pura,Nusa Tenggara Timur,Kendaraan,18,Golongan VI - Penumpang,GOL VI A,2026-08-23,,,,,,IDR,SCHEDULE_DATA_NOT_FOUND,0,Gateway returned no schedule data for route
174531,174,Kalabahi,Pura,Nusa Tenggara Timur,Kendaraan,19,Golongan VI - Barang,GOL VI B,2026-08-23,,,,,,IDR,SCHEDULE_DATA_NOT_FOUND,0,Gateway returned no schedule data for route
174531,174,Kalabahi,Pura,Nusa Tenggara Timur,Kendaraan,20,Golongan VII,GOL VII,2026-08-23,,,,,,IDR,SCHEDULE_DATA_NOT_FOUND,0,Gateway returned no schedule data for route
174531,174,Kalabahi,Pura,Nusa Tenggara Timur,Kendaraan,21,Golongan VIII,GOL VIII,2026-08-23,,,,,,IDR,SCHEDULE_DATA_NOT_FOUND,0,Gateway returned no schedule data for route
174531,174,Kalabahi,Pura,Nusa Tenggara Timur,Kendaraan,22,Golongan IX,GOL IX,2026-08-23,,,,,,IDR,SCHEDULE_DATA_NOT_FOUND,0,Gateway returned no schedule data for route
174531,174,Kalabahi,Pura,Nusa Tenggara Timur,Pejalan Kaki,7,Dewasa Ekonomi,DEWASA,2026-08-23,,,,,,IDR,SCHEDULE_DATA_NOT_FOUND,0,Gateway returned no schedule data for route
174531,174,Kalabahi,Pura,Nusa Tenggara Timur,Pejalan Kaki,8,Anak - Anak Ekonomi,ANAK,2026-08-23,,,,,,IDR,SCHEDULE_DATA_NOT_FOUND,0,Gateway returned no schedule data for route
18,10,Bawean,Gresik,Jawa Timur,Kendaraan,11,Golongan I,GOL I,2026-08-23,,,,,,IDR,NO_SCHEDULE_FOR_DATE,0,No departure slots found for date 2026-08-23 (2 total across other dates)
18,10,Bawean,Gresik,Jawa Timur,Kendaraan,12,Golongan II ,GOL II,2026-08-23,,,,,,IDR,NO_SCHEDULE_FOR_DATE,0,No departure slots found for date 2026-08-23 (2 total across other dates)
18,10,Bawean,Gresik,Jawa Timur,Kendaraan,13,Golongan III,GOL III,2026-08-23,,,,,,IDR,NO_SCHEDULE_FOR_DATE,0,No departure slots found for date 2026-08-23 (2 total across other dates)
18,10,Bawean,Gresik,Jawa Timur,Kendaraan,14,Golongan IV - Penumpang,GOL IV A,2026-08-23,,,,,,IDR,NO_SCHEDULE_FOR_DATE,0,No departure slots found for date 2026-08-23 (2 total across other dates)
18,10,Bawean,Gresik,Jawa Timur,Kendaraan,15,Golongan IV - Barang,GOL IV B,2026-08-23,,,,,,IDR,NO_SCHEDULE_FOR_DATE,0,No departure slots found for date 2026-08-23 (2 total across other dates)
18,10,Bawean,Gresik,Jawa Timur,Kendaraan,16,Golongan V - Penumpang,GOL V A,2026-08-23,,,,,,IDR,NO_SCHEDULE_FOR_DATE,0,No departure slots found for date 2026-08-23 (2 total across other dates)
18,10,Bawean,Gresik,Jawa Timur,Kendaraan,17,Golongan V - Barang,GOL V B,2026-08-23,,,,,,IDR,NO_SCHEDULE_FOR_DATE,0,No departure slots found for date 2026-08-23 (2 total across other dates)
18,10,Bawean,Gresik,Jawa Timur,Kendaraan,18,Golongan VI - Penumpang,GOL VI A,2026-08-23,,,,,,IDR,NO_SCHEDULE_FOR_DATE,0,No departure slots found for date 2026-08-23 (2 total across other dates)
18,10,Bawean,Gresik,Jawa Timur,Kendaraan,19,Golongan VI - Barang,GOL VI B,2026-08-23,,,,,,IDR,NO_SCHEDULE_FOR_DATE,0,No departure slots found for date 2026-08-23 (2 total across other dates)
18,10,Bawean,Gresik,Jawa Timur,Kendaraan,20,Golongan VII,GOL VII,2026-08-23,,,,,,IDR,NO_SCHEDULE_FOR_DATE,0,No departure slots found for date 2026-08-23 (2 total across other dates)
18,10,Bawean,Gresik,Jawa Timur,Kendaraan,21,Golongan VIII,GOL VIII,2026-08-23,,,,,,IDR,NO_SCHEDULE_FOR_DATE,0,No departure slots found for date 2026-08-23 (2 total across other dates)
18,10,Bawean,Gresik,Jawa Timur,Kendaraan,22,Golongan IX,GOL IX,2026-08-23,,,,,,IDR,NO_SCHEDULE_FOR_DATE,0,No departure slots found for date 2026-08-23 (2 total across other dates)
18,10,Bawean,Gresik,Jawa Timur,Pejalan Kaki,5,Dewasa Bisnis I,DEWASA,2026-08-23,,,,,,IDR,NO_SCHEDULE_FOR_DATE,0,No departure slots found for date 2026-08-23 (2 total across other dates)
18,10,Bawean,Gresik,Jawa Timur,Pejalan Kaki,6,Anak - Anak Bisnis I,ANAK,2026-08-23,,,,,,IDR,NO_SCHEDULE_FOR_DATE,0,No departure slots found for date 2026-08-23 (2 total across other dates)
18,10,Bawean,Gresik,Jawa Timur,Pejalan Kaki,7,Dewasa Ekonomi,DEWASA,2026-08-23,,,,,,IDR,NO_SCHEDULE_FOR_DATE,0,No departure slots found for date 2026-08-23 (2 total across other dates)
18,10,Bawean,Gresik,Jawa Timur,Pejalan Kaki,8,Anak - Anak Ekonomi,ANAK,2026-08-23,,,,,,IDR,NO_SCHEDULE_FOR_DATE,0,No departure slots found for date 2026-08-23 (2 total across other dates)
18,10,Bawean,Gresik,Jawa Timur,Pejalan Kaki,9,Bayi Ekonomi,BAYI,2026-08-23,,,,,,IDR,NO_SCHEDULE_FOR_DATE,0,No departure slots found for date 2026-08-23 (2 total across other dates)
182439,9,Paciran,Bahaur,Kalimantan Tengah,Kendaraan,11,Golongan I,GOL I,2026-08-23,,,,,,IDR,NO_SCHEDULE_FOR_DATE,0,No departure slots found for date 2026-08-23 (2 total across other dates)
182439,9,Paciran,Bahaur,Kalimantan Tengah,Kendaraan,12,Golongan II ,GOL II,2026-08-23,,,,,,IDR,NO_SCHEDULE_FOR_DATE,0,No departure slots found for date 2026-08-23 (2 total across other dates)
182439,9,Paciran,Bahaur,Kalimantan Tengah,Kendaraan,13,Golongan III,GOL III,2026-08-23,,,,,,IDR,NO_SCHEDULE_FOR_DATE,0,No departure slots found for date 2026-08-23 (2 total across other dates)
182439,9,Paciran,Bahaur,Kalimantan Tengah,Kendaraan,14,Golongan IV - Penumpang,GOL IV A,2026-08-23,,,,,,IDR,NO_SCHEDULE_FOR_DATE,0,No departure slots found for date 2026-08-23 (2 total across other dates)
182439,9,Paciran,Bahaur,Kalimantan Tengah,Kendaraan,15,Golongan IV - Barang,GOL IV B,2026-08-23,,,,,,IDR,NO_SCHEDULE_FOR_DATE,0,No departure slots found for date 2026-08-23 (2 total across other dates)
182439,9,Paciran,Bahaur,Kalimantan Tengah,Kendaraan,16,Golongan V - Penumpang,GOL V A,2026-08-23,,,,,,IDR,NO_SCHEDULE_FOR_DATE,0,No departure slots found for date 2026-08-23 (2 total across other dates)
182439,9,Paciran,Bahaur,Kalimantan Tengah,Kendaraan,17,Golongan V - Barang,GOL V B,2026-08-23,,,,,,IDR,NO_SCHEDULE_FOR_DATE,0,No departure slots found for date 2026-08-23 (2 total across other dates)
182439,9,Paciran,Bahaur,Kalimantan Tengah,Kendaraan,18,Golongan VI - Penumpang,GOL VI A,2026-08-23,,,,,,IDR,NO_SCHEDULE_FOR_DATE,0,No departure slots found for date 2026-08-23 (2 total across other dates)
182439,9,Paciran,Bahaur,Kalimantan Tengah,Kendaraan,19,Golongan VI - Barang,GOL VI B,2026-08-23,,,,,,IDR,NO_SCHEDULE_FOR_DATE,0,No departure slots found for date 2026-08-23 (2 total across other dates)
182439,9,Paciran,Bahaur,Kalimantan Tengah,Kendaraan,20,Golongan VII,GOL VII,2026-08-23,,,,,,IDR,NO_SCHEDULE_FOR_DATE,0,No departure slots found for date 2026-08-23 (2 total across other dates)
182439,9,Paciran,Bahaur,Kalimantan Tengah,Kendaraan,21,Golongan VIII,GOL VIII,2026-08-23,,,,,,IDR,NO_SCHEDULE_FOR_DATE,0,No departure slots found for date 2026-08-23 (2 total across other dates)
182439,9,Paciran,Bahaur,Kalimantan Tengah,Kendaraan,22,Golongan IX,GOL IX,2026-08-23,,,,,,IDR,NO_SCHEDULE_FOR_DATE,0,No departure slots found for date 2026-08-23 (2 total across other dates)
182439,9,Paciran,Bahaur,Kalimantan Tengah,Pejalan Kaki,7,Dewasa Ekonomi,DEWASA,2026-08-23,,,,,,IDR,NO_SCHEDULE_FOR_DATE,0,No departure slots found for date 2026-08-23 (2 total across other dates)
182439,9,Paciran,Bahaur,Kalimantan Tengah,Pejalan Kaki,9,Bayi Ekonomi,BAYI,2026-08-23,,,,,,IDR,NO_SCHEDULE_FOR_DATE,0,No departure slots found for date 2026-08-23 (2 total across other dates)
19,11,Gresik,Bawean,Jawa Timur,Kendaraan,11,Golongan I,GOL I,2026-08-23,,,,,,IDR,NO_SCHEDULE_FOR_DATE,0,No departure slots found for date 2026-08-23 (2 total across other dates)
19,11,Gresik,Bawean,Jawa Timur,Kendaraan,12,Golongan II ,GOL II,2026-08-23,,,,,,IDR,NO_SCHEDULE_FOR_DATE,0,No departure slots found for date 2026-08-23 (2 total across other dates)
19,11,Gresik,Bawean,Jawa Timur,Kendaraan,13,Golongan III,GOL III,2026-08-23,,,,,,IDR,NO_SCHEDULE_FOR_DATE,0,No departure slots found for date 2026-08-23 (2 total across other dates)
19,11,Gresik,Bawean,Jawa Timur,Kendaraan,14,Golongan IV - Penumpang,GOL IV A,2026-08-23,,,,,,IDR,NO_SCHEDULE_FOR_DATE,0,No departure slots found for date 2026-08-23 (2 total across other dates)
19,11,Gresik,Bawean,Jawa Timur,Kendaraan,15,Golongan IV - Barang,GOL IV B,2026-08-23,,,,,,IDR,NO_SCHEDULE_FOR_DATE,0,No departure slots found for date 2026-08-23 (2 total across other dates)
19,11,Gresik,Bawean,Jawa Timur,Kendaraan,16,Golongan V - Penumpang,GOL V A,2026-08-23,,,,,,IDR,NO_SCHEDULE_FOR_DATE,0,No departure slots found for date 2026-08-23 (2 total across other dates)
19,11,Gresik,Bawean,Jawa Timur,Kendaraan,17,Golongan V - Barang,GOL V B,2026-08-23,,,,,,IDR,NO_SCHEDULE_FOR_DATE,0,No departure slots found for date 2026-08-23 (2 total across other dates)
19,11,Gresik,Bawean,Jawa Timur,Kendaraan,18,Golongan VI - Penumpang,GOL VI A,2026-08-23,,,,,,IDR,NO_SCHEDULE_FOR_DATE,0,No departure slots found for date 2026-08-23 (2 total across other dates)
19,11,Gresik,Bawean,Jawa Timur,Kendaraan,19,Golongan VI - Barang,GOL VI B,2026-08-23,,,,,,IDR,NO_SCHEDULE_FOR_DATE,0,No departure slots found for date 2026-08-23 (2 total across other dates)
19,11,Gresik,Bawean,Jawa Timur,Kendaraan,20,Golongan VII,GOL VII,2026-08-23,,,,,,IDR,NO_SCHEDULE_FOR_DATE,0,No departure slots found for date 2026-08-23 (2 total across other dates)
19,11,Gresik,Bawean,Jawa Timur,Kendaraan,21,Golongan VIII,GOL VIII,2026-08-23,,,,,,IDR,NO_SCHEDULE_FOR_DATE,0,No departure slots found for date 2026-08-23 (2 total across other dates)
19,11,Gresik,Bawean,Jawa Timur,Kendaraan,22,Golongan IX,GOL IX,2026-08-23,,,,,,IDR,NO_SCHEDULE_FOR_DATE,0,No departure slots found for date 2026-08-23 (2 total across other dates)
19,11,Gresik,Bawean,Jawa Timur,Pejalan Kaki,5,Dewasa Bisnis I,DEWASA,2026-08-23,,,,,,IDR,NO_SCHEDULE_FOR_DATE,0,No departure slots found for date 2026-08-23 (2 total across other dates)
19,11,Gresik,Bawean,Jawa Timur,Pejalan Kaki,6,Anak - Anak Bisnis I,ANAK,2026-08-23,,,,,,IDR,NO_SCHEDULE_FOR_DATE,0,No departure slots found for date 2026-08-23 (2 total across other dates)
19,11,Gresik,Bawean,Jawa Timur,Pejalan Kaki,7,Dewasa Ekonomi,DEWASA,2026-08-23,,,,,,IDR,NO_SCHEDULE_FOR_DATE,0,No departure slots found for date 2026-08-23 (2 total across other dates)
19,11,Gresik,Bawean,Jawa Timur,Pejalan Kaki,8,Anak - Anak Ekonomi,ANAK,2026-08-23,,,,,,IDR,NO_SCHEDULE_FOR_DATE,0,No departure slots found for date 2026-08-23 (2 total across other dates)
19,11,Gresik,Bawean,Jawa Timur,Pejalan Kaki,9,Bayi Ekonomi,BAYI,2026-08-23,,,,,,IDR,NO_SCHEDULE_FOR_DATE,0,No departure slots found for date 2026-08-23 (2 total across other dates)
198014,19,Telaga Punggur,Kuala Tungkal,Jambi,Kendaraan,11,Golongan I,GOL I,2026-08-23,15:00,2627160930380748970,0,223900,223900,IDR,OK,200,Ship schedule found.
198014,19,Telaga Punggur,Kuala Tungkal,Jambi,Kendaraan,12,Golongan II ,GOL II,2026-08-23,15:00,2627160930380748970,30,410700,410700,IDR,OK,200,Ship schedule found.
198014,19,Telaga Punggur,Kuala Tungkal,Jambi,Kendaraan,13,Golongan III,GOL III,2026-08-23,15:00,2627160930380748970,0,858000,858000,IDR,OK,200,Ship schedule found.
198014,19,Telaga Punggur,Kuala Tungkal,Jambi,Kendaraan,14,Golongan IV - Penumpang,GOL IV A,2026-08-23,15:00,2627160930380748970,12,2898600,2898600,IDR,OK,200,Ship schedule found.
198014,19,Telaga Punggur,Kuala Tungkal,Jambi,Kendaraan,15,Golongan IV - Barang,GOL IV B,2026-08-23,15:00,2627160930380748970,5,2647200,2647200,IDR,OK,200,Ship schedule found.
198014,19,Telaga Punggur,Kuala Tungkal,Jambi,Kendaraan,16,Golongan V - Penumpang,GOL V A,2026-08-23,15:00,2627160930380748970,0,5394200,5394200,IDR,OK,200,Ship schedule found.
198014,19,Telaga Punggur,Kuala Tungkal,Jambi,Kendaraan,17,Golongan V - Barang,GOL V B,2026-08-23,15:00,2627160930380748970,9,4546300,4546300,IDR,OK,200,Ship schedule found.
198014,19,Telaga Punggur,Kuala Tungkal,Jambi,Kendaraan,18,Golongan VI - Penumpang,GOL VI A,2026-08-23,15:00,2627160930380748970,0,8984900,8984900,IDR,OK,200,Ship schedule found.
198014,19,Telaga Punggur,Kuala Tungkal,Jambi,Kendaraan,19,Golongan VI - Barang,GOL VI B,2026-08-23,15:00,2627160930380748970,0,7457600,7457600,IDR,OK,200,Ship schedule found.
198014,19,Telaga Punggur,Kuala Tungkal,Jambi,Kendaraan,20,Golongan VII,GOL VII,2026-08-23,15:00,2627160930380748970,0,9355000,9355000,IDR,OK,200,Ship schedule found.
198014,19,Telaga Punggur,Kuala Tungkal,Jambi,Kendaraan,21,Golongan VIII,GOL VIII,2026-08-23,15:00,2627160930380748970,0,13532900,13532900,IDR,OK,200,Ship schedule found.
198014,19,Telaga Punggur,Kuala Tungkal,Jambi,Kendaraan,22,Golongan IX,GOL IX,2026-08-23,15:00,2627160930380748970,0,19714000,19714000,IDR,OK,200,Ship schedule found.
198014,19,Telaga Punggur,Kuala Tungkal,Jambi,Pejalan Kaki,7,Dewasa Ekonomi,DEWASA,2026-08-23,15:00,2627160930380748970,196,186000,186000,IDR,OK,200,Ship schedule found.
198014,19,Telaga Punggur,Kuala Tungkal,Jambi,Pejalan Kaki,9,Bayi Ekonomi,BAYI,2026-08-23,15:00,2627160930380748970,10,18400,18400,IDR,OK,200,Ship schedule found.
198563,198,Lembar,Jangkar,Jawa Timur,Kendaraan,11,Golongan I,GOL I,2026-08-23,,,,,,IDR,SCHEDULE_DATA_NOT_FOUND,0,Gateway returned no schedule data for route
198563,198,Lembar,Jangkar,Jawa Timur,Kendaraan,12,Golongan II ,GOL II,2026-08-23,,,,,,IDR,SCHEDULE_DATA_NOT_FOUND,0,Gateway returned no schedule data for route
198563,198,Lembar,Jangkar,Jawa Timur,Kendaraan,13,Golongan III,GOL III,2026-08-23,,,,,,IDR,SCHEDULE_DATA_NOT_FOUND,0,Gateway returned no schedule data for route
198563,198,Lembar,Jangkar,Jawa Timur,Kendaraan,14,Golongan IV - Penumpang,GOL IV A,2026-08-23,,,,,,IDR,SCHEDULE_DATA_NOT_FOUND,0,Gateway returned no schedule data for route
198563,198,Lembar,Jangkar,Jawa Timur,Kendaraan,15,Golongan IV - Barang,GOL IV B,2026-08-23,,,,,,IDR,SCHEDULE_DATA_NOT_FOUND,0,Gateway returned no schedule data for route
198563,198,Lembar,Jangkar,Jawa Timur,Kendaraan,16,Golongan V - Penumpang,GOL V A,2026-08-23,,,,,,IDR,SCHEDULE_DATA_NOT_FOUND,0,Gateway returned no schedule data for route
198563,198,Lembar,Jangkar,Jawa Timur,Kendaraan,17,Golongan V - Barang,GOL V B,2026-08-23,,,,,,IDR,SCHEDULE_DATA_NOT_FOUND,0,Gateway returned no schedule data for route
198563,198,Lembar,Jangkar,Jawa Timur,Kendaraan,18,Golongan VI - Penumpang,GOL VI A,2026-08-23,,,,,,IDR,SCHEDULE_DATA_NOT_FOUND,0,Gateway returned no schedule data for route
198563,198,Lembar,Jangkar,Jawa Timur,Kendaraan,19,Golongan VI - Barang,GOL VI B,2026-08-23,,,,,,IDR,SCHEDULE_DATA_NOT_FOUND,0,Gateway returned no schedule data for route
198563,198,Lembar,Jangkar,Jawa Timur,Kendaraan,20,Golongan VII,GOL VII,2026-08-23,,,,,,IDR,SCHEDULE_DATA_NOT_FOUND,0,Gateway returned no schedule data for route
198563,198,Lembar,Jangkar,Jawa Timur,Kendaraan,21,Golongan VIII,GOL VIII,2026-08-23,,,,,,IDR,SCHEDULE_DATA_NOT_FOUND,0,Gateway returned no schedule data for route
198563,198,Lembar,Jangkar,Jawa Timur,Kendaraan,22,Golongan IX,GOL IX,2026-08-23,,,,,,IDR,SCHEDULE_DATA_NOT_FOUND,0,Gateway returned no schedule data for route
198563,198,Lembar,Jangkar,Jawa Timur,Pejalan Kaki,7,Dewasa Ekonomi,DEWASA,2026-08-23,,,,,,IDR,SCHEDULE_DATA_NOT_FOUND,0,Gateway returned no schedule data for route
198563,198,Lembar,Jangkar,Jawa Timur,Pejalan Kaki,9,Bayi Ekonomi,BAYI,2026-08-23,,,,,,IDR,SCHEDULE_DATA_NOT_FOUND,0,Gateway returned no schedule data for route
198568,198,Lembar,Probolinggo,Jawa Timur,Kendaraan,12,Golongan II ,GOL II,2026-08-23,,,,,,IDR,SCHEDULE_DATA_NOT_FOUND,0,Gateway returned no schedule data for route
198568,198,Lembar,Probolinggo,Jawa Timur,Pejalan Kaki,7,Dewasa Ekonomi,DEWASA,2026-08-23,,,,,,IDR,SCHEDULE_DATA_NOT_FOUND,0,Gateway returned no schedule data for route
199436,199,Labuan Bajo,Waingapu,Nusa Tenggara Timur,Kendaraan,11,Golongan I,GOL I,2026-08-23,,,,,,IDR,SCHEDULE_DATA_NOT_FOUND,0,Gateway returned no schedule data for route
199436,199,Labuan Bajo,Waingapu,Nusa Tenggara Timur,Kendaraan,12,Golongan II ,GOL II,2026-08-23,,,,,,IDR,SCHEDULE_DATA_NOT_FOUND,0,Gateway returned no schedule data for route
199436,199,Labuan Bajo,Waingapu,Nusa Tenggara Timur,Kendaraan,13,Golongan III,GOL III,2026-08-23,,,,,,IDR,SCHEDULE_DATA_NOT_FOUND,0,Gateway returned no schedule data for route
199436,199,Labuan Bajo,Waingapu,Nusa Tenggara Timur,Kendaraan,14,Golongan IV - Penumpang,GOL IV A,2026-08-23,,,,,,IDR,SCHEDULE_DATA_NOT_FOUND,0,Gateway returned no schedule data for route
199436,199,Labuan Bajo,Waingapu,Nusa Tenggara Timur,Kendaraan,15,Golongan IV - Barang,GOL IV B,2026-08-23,,,,,,IDR,SCHEDULE_DATA_NOT_FOUND,0,Gateway returned no schedule data for route
199436,199,Labuan Bajo,Waingapu,Nusa Tenggara Timur,Kendaraan,16,Golongan V - Penumpang,GOL V A,2026-08-23,,,,,,IDR,SCHEDULE_DATA_NOT_FOUND,0,Gateway returned no schedule data for route
199436,199,Labuan Bajo,Waingapu,Nusa Tenggara Timur,Kendaraan,17,Golongan V - Barang,GOL V B,2026-08-23,,,,,,IDR,SCHEDULE_DATA_NOT_FOUND,0,Gateway returned no schedule data for route
199436,199,Labuan Bajo,Waingapu,Nusa Tenggara Timur,Kendaraan,18,Golongan VI - Penumpang,GOL VI A,2026-08-23,,,,,,IDR,SCHEDULE_DATA_NOT_FOUND,0,Gateway returned no schedule data for route
199436,199,Labuan Bajo,Waingapu,Nusa Tenggara Timur,Kendaraan,19,Golongan VI - Barang,GOL VI B,2026-08-23,,,,,,IDR,SCHEDULE_DATA_NOT_FOUND,0,Gateway returned no schedule data for route
199436,199,Labuan Bajo,Waingapu,Nusa Tenggara Timur,Kendaraan,20,Golongan VII,GOL VII,2026-08-23,,,,,,IDR,SCHEDULE_DATA_NOT_FOUND,0,Gateway returned no schedule data for route
199436,199,Labuan Bajo,Waingapu,Nusa Tenggara Timur,Kendaraan,21,Golongan VIII,GOL VIII,2026-08-23,,,,,,IDR,SCHEDULE_DATA_NOT_FOUND,0,Gateway returned no schedule data for route
199436,199,Labuan Bajo,Waingapu,Nusa Tenggara Timur,Kendaraan,22,Golongan IX,GOL IX,2026-08-23,,,,,,IDR,SCHEDULE_DATA_NOT_FOUND,0,Gateway returned no schedule data for route
199436,199,Labuan Bajo,Waingapu,Nusa Tenggara Timur,Pejalan Kaki,7,Dewasa Ekonomi,DEWASA,2026-08-23,,,,,,IDR,SCHEDULE_DATA_NOT_FOUND,0,Gateway returned no schedule data for route
199436,199,Labuan Bajo,Waingapu,Nusa Tenggara Timur,Pejalan Kaki,8,Anak - Anak Ekonomi,ANAK,2026-08-23,,,,,,IDR,SCHEDULE_DATA_NOT_FOUND,0,Gateway returned no schedule data for route
199477,199,Labuan Bajo,Jampea ,Sulawesi Selatan,Kendaraan,11,Golongan I,GOL I,2026-08-23,,,,,,IDR,SCHEDULE_DATA_NOT_FOUND,0,Gateway returned no schedule data for route
199477,199,Labuan Bajo,Jampea ,Sulawesi Selatan,Kendaraan,12,Golongan II ,GOL II,2026-08-23,,,,,,IDR,SCHEDULE_DATA_NOT_FOUND,0,Gateway returned no schedule data for route
199477,199,Labuan Bajo,Jampea ,Sulawesi Selatan,Kendaraan,13,Golongan III,GOL III,2026-08-23,,,,,,IDR,SCHEDULE_DATA_NOT_FOUND,0,Gateway returned no schedule data for route
199477,199,Labuan Bajo,Jampea ,Sulawesi Selatan,Kendaraan,14,Golongan IV - Penumpang,GOL IV A,2026-08-23,,,,,,IDR,SCHEDULE_DATA_NOT_FOUND,0,Gateway returned no schedule data for route
199477,199,Labuan Bajo,Jampea ,Sulawesi Selatan,Kendaraan,15,Golongan IV - Barang,GOL IV B,2026-08-23,,,,,,IDR,SCHEDULE_DATA_NOT_FOUND,0,Gateway returned no schedule data for route
199477,199,Labuan Bajo,Jampea ,Sulawesi Selatan,Kendaraan,16,Golongan V - Penumpang,GOL V A,2026-08-23,,,,,,IDR,SCHEDULE_DATA_NOT_FOUND,0,Gateway returned no schedule data for route
199477,199,Labuan Bajo,Jampea ,Sulawesi Selatan,Kendaraan,17,Golongan V - Barang,GOL V B,2026-08-23,,,,,,IDR,SCHEDULE_DATA_NOT_FOUND,0,Gateway returned no schedule data for route
199477,199,Labuan Bajo,Jampea ,Sulawesi Selatan,Kendaraan,18,Golongan VI - Penumpang,GOL VI A,2026-08-23,,,,,,IDR,SCHEDULE_DATA_NOT_FOUND,0,Gateway returned no schedule data for route
199477,199,Labuan Bajo,Jampea ,Sulawesi Selatan,Kendaraan,19,Golongan VI - Barang,GOL VI B,2026-08-23,,,,,,IDR,SCHEDULE_DATA_NOT_FOUND,0,Gateway returned no schedule data for route
199477,199,Labuan Bajo,Jampea ,Sulawesi Selatan,Kendaraan,20,Golongan VII,GOL VII,2026-08-23,,,,,,IDR,SCHEDULE_DATA_NOT_FOUND,0,Gateway returned no schedule data for route
199477,199,Labuan Bajo,Jampea ,Sulawesi Selatan,Kendaraan,21,Golongan VIII,GOL VIII,2026-08-23,,,,,,IDR,SCHEDULE_DATA_NOT_FOUND,0,Gateway returned no schedule data for route
199477,199,Labuan Bajo,Jampea ,Sulawesi Selatan,Kendaraan,22,Golongan IX,GOL IX,2026-08-23,,,,,,IDR,SCHEDULE_DATA_NOT_FOUND,0,Gateway returned no schedule data for route
199477,199,Labuan Bajo,Jampea ,Sulawesi Selatan,Pejalan Kaki,7,Dewasa Ekonomi,DEWASA,2026-08-23,,,,,,IDR,SCHEDULE_DATA_NOT_FOUND,0,Gateway returned no schedule data for route
199477,199,Labuan Bajo,Jampea ,Sulawesi Selatan,Pejalan Kaki,9,Bayi Ekonomi,BAYI,2026-08-23,,,,,,IDR,SCHEDULE_DATA_NOT_FOUND,0,Gateway returned no schedule data for route
199478,199,Labuan Bajo,Bira ,Sulawesi Selatan,Kendaraan,11,Golongan I,GOL I,2026-08-23,,,,,,IDR,SCHEDULE_DATA_NOT_FOUND,0,Gateway returned no schedule data for route
199478,199,Labuan Bajo,Bira ,Sulawesi Selatan,Kendaraan,12,Golongan II ,GOL II,2026-08-23,,,,,,IDR,SCHEDULE_DATA_NOT_FOUND,0,Gateway returned no schedule data for route
199478,199,Labuan Bajo,Bira ,Sulawesi Selatan,Kendaraan,13,Golongan III,GOL III,2026-08-23,,,,,,IDR,SCHEDULE_DATA_NOT_FOUND,0,Gateway returned no schedule data for route
199478,199,Labuan Bajo,Bira ,Sulawesi Selatan,Kendaraan,14,Golongan IV - Penumpang,GOL IV A,2026-08-23,,,,,,IDR,SCHEDULE_DATA_NOT_FOUND,0,Gateway returned no schedule data for route
199478,199,Labuan Bajo,Bira ,Sulawesi Selatan,Kendaraan,15,Golongan IV - Barang,GOL IV B,2026-08-23,,,,,,IDR,SCHEDULE_DATA_NOT_FOUND,0,Gateway returned no schedule data for route
199478,199,Labuan Bajo,Bira ,Sulawesi Selatan,Kendaraan,16,Golongan V - Penumpang,GOL V A,2026-08-23,,,,,,IDR,SCHEDULE_DATA_NOT_FOUND,0,Gateway returned no schedule data for route
199478,199,Labuan Bajo,Bira ,Sulawesi Selatan,Kendaraan,17,Golongan V - Barang,GOL V B,2026-08-23,,,,,,IDR,SCHEDULE_DATA_NOT_FOUND,0,Gateway returned no schedule data for route
199478,199,Labuan Bajo,Bira ,Sulawesi Selatan,Kendaraan,18,Golongan VI - Penumpang,GOL VI A,2026-08-23,,,,,,IDR,SCHEDULE_DATA_NOT_FOUND,0,Gateway returned no schedule data for route
199478,199,Labuan Bajo,Bira ,Sulawesi Selatan,Kendaraan,19,Golongan VI - Barang,GOL VI B,2026-08-23,,,,,,IDR,SCHEDULE_DATA_NOT_FOUND,0,Gateway returned no schedule data for route
199478,199,Labuan Bajo,Bira ,Sulawesi Selatan,Kendaraan,20,Golongan VII,GOL VII,2026-08-23,,,,,,IDR,SCHEDULE_DATA_NOT_FOUND,0,Gateway returned no schedule data for route
199478,199,Labuan Bajo,Bira ,Sulawesi Selatan,Kendaraan,21,Golongan VIII,GOL VIII,2026-08-23,,,,,,IDR,SCHEDULE_DATA_NOT_FOUND,0,Gateway returned no schedule data for route
199478,199,Labuan Bajo,Bira ,Sulawesi Selatan,Kendaraan,22,Golongan IX,GOL IX,2026-08-23,,,,,,IDR,SCHEDULE_DATA_NOT_FOUND,0,Gateway returned no schedule data for route
199478,199,Labuan Bajo,Bira ,Sulawesi Selatan,Pejalan Kaki,7,Dewasa Ekonomi,DEWASA,2026-08-23,,,,,,IDR,SCHEDULE_DATA_NOT_FOUND,0,Gateway returned no schedule data for route
199478,199,Labuan Bajo,Bira ,Sulawesi Selatan,Pejalan Kaki,9,Bayi Ekonomi,BAYI,2026-08-23,,,,,,IDR,SCHEDULE_DATA_NOT_FOUND,0,Gateway returned no schedule data for route
199559,199,Labuan Bajo,Pulau Rinca,Nusa Tenggara Timur,Kendaraan,11,Golongan I,GOL I,2026-08-23,,,,,,IDR,SCHEDULE_DATA_NOT_FOUND,0,Gateway returned no schedule data for route
199559,199,Labuan Bajo,Pulau Rinca,Nusa Tenggara Timur,Kendaraan,12,Golongan II ,GOL II,2026-08-23,,,,,,IDR,SCHEDULE_DATA_NOT_FOUND,0,Gateway returned no schedule data for route
199559,199,Labuan Bajo,Pulau Rinca,Nusa Tenggara Timur,Kendaraan,13,Golongan III,GOL III,2026-08-23,,,,,,IDR,SCHEDULE_DATA_NOT_FOUND,0,Gateway returned no schedule data for route
199559,199,Labuan Bajo,Pulau Rinca,Nusa Tenggara Timur,Kendaraan,14,Golongan IV - Penumpang,GOL IV A,2026-08-23,,,,,,IDR,SCHEDULE_DATA_NOT_FOUND,0,Gateway returned no schedule data for route
199559,199,Labuan Bajo,Pulau Rinca,Nusa Tenggara Timur,Kendaraan,15,Golongan IV - Barang,GOL IV B,2026-08-23,,,,,,IDR,SCHEDULE_DATA_NOT_FOUND,0,Gateway returned no schedule data for route
199559,199,Labuan Bajo,Pulau Rinca,Nusa Tenggara Timur,Kendaraan,16,Golongan V - Penumpang,GOL V A,2026-08-23,,,,,,IDR,SCHEDULE_DATA_NOT_FOUND,0,Gateway returned no schedule data for route
199559,199,Labuan Bajo,Pulau Rinca,Nusa Tenggara Timur,Kendaraan,17,Golongan V - Barang,GOL V B,2026-08-23,,,,,,IDR,SCHEDULE_DATA_NOT_FOUND,0,Gateway returned no schedule data for route
199559,199,Labuan Bajo,Pulau Rinca,Nusa Tenggara Timur,Kendaraan,18,Golongan VI - Penumpang,GOL VI A,2026-08-23,,,,,,IDR,SCHEDULE_DATA_NOT_FOUND,0,Gateway returned no schedule data for route
199559,199,Labuan Bajo,Pulau Rinca,Nusa Tenggara Timur,Kendaraan,19,Golongan VI - Barang,GOL VI B,2026-08-23,,,,,,IDR,SCHEDULE_DATA_NOT_FOUND,0,Gateway returned no schedule data for route
199559,199,Labuan Bajo,Pulau Rinca,Nusa Tenggara Timur,Kendaraan,20,Golongan VII,GOL VII,2026-08-23,,,,,,IDR,SCHEDULE_DATA_NOT_FOUND,0,Gateway returned no schedule data for route
199559,199,Labuan Bajo,Pulau Rinca,Nusa Tenggara Timur,Kendaraan,20,Golongan VII,GOL VII,2026-08-23,,,,,,IDR,SCHEDULE_DATA_NOT_FOUND,0,Gateway returned no schedule data for route
199559,199,Labuan Bajo,Pulau Rinca,Nusa Tenggara Timur,Kendaraan,21,Golongan VIII,GOL VIII,2026-08-23,,,,,,IDR,SCHEDULE_DATA_NOT_FOUND,0,Gateway returned no schedule data for route
199559,199,Labuan Bajo,Pulau Rinca,Nusa Tenggara Timur,Kendaraan,22,Golongan IX,GOL IX,2026-08-23,,,,,,IDR,SCHEDULE_DATA_NOT_FOUND,0,Gateway returned no schedule data for route
199559,199,Labuan Bajo,Pulau Rinca,Nusa Tenggara Timur,Pejalan Kaki,7,Dewasa Ekonomi,DEWASA,2026-08-23,,,,,,IDR,SCHEDULE_DATA_NOT_FOUND,0,Gateway returned no schedule data for route
199559,199,Labuan Bajo,Pulau Rinca,Nusa Tenggara Timur,Pejalan Kaki,9,Bayi Ekonomi,BAYI,2026-08-23,,,,,,IDR,SCHEDULE_DATA_NOT_FOUND,0,Gateway returned no schedule data for route
20,9,Paciran,Bawean,Jawa Timur,Kendaraan,11,Golongan I,GOL I,2026-08-23,21:00,2627160930380752188,0,35000,35000,IDR,OK,200,Ship schedule found.
20,9,Paciran,Bawean,Jawa Timur,Kendaraan,12,Golongan II ,GOL II,2026-08-23,21:00,2627160930380752188,0,120000,120000,IDR,OK,200,Ship schedule found.
20,9,Paciran,Bawean,Jawa Timur,Kendaraan,13,Golongan III,GOL III,2026-08-23,21:00,2627160930380752188,0,308000,308000,IDR,OK,200,Ship schedule found.
20,9,Paciran,Bawean,Jawa Timur,Kendaraan,14,Golongan IV - Penumpang,GOL IV A,2026-08-23,21:00,2627160930380752188,0,1098000,1098000,IDR,OK,200,Ship schedule found.
20,9,Paciran,Bawean,Jawa Timur,Kendaraan,15,Golongan IV - Barang,GOL IV B,2026-08-23,21:00,2627160930380752188,0,1099000,1099000,IDR,OK,200,Ship schedule found.
20,9,Paciran,Bawean,Jawa Timur,Kendaraan,16,Golongan V - Penumpang,GOL V A,2026-08-23,21:00,2627160930380752188,0,1223000,1223000,IDR,OK,200,Ship schedule found.
20,9,Paciran,Bawean,Jawa Timur,Kendaraan,17,Golongan V - Barang,GOL V B,2026-08-23,21:00,2627160930380752188,0,1758000,1758000,IDR,OK,200,Ship schedule found.
20,9,Paciran,Bawean,Jawa Timur,Kendaraan,18,Golongan VI - Penumpang,GOL VI A,2026-08-23,21:00,2627160930380752188,0,1942000,1942000,IDR,OK,200,Ship schedule found.
20,9,Paciran,Bawean,Jawa Timur,Kendaraan,19,Golongan VI - Barang,GOL VI B,2026-08-23,21:00,2627160930380752188,0,2119000,2119000,IDR,OK,200,Ship schedule found.
20,9,Paciran,Bawean,Jawa Timur,Kendaraan,20,Golongan VII,GOL VII,2026-08-23,21:00,2627160930380752188,0,2314000,2314000,IDR,OK,200,Ship schedule found.
20,9,Paciran,Bawean,Jawa Timur,Kendaraan,21,Golongan VIII,GOL VIII,2026-08-23,21:00,2627160930380752188,0,2488000,2488000,IDR,OK,200,Ship schedule found.
20,9,Paciran,Bawean,Jawa Timur,Kendaraan,22,Golongan IX,GOL IX,2026-08-23,21:00,2627160930380752188,0,2691000,2691000,IDR,OK,200,Ship schedule found.
20,9,Paciran,Bawean,Jawa Timur,Pejalan Kaki,5,Dewasa Bisnis I,DEWASA,2026-08-23,21:00,2627160930380752188,0,122000,122000,IDR,OK,200,Ship schedule found.
20,9,Paciran,Bawean,Jawa Timur,Pejalan Kaki,504,Bayi Bisnis,BAYI,2026-08-23,21:00,2627160930380752188,0,12900,12900,IDR,OK,200,Ship schedule found.
20,9,Paciran,Bawean,Jawa Timur,Pejalan Kaki,525,SUPLESI BAYI EKONOMI KE BISNIS,SUPLESI,2026-08-23,21:00,2627160930380752188,0,4000,4000,IDR,OK,200,Ship schedule found.
20,9,Paciran,Bawean,Jawa Timur,Pejalan Kaki,7,Dewasa Ekonomi,DEWASA,2026-08-23,21:00,2627160930380752188,0,95000,95000,IDR,OK,200,Ship schedule found.
20,9,Paciran,Bawean,Jawa Timur,Pejalan Kaki,9,Bayi Ekonomi,BAYI,2026-08-23,21:00,2627160930380752188,0,10000,10000,IDR,OK,200,Ship schedule found.
200201,200,Sape,Waikelo,Nusa Tenggara Timur,Kendaraan,11,Golongan I,GOL I,2026-08-23,,,,,,IDR,SCHEDULE_DATA_NOT_FOUND,0,Gateway returned no schedule data for route
200201,200,Sape,Waikelo,Nusa Tenggara Timur,Kendaraan,12,Golongan II ,GOL II,2026-08-23,,,,,,IDR,SCHEDULE_DATA_NOT_FOUND,0,Gateway returned no schedule data for route
200201,200,Sape,Waikelo,Nusa Tenggara Timur,Kendaraan,13,Golongan III,GOL III,2026-08-23,,,,,,IDR,SCHEDULE_DATA_NOT_FOUND,0,Gateway returned no schedule data for route
200201,200,Sape,Waikelo,Nusa Tenggara Timur,Kendaraan,14,Golongan IV - Penumpang,GOL IV A,2026-08-23,,,,,,IDR,SCHEDULE_DATA_NOT_FOUND,0,Gateway returned no schedule data for route
200201,200,Sape,Waikelo,Nusa Tenggara Timur,Kendaraan,15,Golongan IV - Barang,GOL IV B,2026-08-23,,,,,,IDR,SCHEDULE_DATA_NOT_FOUND,0,Gateway returned no schedule data for route
200201,200,Sape,Waikelo,Nusa Tenggara Timur,Kendaraan,16,Golongan V - Penumpang,GOL V A,2026-08-23,,,,,,IDR,SCHEDULE_DATA_NOT_FOUND,0,Gateway returned no schedule data for route
200201,200,Sape,Waikelo,Nusa Tenggara Timur,Kendaraan,17,Golongan V - Barang,GOL V B,2026-08-23,,,,,,IDR,SCHEDULE_DATA_NOT_FOUND,0,Gateway returned no schedule data for route
200201,200,Sape,Waikelo,Nusa Tenggara Timur,Kendaraan,18,Golongan VI - Penumpang,GOL VI A,2026-08-23,,,,,,IDR,SCHEDULE_DATA_NOT_FOUND,0,Gateway returned no schedule data for route
200201,200,Sape,Waikelo,Nusa Tenggara Timur,Kendaraan,19,Golongan VI - Barang,GOL VI B,2026-08-23,,,,,,IDR,SCHEDULE_DATA_NOT_FOUND,0,Gateway returned no schedule data for route
200201,200,Sape,Waikelo,Nusa Tenggara Timur,Kendaraan,20,Golongan VII,GOL VII,2026-08-23,,,,,,IDR,SCHEDULE_DATA_NOT_FOUND,0,Gateway returned no schedule data for route
200201,200,Sape,Waikelo,Nusa Tenggara Timur,Kendaraan,21,Golongan VIII,GOL VIII,2026-08-23,,,,,,IDR,SCHEDULE_DATA_NOT_FOUND,0,Gateway returned no schedule data for route
200201,200,Sape,Waikelo,Nusa Tenggara Timur,Kendaraan,22,Golongan IX,GOL IX,2026-08-23,,,,,,IDR,SCHEDULE_DATA_NOT_FOUND,0,Gateway returned no schedule data for route
200201,200,Sape,Waikelo,Nusa Tenggara Timur,Pejalan Kaki,7,Dewasa Ekonomi,DEWASA,2026-08-23,,,,,,IDR,SCHEDULE_DATA_NOT_FOUND,0,Gateway returned no schedule data for route
200201,200,Sape,Waikelo,Nusa Tenggara Timur,Pejalan Kaki,9,Bayi Ekonomi,BAYI,2026-08-23,,,,,,IDR,SCHEDULE_DATA_NOT_FOUND,0,Gateway returned no schedule data for route
2003,2,Karimun Jawa,Jepara,Jawa Tengah,Kendaraan,11,Golongan I,GOL I,2026-08-23,07:00,2627160930380734956,0,77000,77000,IDR,OK,200,Ship schedule found.
2003,2,Karimun Jawa,Jepara,Jawa Tengah,Kendaraan,12,Golongan II ,GOL II,2026-08-23,07:00,2627160930380734956,3,125000,125000,IDR,OK,200,Ship schedule found.
2003,2,Karimun Jawa,Jepara,Jawa Tengah,Kendaraan,13,Golongan III,GOL III,2026-08-23,07:00,2627160930380734956,0,282000,282000,IDR,OK,200,Ship schedule found.
2003,2,Karimun Jawa,Jepara,Jawa Tengah,Kendaraan,14,Golongan IV - Penumpang,GOL IV A,2026-08-23,07:00,2627160930380734956,4,991000,991000,IDR,OK,200,Ship schedule found.
2003,2,Karimun Jawa,Jepara,Jawa Tengah,Kendaraan,15,Golongan IV - Barang,GOL IV B,2026-08-23,07:00,2627160930380734956,1,1089000,1089000,IDR,OK,200,Ship schedule found.
2003,2,Karimun Jawa,Jepara,Jawa Tengah,Kendaraan,16,Golongan V - Penumpang,GOL V A,2026-08-23,07:00,2627160930380734956,0,1796000,1796000,IDR,OK,200,Ship schedule found.
2003,2,Karimun Jawa,Jepara,Jawa Tengah,Kendaraan,17,Golongan V - Barang,GOL V B,2026-08-23,07:00,2627160930380734956,0,1767000,1767000,IDR,OK,200,Ship schedule found.
2003,2,Karimun Jawa,Jepara,Jawa Tengah,Kendaraan,18,Golongan VI - Penumpang,GOL VI A,2026-08-23,07:00,2627160930380734956,0,2187000,2187000,IDR,OK,200,Ship schedule found.
2003,2,Karimun Jawa,Jepara,Jawa Tengah,Kendaraan,19,Golongan VI - Barang,GOL VI B,2026-08-23,07:00,2627160930380734956,0,2538000,2538000,IDR,OK,200,Ship schedule found.
2003,2,Karimun Jawa,Jepara,Jawa Tengah,Kendaraan,20,Golongan VII,GOL VII,2026-08-23,07:00,2627160930380734956,0,2774000,2774000,IDR,OK,200,Ship schedule found.
2003,2,Karimun Jawa,Jepara,Jawa Tengah,Kendaraan,21,Golongan VIII,GOL VIII,2026-08-23,07:00,2627160930380734956,0,3350000,3350000,IDR,OK,200,Ship schedule found.
2003,2,Karimun Jawa,Jepara,Jawa Tengah,Kendaraan,22,Golongan IX,GOL IX,2026-08-23,07:00,2627160930380734956,0,6000000,6000000,IDR,OK,200,Ship schedule found.
2003,2,Karimun Jawa,Jepara,Jawa Tengah,Kendaraan,518,Ambulance,GOL IV B,2026-08-23,07:00,2627160930380734956,,,,IDR,HTTP_400,400,"{""status"": ""false"", ""message"": ""Ship schedule not found."", ""data"": null}"
2003,2,Karimun Jawa,Jepara,Jawa Tengah,Kendaraan,519,Kendaraan Badan Penanggulangan Bencana Daerah,GOL IV B,2026-08-23,07:00,2627160930380734956,,,,IDR,HTTP_400,400,"{""status"": ""false"", ""message"": ""Ship schedule not found."", ""data"": null}"
2003,2,Karimun Jawa,Jepara,Jawa Tengah,Pejalan Kaki,5,Dewasa Bisnis I,DEWASA,2026-08-23,07:00,2627160930380734956,0,151000,151000,IDR,OK,200,Ship schedule found.
2003,2,Karimun Jawa,Jepara,Jawa Tengah,Pejalan Kaki,504,Bayi Bisnis,BAYI,2026-08-23,07:00,2627160930380734956,0,23000,23000,IDR,OK,200,Ship schedule found.
2003,2,Karimun Jawa,Jepara,Jawa Tengah,Pejalan Kaki,517,Tenaga Kesehatan,DEWASA,2026-08-23,07:00,2627160930380734956,0,15000,15000,IDR,OK,200,Ship schedule found.
2003,2,Karimun Jawa,Jepara,Jawa Tengah,Pejalan Kaki,7,Dewasa Ekonomi,DEWASA,2026-08-23,07:00,2627160930380734956,0,105000,105000,IDR,OK,200,Ship schedule found.
2003,2,Karimun Jawa,Jepara,Jawa Tengah,Pejalan Kaki,9,Bayi Ekonomi,BAYI,2026-08-23,07:00,2627160930380734956,9,15000,15000,IDR,OK,200,Ship schedule found.
200436,200,Sape,Waingapu,Nusa Tenggara Timur,Kendaraan,11,Golongan I,GOL I,2026-08-23,,,,,,IDR,SCHEDULE_DATA_NOT_FOUND,0,Gateway returned no schedule data for route
200436,200,Sape,Waingapu,Nusa Tenggara Timur,Kendaraan,12,Golongan II ,GOL II,2026-08-23,,,,,,IDR,SCHEDULE_DATA_NOT_FOUND,0,Gateway returned no schedule data for route
200436,200,Sape,Waingapu,Nusa Tenggara Timur,Kendaraan,13,Golongan III,GOL III,2026-08-23,,,,,,IDR,SCHEDULE_DATA_NOT_FOUND,0,Gateway returned no schedule data for route
200436,200,Sape,Waingapu,Nusa Tenggara Timur,Kendaraan,14,Golongan IV - Penumpang,GOL IV A,2026-08-23,,,,,,IDR,SCHEDULE_DATA_NOT_FOUND,0,Gateway returned no schedule data for route
200436,200,Sape,Waingapu,Nusa Tenggara Timur,Kendaraan,15,Golongan IV - Barang,GOL IV B,2026-08-23,,,,,,IDR,SCHEDULE_DATA_NOT_FOUND,0,Gateway returned no schedule data for route
200436,200,Sape,Waingapu,Nusa Tenggara Timur,Kendaraan,16,Golongan V - Penumpang,GOL V A,2026-08-23,,,,,,IDR,SCHEDULE_DATA_NOT_FOUND,0,Gateway returned no schedule data for route
200436,200,Sape,Waingapu,Nusa Tenggara Timur,Kendaraan,17,Golongan V - Barang,GOL V B,2026-08-23,,,,,,IDR,SCHEDULE_DATA_NOT_FOUND,0,Gateway returned no schedule data for route
200436,200,Sape,Waingapu,Nusa Tenggara Timur,Kendaraan,18,Golongan VI - Penumpang,GOL VI A,2026-08-23,,,,,,IDR,SCHEDULE_DATA_NOT_FOUND,0,Gateway returned no schedule data for route
200436,200,Sape,Waingapu,Nusa Tenggara Timur,Kendaraan,19,Golongan VI - Barang,GOL VI B,2026-08-23,,,,,,IDR,SCHEDULE_DATA_NOT_FOUND,0,Gateway returned no schedule data for route
200436,200,Sape,Waingapu,Nusa Tenggara Timur,Kendaraan,20,Golongan VII,GOL VII,2026-08-23,,,,,,IDR,SCHEDULE_DATA_NOT_FOUND,0,Gateway returned no schedule data for route
200436,200,Sape,Waingapu,Nusa Tenggara Timur,Kendaraan,21,Golongan VIII,GOL VIII,2026-08-23,,,,,,IDR,SCHEDULE_DATA_NOT_FOUND,0,Gateway returned no schedule data for route
200436,200,Sape,Waingapu,Nusa Tenggara Timur,Kendaraan,22,Golongan IX,GOL IX,2026-08-23,,,,,,IDR,SCHEDULE_DATA_NOT_FOUND,0,Gateway returned no schedule data for route
200436,200,Sape,Waingapu,Nusa Tenggara Timur,Pejalan Kaki,5,Dewasa Bisnis I,DEWASA,2026-08-23,,,,,,IDR,SCHEDULE_DATA_NOT_FOUND,0,Gateway returned no schedule data for route
200436,200,Sape,Waingapu,Nusa Tenggara Timur,Pejalan Kaki,6,Anak - Anak Bisnis I,ANAK,2026-08-23,,,,,,IDR,SCHEDULE_DATA_NOT_FOUND,0,Gateway returned no schedule data for route
200436,200,Sape,Waingapu,Nusa Tenggara Timur,Pejalan Kaki,7,Dewasa Ekonomi,DEWASA,2026-08-23,,,,,,IDR,SCHEDULE_DATA_NOT_FOUND,0,Gateway returned no schedule data for route
200436,200,Sape,Waingapu,Nusa Tenggara Timur,Pejalan Kaki,9,Bayi Ekonomi,BAYI,2026-08-23,,,,,,IDR,SCHEDULE_DATA_NOT_FOUND,0,Gateway returned no schedule data for route
201027,566,Probolinggo,Lembar,Nusa Tenggara Barat,Kendaraan,12,Golongan II ,GOL II,2026-08-23,,,,,,IDR,SCHEDULE_DATA_NOT_FOUND,0,Gateway returned no schedule data for route
201027,566,Probolinggo,Lembar,Nusa Tenggara Barat,Pejalan Kaki,7,Dewasa Ekonomi,DEWASA,2026-08-23,,,,,,IDR,SCHEDULE_DATA_NOT_FOUND,0,Gateway returned no schedule data for route
201200,201,Waikelo,Sape,Nusa Tenggara Barat,Kendaraan,11,Golongan I,GOL I,2026-08-23,,,,,,IDR,SCHEDULE_DATA_NOT_FOUND,0,Gateway returned no schedule data for route
201200,201,Waikelo,Sape,Nusa Tenggara Barat,Kendaraan,12,Golongan II ,GOL II,2026-08-23,,,,,,IDR,SCHEDULE_DATA_NOT_FOUND,0,Gateway returned no schedule data for route
201200,201,Waikelo,Sape,Nusa Tenggara Barat,Kendaraan,13,Golongan III,GOL III,2026-08-23,,,,,,IDR,SCHEDULE_DATA_NOT_FOUND,0,Gateway returned no schedule data for route
201200,201,Waikelo,Sape,Nusa Tenggara Barat,Kendaraan,14,Golongan IV - Penumpang,GOL IV A,2026-08-23,,,,,,IDR,SCHEDULE_DATA_NOT_FOUND,0,Gateway returned no schedule data for route
201200,201,Waikelo,Sape,Nusa Tenggara Barat,Kendaraan,15,Golongan IV - Barang,GOL IV B,2026-08-23,,,,,,IDR,SCHEDULE_DATA_NOT_FOUND,0,Gateway returned no schedule data for route
201200,201,Waikelo,Sape,Nusa Tenggara Barat,Kendaraan,16,Golongan V - Penumpang,GOL V A,2026-08-23,,,,,,IDR,SCHEDULE_DATA_NOT_FOUND,0,Gateway returned no schedule data for route
201200,201,Waikelo,Sape,Nusa Tenggara Barat,Kendaraan,17,Golongan V - Barang,GOL V B,2026-08-23,,,,,,IDR,SCHEDULE_DATA_NOT_FOUND,0,Gateway returned no schedule data for route
201200,201,Waikelo,Sape,Nusa Tenggara Barat,Kendaraan,18,Golongan VI - Penumpang,GOL VI A,2026-08-23,,,,,,IDR,SCHEDULE_DATA_NOT_FOUND,0,Gateway returned no schedule data for route
201200,201,Waikelo,Sape,Nusa Tenggara Barat,Kendaraan,19,Golongan VI - Barang,GOL VI B,2026-08-23,,,,,,IDR,SCHEDULE_DATA_NOT_FOUND,0,Gateway returned no schedule data for route
201200,201,Waikelo,Sape,Nusa Tenggara Barat,Kendaraan,20,Golongan VII,GOL VII,2026-08-23,,,,,,IDR,SCHEDULE_DATA_NOT_FOUND,0,Gateway returned no schedule data for route
201200,201,Waikelo,Sape,Nusa Tenggara Barat,Kendaraan,21,Golongan VIII,GOL VIII,2026-08-23,,,,,,IDR,SCHEDULE_DATA_NOT_FOUND,0,Gateway returned no schedule data for route
201200,201,Waikelo,Sape,Nusa Tenggara Barat,Kendaraan,22,Golongan IX,GOL IX,2026-08-23,,,,,,IDR,SCHEDULE_DATA_NOT_FOUND,0,Gateway returned no schedule data for route
201200,201,Waikelo,Sape,Nusa Tenggara Barat,Pejalan Kaki,7,Dewasa Ekonomi,DEWASA,2026-08-23,,,,,,IDR,SCHEDULE_DATA_NOT_FOUND,0,Gateway returned no schedule data for route
201200,201,Waikelo,Sape,Nusa Tenggara Barat,Pejalan Kaki,9,Bayi Ekonomi,BAYI,2026-08-23,,,,,,IDR,SCHEDULE_DATA_NOT_FOUND,0,Gateway returned no schedule data for route
202203,202,Kolaka,Bajoe,Sulawesi Selatan,Kendaraan,11,Golongan I,GOL I,2026-08-23,11:00,2627160930380753613,5,144300,144300,IDR,OK,200,Ship schedule found.
202203,202,Kolaka,Bajoe,Sulawesi Selatan,Kendaraan,12,Golongan II ,GOL II,2026-08-23,11:00,2627160930380753613,50,306100,306100,IDR,OK,200,Ship schedule found.
202203,202,Kolaka,Bajoe,Sulawesi Selatan,Kendaraan,13,Golongan III,GOL III,2026-08-23,11:00,2627160930380753613,5,519200,519200,IDR,OK,200,Ship schedule found.
202203,202,Kolaka,Bajoe,Sulawesi Selatan,Kendaraan,14,Golongan IV - Penumpang,GOL IV A,2026-08-23,11:00,2627160930380753613,15,1926600,1926600,IDR,OK,200,Ship schedule found.
202203,202,Kolaka,Bajoe,Sulawesi Selatan,Kendaraan,15,Golongan IV - Barang,GOL IV B,2026-08-23,11:00,2627160930380753613,10,1857000,1857000,IDR,OK,200,Ship schedule found.
202203,202,Kolaka,Bajoe,Sulawesi Selatan,Kendaraan,16,Golongan V - Penumpang,GOL V A,2026-08-23,11:00,2627160930380753613,10,3585700,3585700,IDR,OK,200,Ship schedule found.
202203,202,Kolaka,Bajoe,Sulawesi Selatan,Kendaraan,17,Golongan V - Barang,GOL V B,2026-08-23,11:00,2627160930380753613,10,3152500,3152500,IDR,OK,200,Ship schedule found.
202203,202,Kolaka,Bajoe,Sulawesi Selatan,Kendaraan,18,Golongan VI - Penumpang,GOL VI A,2026-08-23,11:00,2627160930380753613,10,6030600,6030600,IDR,OK,200,Ship schedule found.
202203,202,Kolaka,Bajoe,Sulawesi Selatan,Kendaraan,19,Golongan VI - Barang,GOL VI B,2026-08-23,11:00,2627160930380753613,10,5007800,5007800,IDR,OK,200,Ship schedule found.
202203,202,Kolaka,Bajoe,Sulawesi Selatan,Kendaraan,20,Golongan VII,GOL VII,2026-08-23,11:00,2627160930380753613,5,6216800,6216800,IDR,OK,200,Ship schedule found.
202203,202,Kolaka,Bajoe,Sulawesi Selatan,Kendaraan,21,Golongan VIII,GOL VIII,2026-08-23,11:00,2627160930380753613,5,8727700,8727700,IDR,OK,200,Ship schedule found.
202203,202,Kolaka,Bajoe,Sulawesi Selatan,Kendaraan,22,Golongan IX,GOL IX,2026-08-23,11:00,2627160930380753613,5,12711800,12711800,IDR,OK,200,Ship schedule found.
202203,202,Kolaka,Bajoe,Sulawesi Selatan,Pejalan Kaki,1,Dewasa,DEWASA,2026-08-23,11:00,2627160930380753613,0,96000,96000,IDR,OK,200,Ship schedule found.
202203,202,Kolaka,Bajoe,Sulawesi Selatan,Pejalan Kaki,7,Dewasa Ekonomi,DEWASA,2026-08-23,11:00,2627160930380753613,150,111400,111400,IDR,OK,200,Ship schedule found.
202203,202,Kolaka,Bajoe,Sulawesi Selatan,Pejalan Kaki,9,Bayi Ekonomi,BAYI,2026-08-23,11:00,2627160930380753613,5,11300,11300,IDR,OK,200,Ship schedule found.
202204,202,Kolaka,Siwa,Sulawesi Selatan,Kendaraan,11,Golongan I,GOL I,2026-08-23,,,,,,IDR,SCHEDULE_DATA_NOT_FOUND,0,Gateway returned no schedule data for route
202204,202,Kolaka,Siwa,Sulawesi Selatan,Kendaraan,12,Golongan II ,GOL II,2026-08-23,,,,,,IDR,SCHEDULE_DATA_NOT_FOUND,0,Gateway returned no schedule data for route
202204,202,Kolaka,Siwa,Sulawesi Selatan,Kendaraan,13,Golongan III,GOL III,2026-08-23,,,,,,IDR,SCHEDULE_DATA_NOT_FOUND,0,Gateway returned no schedule data for route
202204,202,Kolaka,Siwa,Sulawesi Selatan,Kendaraan,14,Golongan IV - Penumpang,GOL IV A,2026-08-23,,,,,,IDR,SCHEDULE_DATA_NOT_FOUND,0,Gateway returned no schedule data for route
202204,202,Kolaka,Siwa,Sulawesi Selatan,Kendaraan,15,Golongan IV - Barang,GOL IV B,2026-08-23,,,,,,IDR,SCHEDULE_DATA_NOT_FOUND,0,Gateway returned no schedule data for route
202204,202,Kolaka,Siwa,Sulawesi Selatan,Kendaraan,16,Golongan V - Penumpang,GOL V A,2026-08-23,,,,,,IDR,SCHEDULE_DATA_NOT_FOUND,0,Gateway returned no schedule data for route
202204,202,Kolaka,Siwa,Sulawesi Selatan,Kendaraan,17,Golongan V - Barang,GOL V B,2026-08-23,,,,,,IDR,SCHEDULE_DATA_NOT_FOUND,0,Gateway returned no schedule data for route
202204,202,Kolaka,Siwa,Sulawesi Selatan,Kendaraan,18,Golongan VI - Penumpang,GOL VI A,2026-08-23,,,,,,IDR,SCHEDULE_DATA_NOT_FOUND,0,Gateway returned no schedule data for route
202204,202,Kolaka,Siwa,Sulawesi Selatan,Kendaraan,19,Golongan VI - Barang,GOL VI B,2026-08-23,,,,,,IDR,SCHEDULE_DATA_NOT_FOUND,0,Gateway returned no schedule data for route
202204,202,Kolaka,Siwa,Sulawesi Selatan,Kendaraan,20,Golongan VII,GOL VII,2026-08-23,,,,,,IDR,SCHEDULE_DATA_NOT_FOUND,0,Gateway returned no schedule data for route
202204,202,Kolaka,Siwa,Sulawesi Selatan,Kendaraan,21,Golongan VIII,GOL VIII,2026-08-23,,,,,,IDR,SCHEDULE_DATA_NOT_FOUND,0,Gateway returned no schedule data for route
202204,202,Kolaka,Siwa,Sulawesi Selatan,Kendaraan,22,Golongan IX,GOL IX,2026-08-23,,,,,,IDR,SCHEDULE_DATA_NOT_FOUND,0,Gateway returned no schedule data for route
202204,202,Kolaka,Siwa,Sulawesi Selatan,Pejalan Kaki,7,Dewasa Ekonomi,DEWASA,2026-08-23,,,,,,IDR,SCHEDULE_DATA_NOT_FOUND,0,Gateway returned no schedule data for route
202204,202,Kolaka,Siwa,Sulawesi Selatan,Pejalan Kaki,9,Bayi Ekonomi,BAYI,2026-08-23,,,,,,IDR,SCHEDULE_DATA_NOT_FOUND,0,Gateway returned no schedule data for route
203202,203,Bajoe,Kolaka,Sulawesi Tenggara,Kendaraan,11,Golongan I,GOL I,2026-08-23,11:00,2627160930380753336,5,144300,144300,IDR,OK,200,Ship schedule found.
203202,203,Bajoe,Kolaka,Sulawesi Tenggara,Kendaraan,12,Golongan II ,GOL II,2026-08-23,11:00,2627160930380753336,50,306100,306100,IDR,OK,200,Ship schedule found.
203202,203,Bajoe,Kolaka,Sulawesi Tenggara,Kendaraan,13,Golongan III,GOL III,2026-08-23,11:00,2627160930380753336,5,519200,519200,IDR,OK,200,Ship schedule found.
203202,203,Bajoe,Kolaka,Sulawesi Tenggara,Kendaraan,14,Golongan IV - Penumpang,GOL IV A,2026-08-23,11:00,2627160930380753336,20,1926600,1926600,IDR,OK,200,Ship schedule found.
203202,203,Bajoe,Kolaka,Sulawesi Tenggara,Kendaraan,15,Golongan IV - Barang,GOL IV B,2026-08-23,11:00,2627160930380753336,20,1857000,1857000,IDR,OK,200,Ship schedule found.
203202,203,Bajoe,Kolaka,Sulawesi Tenggara,Kendaraan,16,Golongan V - Penumpang,GOL V A,2026-08-23,11:00,2627160930380753336,10,3585700,3585700,IDR,OK,200,Ship schedule found.
203202,203,Bajoe,Kolaka,Sulawesi Tenggara,Kendaraan,17,Golongan V - Barang,GOL V B,2026-08-23,11:00,2627160930380753336,20,3152500,3152500,IDR,OK,200,Ship schedule found.
203202,203,Bajoe,Kolaka,Sulawesi Tenggara,Kendaraan,18,Golongan VI - Penumpang,GOL VI A,2026-08-23,11:00,2627160930380753336,5,6030600,6030600,IDR,OK,200,Ship schedule found.
203202,203,Bajoe,Kolaka,Sulawesi Tenggara,Kendaraan,19,Golongan VI - Barang,GOL VI B,2026-08-23,11:00,2627160930380753336,10,5007800,5007800,IDR,OK,200,Ship schedule found.
203202,203,Bajoe,Kolaka,Sulawesi Tenggara,Kendaraan,20,Golongan VII,GOL VII,2026-08-23,11:00,2627160930380753336,10,6216800,6216800,IDR,OK,200,Ship schedule found.
203202,203,Bajoe,Kolaka,Sulawesi Tenggara,Kendaraan,21,Golongan VIII,GOL VIII,2026-08-23,11:00,2627160930380753336,5,8727700,8727700,IDR,OK,200,Ship schedule found.
203202,203,Bajoe,Kolaka,Sulawesi Tenggara,Kendaraan,22,Golongan IX,GOL IX,2026-08-23,11:00,2627160930380753336,5,12711800,12711800,IDR,OK,200,Ship schedule found.
203202,203,Bajoe,Kolaka,Sulawesi Tenggara,Pejalan Kaki,1,Dewasa,DEWASA,2026-08-23,11:00,2627160930380753336,0,105600,105600,IDR,OK,200,Ship schedule found.
203202,203,Bajoe,Kolaka,Sulawesi Tenggara,Pejalan Kaki,7,Dewasa Ekonomi,DEWASA,2026-08-23,11:00,2627160930380753336,148,111400,111400,IDR,OK,200,Ship schedule found.
203202,203,Bajoe,Kolaka,Sulawesi Tenggara,Pejalan Kaki,9,Bayi Ekonomi,BAYI,2026-08-23,11:00,2627160930380753336,5,11300,11300,IDR,OK,200,Ship schedule found.
208211,208,Baubau,Waara,Sulawesi Tenggara,Kendaraan,11,Golongan I,GOL I,2026-08-23,,,,,,IDR,SCHEDULE_DATA_NOT_FOUND,0,Gateway returned no schedule data for route
208211,208,Baubau,Waara,Sulawesi Tenggara,Kendaraan,12,Golongan II ,GOL II,2026-08-23,,,,,,IDR,SCHEDULE_DATA_NOT_FOUND,0,Gateway returned no schedule data for route
208211,208,Baubau,Waara,Sulawesi Tenggara,Kendaraan,13,Golongan III,GOL III,2026-08-23,,,,,,IDR,SCHEDULE_DATA_NOT_FOUND,0,Gateway returned no schedule data for route
208211,208,Baubau,Waara,Sulawesi Tenggara,Kendaraan,14,Golongan IV - Penumpang,GOL IV A,2026-08-23,,,,,,IDR,SCHEDULE_DATA_NOT_FOUND,0,Gateway returned no schedule data for route
208211,208,Baubau,Waara,Sulawesi Tenggara,Kendaraan,15,Golongan IV - Barang,GOL IV B,2026-08-23,,,,,,IDR,SCHEDULE_DATA_NOT_FOUND,0,Gateway returned no schedule data for route
208211,208,Baubau,Waara,Sulawesi Tenggara,Kendaraan,16,Golongan V - Penumpang,GOL V A,2026-08-23,,,,,,IDR,SCHEDULE_DATA_NOT_FOUND,0,Gateway returned no schedule data for route
208211,208,Baubau,Waara,Sulawesi Tenggara,Kendaraan,17,Golongan V - Barang,GOL V B,2026-08-23,,,,,,IDR,SCHEDULE_DATA_NOT_FOUND,0,Gateway returned no schedule data for route
208211,208,Baubau,Waara,Sulawesi Tenggara,Kendaraan,18,Golongan VI - Penumpang,GOL VI A,2026-08-23,,,,,,IDR,SCHEDULE_DATA_NOT_FOUND,0,Gateway returned no schedule data for route
208211,208,Baubau,Waara,Sulawesi Tenggara,Kendaraan,19,Golongan VI - Barang,GOL VI B,2026-08-23,,,,,,IDR,SCHEDULE_DATA_NOT_FOUND,0,Gateway returned no schedule data for route
208211,208,Baubau,Waara,Sulawesi Tenggara,Kendaraan,20,Golongan VII,GOL VII,2026-08-23,,,,,,IDR,SCHEDULE_DATA_NOT_FOUND,0,Gateway returned no schedule data for route
208211,208,Baubau,Waara,Sulawesi Tenggara,Kendaraan,21,Golongan VIII,GOL VIII,2026-08-23,,,,,,IDR,SCHEDULE_DATA_NOT_FOUND,0,Gateway returned no schedule data for route
208211,208,Baubau,Waara,Sulawesi Tenggara,Kendaraan,22,Golongan IX,GOL IX,2026-08-23,,,,,,IDR,SCHEDULE_DATA_NOT_FOUND,0,Gateway returned no schedule data for route
208211,208,Baubau,Waara,Sulawesi Tenggara,Kendaraan,514,Golongan BBM 5 TON,GOL V B,2026-08-23,,,,,,IDR,SCHEDULE_DATA_NOT_FOUND,0,Gateway returned no schedule data for route
208211,208,Baubau,Waara,Sulawesi Tenggara,Pejalan Kaki,7,Dewasa Ekonomi,DEWASA,2026-08-23,,,,,,IDR,SCHEDULE_DATA_NOT_FOUND,0,Gateway returned no schedule data for route
208211,208,Baubau,Waara,Sulawesi Tenggara,Pejalan Kaki,9,Bayi Ekonomi,BAYI,2026-08-23,,,,,,IDR,SCHEDULE_DATA_NOT_FOUND,0,Gateway returned no schedule data for route
21,10,Bawean,Paciran,Jawa Timur,Kendaraan,11,Golongan I,GOL I,2026-08-23,,,,,,IDR,NO_SCHEDULE_FOR_DATE,0,No departure slots found for date 2026-08-23 (5 total across other dates)
21,10,Bawean,Paciran,Jawa Timur,Kendaraan,12,Golongan II ,GOL II,2026-08-23,,,,,,IDR,NO_SCHEDULE_FOR_DATE,0,No departure slots found for date 2026-08-23 (5 total across other dates)
21,10,Bawean,Paciran,Jawa Timur,Kendaraan,13,Golongan III,GOL III,2026-08-23,,,,,,IDR,NO_SCHEDULE_FOR_DATE,0,No departure slots found for date 2026-08-23 (5 total across other dates)
21,10,Bawean,Paciran,Jawa Timur,Kendaraan,14,Golongan IV - Penumpang,GOL IV A,2026-08-23,,,,,,IDR,NO_SCHEDULE_FOR_DATE,0,No departure slots found for date 2026-08-23 (5 total across other dates)
21,10,Bawean,Paciran,Jawa Timur,Kendaraan,15,Golongan IV - Barang,GOL IV B,2026-08-23,,,,,,IDR,NO_SCHEDULE_FOR_DATE,0,No departure slots found for date 2026-08-23 (5 total across other dates)
21,10,Bawean,Paciran,Jawa Timur,Kendaraan,16,Golongan V - Penumpang,GOL V A,2026-08-23,,,,,,IDR,NO_SCHEDULE_FOR_DATE,0,No departure slots found for date 2026-08-23 (5 total across other dates)
21,10,Bawean,Paciran,Jawa Timur,Kendaraan,17,Golongan V - Barang,GOL V B,2026-08-23,,,,,,IDR,NO_SCHEDULE_FOR_DATE,0,No departure slots found for date 2026-08-23 (5 total across other dates)
21,10,Bawean,Paciran,Jawa Timur,Kendaraan,18,Golongan VI - Penumpang,GOL VI A,2026-08-23,,,,,,IDR,NO_SCHEDULE_FOR_DATE,0,No departure slots found for date 2026-08-23 (5 total across other dates)
21,10,Bawean,Paciran,Jawa Timur,Kendaraan,19,Golongan VI - Barang,GOL VI B,2026-08-23,,,,,,IDR,NO_SCHEDULE_FOR_DATE,0,No departure slots found for date 2026-08-23 (5 total across other dates)
21,10,Bawean,Paciran,Jawa Timur,Kendaraan,20,Golongan VII,GOL VII,2026-08-23,,,,,,IDR,NO_SCHEDULE_FOR_DATE,0,No departure slots found for date 2026-08-23 (5 total across other dates)
21,10,Bawean,Paciran,Jawa Timur,Kendaraan,21,Golongan VIII,GOL VIII,2026-08-23,,,,,,IDR,NO_SCHEDULE_FOR_DATE,0,No departure slots found for date 2026-08-23 (5 total across other dates)
21,10,Bawean,Paciran,Jawa Timur,Kendaraan,22,Golongan IX,GOL IX,2026-08-23,,,,,,IDR,NO_SCHEDULE_FOR_DATE,0,No departure slots found for date 2026-08-23 (5 total across other dates)
21,10,Bawean,Paciran,Jawa Timur,Pejalan Kaki,5,Dewasa Bisnis I,DEWASA,2026-08-23,,,,,,IDR,NO_SCHEDULE_FOR_DATE,0,No departure slots found for date 2026-08-23 (5 total across other dates)
21,10,Bawean,Paciran,Jawa Timur,Pejalan Kaki,504,Bayi Bisnis,BAYI,2026-08-23,,,,,,IDR,NO_SCHEDULE_FOR_DATE,0,No departure slots found for date 2026-08-23 (5 total across other dates)
21,10,Bawean,Paciran,Jawa Timur,Pejalan Kaki,525,SUPLESI BAYI EKONOMI KE BISNIS,SUPLESI,2026-08-23,,,,,,IDR,NO_SCHEDULE_FOR_DATE,0,No departure slots found for date 2026-08-23 (5 total across other dates)
21,10,Bawean,Paciran,Jawa Timur,Pejalan Kaki,6,Anak - Anak Bisnis I,ANAK,2026-08-23,,,,,,IDR,NO_SCHEDULE_FOR_DATE,0,No departure slots found for date 2026-08-23 (5 total across other dates)
21,10,Bawean,Paciran,Jawa Timur,Pejalan Kaki,7,Dewasa Ekonomi,DEWASA,2026-08-23,,,,,,IDR,NO_SCHEDULE_FOR_DATE,0,No departure slots found for date 2026-08-23 (5 total across other dates)
21,10,Bawean,Paciran,Jawa Timur,Pejalan Kaki,8,Anak - Anak Ekonomi,ANAK,2026-08-23,,,,,,IDR,NO_SCHEDULE_FOR_DATE,0,No departure slots found for date 2026-08-23 (5 total across other dates)
21,10,Bawean,Paciran,Jawa Timur,Pejalan Kaki,9,Bayi Ekonomi,BAYI,2026-08-23,,,,,,IDR,NO_SCHEDULE_FOR_DATE,0,No departure slots found for date 2026-08-23 (5 total across other dates)
217218,217,Kendari,Langara,Sulawesi Tenggara,Kendaraan,11,Golongan I,GOL I,2026-08-23,08:00,2627160930380753638,1,57000,57000,IDR,OK,200,Ship schedule found.
217218,217,Kendari,Langara,Sulawesi Tenggara,Kendaraan,12,Golongan II ,GOL II,2026-08-23,08:00,2627160930380753638,50,110000,110000,IDR,OK,200,Ship schedule found.
217218,217,Kendari,Langara,Sulawesi Tenggara,Kendaraan,13,Golongan III,GOL III,2026-08-23,08:00,2627160930380753638,1,310000,310000,IDR,OK,200,Ship schedule found.
217218,217,Kendari,Langara,Sulawesi Tenggara,Kendaraan,14,Golongan IV - Penumpang,GOL IV A,2026-08-23,08:00,2627160930380753638,3,810000,810000,IDR,OK,200,Ship schedule found.
217218,217,Kendari,Langara,Sulawesi Tenggara,Kendaraan,15,Golongan IV - Barang,GOL IV B,2026-08-23,08:00,2627160930380753638,3,760000,760000,IDR,OK,200,Ship schedule found.
217218,217,Kendari,Langara,Sulawesi Tenggara,Kendaraan,16,Golongan V - Penumpang,GOL V A,2026-08-23,08:00,2627160930380753638,1,1400000,1400000,IDR,OK,200,Ship schedule found.
217218,217,Kendari,Langara,Sulawesi Tenggara,Kendaraan,17,Golongan V - Barang,GOL V B,2026-08-23,08:00,2627160930380753638,2,1300000,1300000,IDR,OK,200,Ship schedule found.
217218,217,Kendari,Langara,Sulawesi Tenggara,Kendaraan,18,Golongan VI - Penumpang,GOL VI A,2026-08-23,08:00,2627160930380753638,1,2100000,2100000,IDR,OK,200,Ship schedule found.
217218,217,Kendari,Langara,Sulawesi Tenggara,Kendaraan,19,Golongan VI - Barang,GOL VI B,2026-08-23,08:00,2627160930380753638,2,1750000,1750000,IDR,OK,200,Ship schedule found.
217218,217,Kendari,Langara,Sulawesi Tenggara,Kendaraan,20,Golongan VII,GOL VII,2026-08-23,08:00,2627160930380753638,1,2850000,2850000,IDR,OK,200,Ship schedule found.
217218,217,Kendari,Langara,Sulawesi Tenggara,Kendaraan,21,Golongan VIII,GOL VIII,2026-08-23,08:00,2627160930380753638,1,3800000,3800000,IDR,OK,200,Ship schedule found.
217218,217,Kendari,Langara,Sulawesi Tenggara,Kendaraan,22,Golongan IX,GOL IX,2026-08-23,08:00,2627160930380753638,1,4800000,4800000,IDR,OK,200,Ship schedule found.
217218,217,Kendari,Langara,Sulawesi Tenggara,Pejalan Kaki,483,BISNIS BAYI,BAYI,2026-08-23,08:00,2627160930380753638,0,36000,36000,IDR,OK,200,Ship schedule found.
217218,217,Kendari,Langara,Sulawesi Tenggara,Pejalan Kaki,5,Dewasa Bisnis I,DEWASA,2026-08-23,08:00,2627160930380753638,0,65000,65000,IDR,OK,200,Ship schedule found.
217218,217,Kendari,Langara,Sulawesi Tenggara,Pejalan Kaki,525,SUPLESI BAYI EKONOMI KE BISNIS,SUPLESI,2026-08-23,08:00,2627160930380753638,0,32000,32000,IDR,OK,200,Ship schedule found.
217218,217,Kendari,Langara,Sulawesi Tenggara,Pejalan Kaki,7,Dewasa Ekonomi,DEWASA,2026-08-23,08:00,2627160930380753638,100,31000,31000,IDR,OK,200,Ship schedule found.
217218,217,Kendari,Langara,Sulawesi Tenggara,Pejalan Kaki,9,Bayi Ekonomi,BAYI,2026-08-23,08:00,2627160930380753638,10,4000,4000,IDR,OK,200,Ship schedule found.
218217,218,Langara,Kendari,Sulawesi Tenggara,Kendaraan,11,Golongan I,GOL I,2026-08-23,12:30,2627160930380753630,1,57000,57000,IDR,OK,200,Ship schedule found.
218217,218,Langara,Kendari,Sulawesi Tenggara,Kendaraan,12,Golongan II ,GOL II,2026-08-23,12:30,2627160930380753630,50,110000,110000,IDR,OK,200,Ship schedule found.
218217,218,Langara,Kendari,Sulawesi Tenggara,Kendaraan,13,Golongan III,GOL III,2026-08-23,12:30,2627160930380753630,1,310000,310000,IDR,OK,200,Ship schedule found.
218217,218,Langara,Kendari,Sulawesi Tenggara,Kendaraan,14,Golongan IV - Penumpang,GOL IV A,2026-08-23,12:30,2627160930380753630,3,810000,810000,IDR,OK,200,Ship schedule found.
218217,218,Langara,Kendari,Sulawesi Tenggara,Kendaraan,15,Golongan IV - Barang,GOL IV B,2026-08-23,12:30,2627160930380753630,3,760000,760000,IDR,OK,200,Ship schedule found.
218217,218,Langara,Kendari,Sulawesi Tenggara,Kendaraan,16,Golongan V - Penumpang,GOL V A,2026-08-23,12:30,2627160930380753630,1,1400000,1400000,IDR,OK,200,Ship schedule found.
218217,218,Langara,Kendari,Sulawesi Tenggara,Kendaraan,17,Golongan V - Barang,GOL V B,2026-08-23,12:30,2627160930380753630,2,1300000,1300000,IDR,OK,200,Ship schedule found.
218217,218,Langara,Kendari,Sulawesi Tenggara,Kendaraan,18,Golongan VI - Penumpang,GOL VI A,2026-08-23,12:30,2627160930380753630,1,2100000,2100000,IDR,OK,200,Ship schedule found.
218217,218,Langara,Kendari,Sulawesi Tenggara,Kendaraan,19,Golongan VI - Barang,GOL VI B,2026-08-23,12:30,2627160930380753630,2,1750000,1750000,IDR,OK,200,Ship schedule found.
218217,218,Langara,Kendari,Sulawesi Tenggara,Kendaraan,20,Golongan VII,GOL VII,2026-08-23,12:30,2627160930380753630,1,2850000,2850000,IDR,OK,200,Ship schedule found.
218217,218,Langara,Kendari,Sulawesi Tenggara,Kendaraan,21,Golongan VIII,GOL VIII,2026-08-23,12:30,2627160930380753630,1,3800000,3800000,IDR,OK,200,Ship schedule found.
218217,218,Langara,Kendari,Sulawesi Tenggara,Kendaraan,22,Golongan IX,GOL IX,2026-08-23,12:30,2627160930380753630,1,4800000,4800000,IDR,OK,200,Ship schedule found.
218217,218,Langara,Kendari,Sulawesi Tenggara,Pejalan Kaki,5,Dewasa Bisnis I,DEWASA,2026-08-23,12:30,2627160930380753630,0,65000,65000,IDR,OK,200,Ship schedule found.
218217,218,Langara,Kendari,Sulawesi Tenggara,Pejalan Kaki,504,Bayi Bisnis,BAYI,2026-08-23,12:30,2627160930380753630,0,36000,36000,IDR,OK,200,Ship schedule found.
218217,218,Langara,Kendari,Sulawesi Tenggara,Pejalan Kaki,525,SUPLESI BAYI EKONOMI KE BISNIS,SUPLESI,2026-08-23,12:30,2627160930380753630,0,32000,32000,IDR,OK,200,Ship schedule found.
218217,218,Langara,Kendari,Sulawesi Tenggara,Pejalan Kaki,7,Dewasa Ekonomi,DEWASA,2026-08-23,12:30,2627160930380753630,100,31000,31000,IDR,OK,200,Ship schedule found.
218217,218,Langara,Kendari,Sulawesi Tenggara,Pejalan Kaki,9,Bayi Ekonomi,BAYI,2026-08-23,12:30,2627160930380753630,10,4000,4000,IDR,OK,200,Ship schedule found.
22,12,Ujung,Kamal,Jawa Timur,Kendaraan,11,Golongan I,GOL I,2026-08-23,07:00,2627160930380747343,100,10000,10000,IDR,OK,200,Ship schedule found.
22,12,Ujung,Kamal,Jawa Timur,Kendaraan,12,Golongan II ,GOL II,2026-08-23,07:00,2627160930380747343,100,15500,15500,IDR,OK,200,Ship schedule found.
22,12,Ujung,Kamal,Jawa Timur,Kendaraan,13,Golongan III,GOL III,2026-08-23,07:00,2627160930380747343,10,22500,22500,IDR,OK,200,Ship schedule found.
22,12,Ujung,Kamal,Jawa Timur,Kendaraan,14,Golongan IV - Penumpang,GOL IV A,2026-08-23,07:00,2627160930380747343,10,62500,62500,IDR,OK,200,Ship schedule found.
22,12,Ujung,Kamal,Jawa Timur,Kendaraan,15,Golongan IV - Barang,GOL IV B,2026-08-23,07:00,2627160930380747343,10,61500,61500,IDR,OK,200,Ship schedule found.
22,12,Ujung,Kamal,Jawa Timur,Kendaraan,16,Golongan V - Penumpang,GOL V A,2026-08-23,07:00,2627160930380747343,10,74000,74000,IDR,OK,200,Ship schedule found.
22,12,Ujung,Kamal,Jawa Timur,Kendaraan,17,Golongan V - Barang,GOL V B,2026-08-23,07:00,2627160930380747343,10,75500,75500,IDR,OK,200,Ship schedule found.
22,12,Ujung,Kamal,Jawa Timur,Kendaraan,18,Golongan VI - Penumpang,GOL VI A,2026-08-23,07:00,2627160930380747343,10,88000,88000,IDR,OK,200,Ship schedule found.
22,12,Ujung,Kamal,Jawa Timur,Kendaraan,19,Golongan VI - Barang,GOL VI B,2026-08-23,07:00,2627160930380747343,10,101000,101000,IDR,OK,200,Ship schedule found.
22,12,Ujung,Kamal,Jawa Timur,Kendaraan,20,Golongan VII,GOL VII,2026-08-23,07:00,2627160930380747343,10,197000,197000,IDR,OK,200,Ship schedule found.
22,12,Ujung,Kamal,Jawa Timur,Kendaraan,21,Golongan VIII,GOL VIII,2026-08-23,07:00,2627160930380747343,0,228000,228000,IDR,OK,200,Ship schedule found.
22,12,Ujung,Kamal,Jawa Timur,Kendaraan,22,Golongan IX,GOL IX,2026-08-23,07:00,2627160930380747343,0,284000,284000,IDR,OK,200,Ship schedule found.
22,12,Ujung,Kamal,Jawa Timur,Pejalan Kaki,10,TNI/POLRI/Pelajar/Mahasiswa,TNI,2026-08-23,07:00,2627160930380747343,,,,IDR,HTTP_400,400,"{""status"": ""false"", ""message"": ""Ship schedule not found."", ""data"": null}"
22,12,Ujung,Kamal,Jawa Timur,Pejalan Kaki,7,Dewasa Ekonomi,DEWASA,2026-08-23,07:00,2627160930380747343,100,8500,8500,IDR,OK,200,Ship schedule found.
22,12,Ujung,Kamal,Jawa Timur,Pejalan Kaki,9,Bayi Ekonomi,BAYI,2026-08-23,07:00,2627160930380747343,100,2000,2000,IDR,OK,200,Ship schedule found.
228225,228,Gorontalo,Ampana,Sulawesi Tengah,Kendaraan,11,Golongan I,GOL I,2026-08-23,,,,,,IDR,NO_SCHEDULE_FOR_DATE,0,No departure slots found for date 2026-08-23 (1 total across other dates)
228225,228,Gorontalo,Ampana,Sulawesi Tengah,Kendaraan,12,Golongan II ,GOL II,2026-08-23,,,,,,IDR,NO_SCHEDULE_FOR_DATE,0,No departure slots found for date 2026-08-23 (1 total across other dates)
228225,228,Gorontalo,Ampana,Sulawesi Tengah,Kendaraan,13,Golongan III,GOL III,2026-08-23,,,,,,IDR,NO_SCHEDULE_FOR_DATE,0,No departure slots found for date 2026-08-23 (1 total across other dates)
228225,228,Gorontalo,Ampana,Sulawesi Tengah,Kendaraan,14,Golongan IV - Penumpang,GOL IV A,2026-08-23,,,,,,IDR,NO_SCHEDULE_FOR_DATE,0,No departure slots found for date 2026-08-23 (1 total across other dates)
228225,228,Gorontalo,Ampana,Sulawesi Tengah,Kendaraan,15,Golongan IV - Barang,GOL IV B,2026-08-23,,,,,,IDR,NO_SCHEDULE_FOR_DATE,0,No departure slots found for date 2026-08-23 (1 total across other dates)
228225,228,Gorontalo,Ampana,Sulawesi Tengah,Kendaraan,16,Golongan V - Penumpang,GOL V A,2026-08-23,,,,,,IDR,NO_SCHEDULE_FOR_DATE,0,No departure slots found for date 2026-08-23 (1 total across other dates)
228225,228,Gorontalo,Ampana,Sulawesi Tengah,Kendaraan,17,Golongan V - Barang,GOL V B,2026-08-23,,,,,,IDR,NO_SCHEDULE_FOR_DATE,0,No departure slots found for date 2026-08-23 (1 total across other dates)
228225,228,Gorontalo,Ampana,Sulawesi Tengah,Kendaraan,18,Golongan VI - Penumpang,GOL VI A,2026-08-23,,,,,,IDR,NO_SCHEDULE_FOR_DATE,0,No departure slots found for date 2026-08-23 (1 total across other dates)
228225,228,Gorontalo,Ampana,Sulawesi Tengah,Kendaraan,19,Golongan VI - Barang,GOL VI B,2026-08-23,,,,,,IDR,NO_SCHEDULE_FOR_DATE,0,No departure slots found for date 2026-08-23 (1 total across other dates)
228225,228,Gorontalo,Ampana,Sulawesi Tengah,Kendaraan,20,Golongan VII,GOL VII,2026-08-23,,,,,,IDR,NO_SCHEDULE_FOR_DATE,0,No departure slots found for date 2026-08-23 (1 total across other dates)
228225,228,Gorontalo,Ampana,Sulawesi Tengah,Kendaraan,21,Golongan VIII,GOL VIII,2026-08-23,,,,,,IDR,NO_SCHEDULE_FOR_DATE,0,No departure slots found for date 2026-08-23 (1 total across other dates)
228225,228,Gorontalo,Ampana,Sulawesi Tengah,Kendaraan,22,Golongan IX,GOL IX,2026-08-23,,,,,,IDR,NO_SCHEDULE_FOR_DATE,0,No departure slots found for date 2026-08-23 (1 total across other dates)
228225,228,Gorontalo,Ampana,Sulawesi Tengah,Pejalan Kaki,3,Dewasa Eksekutif,DEWASA,2026-08-23,,,,,,IDR,NO_SCHEDULE_FOR_DATE,0,No departure slots found for date 2026-08-23 (1 total across other dates)
228225,228,Gorontalo,Ampana,Sulawesi Tengah,Pejalan Kaki,5,Dewasa Bisnis I,DEWASA,2026-08-23,,,,,,IDR,NO_SCHEDULE_FOR_DATE,0,No departure slots found for date 2026-08-23 (1 total across other dates)
228225,228,Gorontalo,Ampana,Sulawesi Tengah,Pejalan Kaki,7,Dewasa Ekonomi,DEWASA,2026-08-23,,,,,,IDR,NO_SCHEDULE_FOR_DATE,0,No departure slots found for date 2026-08-23 (1 total across other dates)
228225,228,Gorontalo,Ampana,Sulawesi Tengah,Pejalan Kaki,9,Bayi Ekonomi,BAYI,2026-08-23,,,,,,IDR,NO_SCHEDULE_FOR_DATE,0,No departure slots found for date 2026-08-23 (1 total across other dates)
228229,228,Gorontalo,Wakai,Sulawesi Tengah,Kendaraan,11,Golongan I,GOL I,2026-08-23,,,,,,IDR,NO_SCHEDULE_FOR_DATE,0,No departure slots found for date 2026-08-23 (1 total across other dates)
228229,228,Gorontalo,Wakai,Sulawesi Tengah,Kendaraan,12,Golongan II ,GOL II,2026-08-23,,,,,,IDR,NO_SCHEDULE_FOR_DATE,0,No departure slots found for date 2026-08-23 (1 total across other dates)
228229,228,Gorontalo,Wakai,Sulawesi Tengah,Kendaraan,13,Golongan III,GOL III,2026-08-23,,,,,,IDR,NO_SCHEDULE_FOR_DATE,0,No departure slots found for date 2026-08-23 (1 total across other dates)
228229,228,Gorontalo,Wakai,Sulawesi Tengah,Kendaraan,14,Golongan IV - Penumpang,GOL IV A,2026-08-23,,,,,,IDR,NO_SCHEDULE_FOR_DATE,0,No departure slots found for date 2026-08-23 (1 total across other dates)
228229,228,Gorontalo,Wakai,Sulawesi Tengah,Kendaraan,15,Golongan IV - Barang,GOL IV B,2026-08-23,,,,,,IDR,NO_SCHEDULE_FOR_DATE,0,No departure slots found for date 2026-08-23 (1 total across other dates)
228229,228,Gorontalo,Wakai,Sulawesi Tengah,Kendaraan,16,Golongan V - Penumpang,GOL V A,2026-08-23,,,,,,IDR,NO_SCHEDULE_FOR_DATE,0,No departure slots found for date 2026-08-23 (1 total across other dates)
228229,228,Gorontalo,Wakai,Sulawesi Tengah,Kendaraan,17,Golongan V - Barang,GOL V B,2026-08-23,,,,,,IDR,NO_SCHEDULE_FOR_DATE,0,No departure slots found for date 2026-08-23 (1 total across other dates)
228229,228,Gorontalo,Wakai,Sulawesi Tengah,Kendaraan,18,Golongan VI - Penumpang,GOL VI A,2026-08-23,,,,,,IDR,NO_SCHEDULE_FOR_DATE,0,No departure slots found for date 2026-08-23 (1 total across other dates)
228229,228,Gorontalo,Wakai,Sulawesi Tengah,Kendaraan,19,Golongan VI - Barang,GOL VI B,2026-08-23,,,,,,IDR,NO_SCHEDULE_FOR_DATE,0,No departure slots found for date 2026-08-23 (1 total across other dates)
228229,228,Gorontalo,Wakai,Sulawesi Tengah,Kendaraan,20,Golongan VII,GOL VII,2026-08-23,,,,,,IDR,NO_SCHEDULE_FOR_DATE,0,No departure slots found for date 2026-08-23 (1 total across other dates)
228229,228,Gorontalo,Wakai,Sulawesi Tengah,Kendaraan,21,Golongan VIII,GOL VIII,2026-08-23,,,,,,IDR,NO_SCHEDULE_FOR_DATE,0,No departure slots found for date 2026-08-23 (1 total across other dates)
228229,228,Gorontalo,Wakai,Sulawesi Tengah,Kendaraan,22,Golongan IX,GOL IX,2026-08-23,,,,,,IDR,NO_SCHEDULE_FOR_DATE,0,No departure slots found for date 2026-08-23 (1 total across other dates)
228229,228,Gorontalo,Wakai,Sulawesi Tengah,Pejalan Kaki,1,Dewasa,DEWASA,2026-08-23,,,,,,IDR,NO_SCHEDULE_FOR_DATE,0,No departure slots found for date 2026-08-23 (1 total across other dates)
228229,228,Gorontalo,Wakai,Sulawesi Tengah,Pejalan Kaki,3,Dewasa Eksekutif,DEWASA,2026-08-23,,,,,,IDR,NO_SCHEDULE_FOR_DATE,0,No departure slots found for date 2026-08-23 (1 total across other dates)
228229,228,Gorontalo,Wakai,Sulawesi Tengah,Pejalan Kaki,5,Dewasa Bisnis I,DEWASA,2026-08-23,,,,,,IDR,NO_SCHEDULE_FOR_DATE,0,No departure slots found for date 2026-08-23 (1 total across other dates)
228229,228,Gorontalo,Wakai,Sulawesi Tengah,Pejalan Kaki,7,Dewasa Ekonomi,DEWASA,2026-08-23,,,,,,IDR,NO_SCHEDULE_FOR_DATE,0,No departure slots found for date 2026-08-23 (1 total across other dates)
228229,228,Gorontalo,Wakai,Sulawesi Tengah,Pejalan Kaki,9,Bayi Ekonomi,BAYI,2026-08-23,,,,,,IDR,NO_SCHEDULE_FOR_DATE,0,No departure slots found for date 2026-08-23 (1 total across other dates)
23,13,Kamal,Ujung,Jawa Timur,Kendaraan,11,Golongan I,GOL I,2026-08-23,06:00,2627160930380747087,100,10000,10000,IDR,OK,200,Ship schedule found.
23,13,Kamal,Ujung,Jawa Timur,Kendaraan,12,Golongan II ,GOL II,2026-08-23,06:00,2627160930380747087,100,15500,15500,IDR,OK,200,Ship schedule found.
23,13,Kamal,Ujung,Jawa Timur,Kendaraan,13,Golongan III,GOL III,2026-08-23,06:00,2627160930380747087,10,22500,22500,IDR,OK,200,Ship schedule found.
23,13,Kamal,Ujung,Jawa Timur,Kendaraan,14,Golongan IV - Penumpang,GOL IV A,2026-08-23,06:00,2627160930380747087,10,62500,62500,IDR,OK,200,Ship schedule found.
23,13,Kamal,Ujung,Jawa Timur,Kendaraan,15,Golongan IV - Barang,GOL IV B,2026-08-23,06:00,2627160930380747087,10,61500,61500,IDR,OK,200,Ship schedule found.
23,13,Kamal,Ujung,Jawa Timur,Kendaraan,16,Golongan V - Penumpang,GOL V A,2026-08-23,06:00,2627160930380747087,10,74000,74000,IDR,OK,200,Ship schedule found.
23,13,Kamal,Ujung,Jawa Timur,Kendaraan,17,Golongan V - Barang,GOL V B,2026-08-23,06:00,2627160930380747087,10,75500,75500,IDR,OK,200,Ship schedule found.
23,13,Kamal,Ujung,Jawa Timur,Kendaraan,18,Golongan VI - Penumpang,GOL VI A,2026-08-23,06:00,2627160930380747087,10,88000,88000,IDR,OK,200,Ship schedule found.
23,13,Kamal,Ujung,Jawa Timur,Kendaraan,19,Golongan VI - Barang,GOL VI B,2026-08-23,06:00,2627160930380747087,10,101000,101000,IDR,OK,200,Ship schedule found.
23,13,Kamal,Ujung,Jawa Timur,Kendaraan,20,Golongan VII,GOL VII,2026-08-23,06:00,2627160930380747087,10,197000,197000,IDR,OK,200,Ship schedule found.
23,13,Kamal,Ujung,Jawa Timur,Kendaraan,21,Golongan VIII,GOL VIII,2026-08-23,06:00,2627160930380747087,0,228000,228000,IDR,OK,200,Ship schedule found.
23,13,Kamal,Ujung,Jawa Timur,Kendaraan,22,Golongan IX,GOL IX,2026-08-23,06:00,2627160930380747087,0,284000,284000,IDR,OK,200,Ship schedule found.
23,13,Kamal,Ujung,Jawa Timur,Pejalan Kaki,10,TNI/POLRI/Pelajar/Mahasiswa,TNI,2026-08-23,06:00,2627160930380747087,,,,IDR,HTTP_400,400,"{""status"": ""false"", ""message"": ""Ship schedule not found."", ""data"": null}"
23,13,Kamal,Ujung,Jawa Timur,Pejalan Kaki,7,Dewasa Ekonomi,DEWASA,2026-08-23,06:00,2627160930380747087,100,8500,8500,IDR,OK,200,Ship schedule found.
23,13,Kamal,Ujung,Jawa Timur,Pejalan Kaki,9,Bayi Ekonomi,BAYI,2026-08-23,06:00,2627160930380747087,100,2000,2000,IDR,OK,200,Ship schedule found.
234228,234,Pagimana,Gorontalo,Gorontalo,Kendaraan,11,Golongan I,GOL I,2026-08-23,,,,,,IDR,NO_SCHEDULE_FOR_DATE,0,No departure slots found for date 2026-08-23 (1 total across other dates)
234228,234,Pagimana,Gorontalo,Gorontalo,Kendaraan,12,Golongan II ,GOL II,2026-08-23,,,,,,IDR,NO_SCHEDULE_FOR_DATE,0,No departure slots found for date 2026-08-23 (1 total across other dates)
234228,234,Pagimana,Gorontalo,Gorontalo,Kendaraan,13,Golongan III,GOL III,2026-08-23,,,,,,IDR,NO_SCHEDULE_FOR_DATE,0,No departure slots found for date 2026-08-23 (1 total across other dates)
234228,234,Pagimana,Gorontalo,Gorontalo,Kendaraan,14,Golongan IV - Penumpang,GOL IV A,2026-08-23,,,,,,IDR,NO_SCHEDULE_FOR_DATE,0,No departure slots found for date 2026-08-23 (1 total across other dates)
234228,234,Pagimana,Gorontalo,Gorontalo,Kendaraan,15,Golongan IV - Barang,GOL IV B,2026-08-23,,,,,,IDR,NO_SCHEDULE_FOR_DATE,0,No departure slots found for date 2026-08-23 (1 total across other dates)
234228,234,Pagimana,Gorontalo,Gorontalo,Kendaraan,16,Golongan V - Penumpang,GOL V A,2026-08-23,,,,,,IDR,NO_SCHEDULE_FOR_DATE,0,No departure slots found for date 2026-08-23 (1 total across other dates)
234228,234,Pagimana,Gorontalo,Gorontalo,Kendaraan,17,Golongan V - Barang,GOL V B,2026-08-23,,,,,,IDR,NO_SCHEDULE_FOR_DATE,0,No departure slots found for date 2026-08-23 (1 total across other dates)
234228,234,Pagimana,Gorontalo,Gorontalo,Kendaraan,18,Golongan VI - Penumpang,GOL VI A,2026-08-23,,,,,,IDR,NO_SCHEDULE_FOR_DATE,0,No departure slots found for date 2026-08-23 (1 total across other dates)
234228,234,Pagimana,Gorontalo,Gorontalo,Kendaraan,19,Golongan VI - Barang,GOL VI B,2026-08-23,,,,,,IDR,NO_SCHEDULE_FOR_DATE,0,No departure slots found for date 2026-08-23 (1 total across other dates)
234228,234,Pagimana,Gorontalo,Gorontalo,Kendaraan,20,Golongan VII,GOL VII,2026-08-23,,,,,,IDR,NO_SCHEDULE_FOR_DATE,0,No departure slots found for date 2026-08-23 (1 total across other dates)
234228,234,Pagimana,Gorontalo,Gorontalo,Kendaraan,21,Golongan VIII,GOL VIII,2026-08-23,,,,,,IDR,NO_SCHEDULE_FOR_DATE,0,No departure slots found for date 2026-08-23 (1 total across other dates)
234228,234,Pagimana,Gorontalo,Gorontalo,Kendaraan,22,Golongan IX,GOL IX,2026-08-23,,,,,,IDR,NO_SCHEDULE_FOR_DATE,0,No departure slots found for date 2026-08-23 (1 total across other dates)
234228,234,Pagimana,Gorontalo,Gorontalo,Pejalan Kaki,3,Dewasa Eksekutif,DEWASA,2026-08-23,,,,,,IDR,NO_SCHEDULE_FOR_DATE,0,No departure slots found for date 2026-08-23 (1 total across other dates)
234228,234,Pagimana,Gorontalo,Gorontalo,Pejalan Kaki,482,EKSEKUTIF BAYI,BAYI,2026-08-23,,,,,,IDR,NO_SCHEDULE_FOR_DATE,0,No departure slots found for date 2026-08-23 (1 total across other dates)
234228,234,Pagimana,Gorontalo,Gorontalo,Pejalan Kaki,483,BISNIS BAYI,BAYI,2026-08-23,,,,,,IDR,NO_SCHEDULE_FOR_DATE,0,No departure slots found for date 2026-08-23 (1 total across other dates)
234228,234,Pagimana,Gorontalo,Gorontalo,Pejalan Kaki,5,Dewasa Bisnis I,DEWASA,2026-08-23,,,,,,IDR,NO_SCHEDULE_FOR_DATE,0,No departure slots found for date 2026-08-23 (1 total across other dates)
234228,234,Pagimana,Gorontalo,Gorontalo,Pejalan Kaki,7,Dewasa Ekonomi,DEWASA,2026-08-23,,,,,,IDR,NO_SCHEDULE_FOR_DATE,0,No departure slots found for date 2026-08-23 (1 total across other dates)
234228,234,Pagimana,Gorontalo,Gorontalo,Pejalan Kaki,9,Bayi Ekonomi,BAYI,2026-08-23,,,,,,IDR,NO_SCHEDULE_FOR_DATE,0,No departure slots found for date 2026-08-23 (1 total across other dates)
25,198,Lembar,Padang Bai,Bali,Kendaraan,11,Golongan I,GOL I,2026-08-23,00:00,2627160930380751725,100,81600,81600,IDR,OK,200,Ship schedule found.
25,198,Lembar,Padang Bai,Bali,Kendaraan,12,Golongan II ,GOL II,2026-08-23,00:00,2627160930380751725,99,169400,169400,IDR,OK,200,Ship schedule found.
25,198,Lembar,Padang Bai,Bali,Kendaraan,13,Golongan III,GOL III,2026-08-23,00:00,2627160930380751725,100,329600,329600,IDR,OK,200,Ship schedule found.
25,198,Lembar,Padang Bai,Bali,Kendaraan,14,Golongan IV - Penumpang,GOL IV A,2026-08-23,00:00,2627160930380751725,100,1184100,1184100,IDR,OK,200,Ship schedule found.
25,198,Lembar,Padang Bai,Bali,Kendaraan,15,Golongan IV - Barang,GOL IV B,2026-08-23,00:00,2627160930380751725,100,1116200,1116200,IDR,OK,200,Ship schedule found.
25,198,Lembar,Padang Bai,Bali,Kendaraan,16,Golongan V - Penumpang,GOL V A,2026-08-23,00:00,2627160930380751725,100,2251300,2251300,IDR,OK,200,Ship schedule found.
25,198,Lembar,Padang Bai,Bali,Kendaraan,17,Golongan V - Barang,GOL V B,2026-08-23,00:00,2627160930380751725,100,1887500,1887500,IDR,OK,200,Ship schedule found.
25,198,Lembar,Padang Bai,Bali,Kendaraan,18,Golongan VI - Penumpang,GOL VI A,2026-08-23,00:00,2627160930380751725,100,3677300,3677300,IDR,OK,200,Ship schedule found.
25,198,Lembar,Padang Bai,Bali,Kendaraan,19,Golongan VI - Barang,GOL VI B,2026-08-23,00:00,2627160930380751725,100,3160200,3160200,IDR,OK,200,Ship schedule found.
25,198,Lembar,Padang Bai,Bali,Kendaraan,20,Golongan VII,GOL VII,2026-08-23,00:00,2627160930380751725,100,4059800,4059800,IDR,OK,200,Ship schedule found.
25,198,Lembar,Padang Bai,Bali,Kendaraan,21,Golongan VIII,GOL VIII,2026-08-23,00:00,2627160930380751725,0,5699800,5699800,IDR,OK,200,Ship schedule found.
25,198,Lembar,Padang Bai,Bali,Kendaraan,22,Golongan IX,GOL IX,2026-08-23,00:00,2627160930380751725,0,8265800,8265800,IDR,OK,200,Ship schedule found.
25,198,Lembar,Padang Bai,Bali,Pejalan Kaki,7,Dewasa Ekonomi,DEWASA,2026-08-23,00:00,2627160930380751725,100,65300,65300,IDR,OK,200,Ship schedule found.
25,198,Lembar,Padang Bai,Bali,Pejalan Kaki,9,Bayi Ekonomi,BAYI,2026-08-23,00:00,2627160930380751725,100,6100,6100,IDR,OK,200,Ship schedule found.
26,196,Padang Bai,Lembar,Nusa Tenggara Barat,Kendaraan,11,Golongan I,GOL I,2026-08-23,00:00,2627160930380745848,30,81600,81600,IDR,OK,200,Ship schedule found.
26,196,Padang Bai,Lembar,Nusa Tenggara Barat,Kendaraan,12,Golongan II ,GOL II,2026-08-23,00:00,2627160930380745848,100,169400,169400,IDR,OK,200,Ship schedule found.
26,196,Padang Bai,Lembar,Nusa Tenggara Barat,Kendaraan,13,Golongan III,GOL III,2026-08-23,00:00,2627160930380745848,30,329600,329600,IDR,OK,200,Ship schedule found.
26,196,Padang Bai,Lembar,Nusa Tenggara Barat,Kendaraan,14,Golongan IV - Penumpang,GOL IV A,2026-08-23,00:00,2627160930380745848,29,1184100,1184100,IDR,OK,200,Ship schedule found.
26,196,Padang Bai,Lembar,Nusa Tenggara Barat,Kendaraan,15,Golongan IV - Barang,GOL IV B,2026-08-23,00:00,2627160930380745848,30,1116200,1116200,IDR,OK,200,Ship schedule found.
26,196,Padang Bai,Lembar,Nusa Tenggara Barat,Kendaraan,16,Golongan V - Penumpang,GOL V A,2026-08-23,00:00,2627160930380745848,30,2251300,2251300,IDR,OK,200,Ship schedule found.
26,196,Padang Bai,Lembar,Nusa Tenggara Barat,Kendaraan,17,Golongan V - Barang,GOL V B,2026-08-23,00:00,2627160930380745848,30,1887500,1887500,IDR,OK,200,Ship schedule found.
26,196,Padang Bai,Lembar,Nusa Tenggara Barat,Kendaraan,18,Golongan VI - Penumpang,GOL VI A,2026-08-23,00:00,2627160930380745848,30,3677300,3677300,IDR,OK,200,Ship schedule found.
26,196,Padang Bai,Lembar,Nusa Tenggara Barat,Kendaraan,19,Golongan VI - Barang,GOL VI B,2026-08-23,00:00,2627160930380745848,30,3160200,3160200,IDR,OK,200,Ship schedule found.
26,196,Padang Bai,Lembar,Nusa Tenggara Barat,Kendaraan,20,Golongan VII,GOL VII,2026-08-23,00:00,2627160930380745848,30,4059800,4059800,IDR,OK,200,Ship schedule found.
26,196,Padang Bai,Lembar,Nusa Tenggara Barat,Kendaraan,21,Golongan VIII,GOL VIII,2026-08-23,00:00,2627160930380745848,30,5699800,5699800,IDR,OK,200,Ship schedule found.
26,196,Padang Bai,Lembar,Nusa Tenggara Barat,Kendaraan,22,Golongan IX,GOL IX,2026-08-23,00:00,2627160930380745848,30,8265800,8265800,IDR,OK,200,Ship schedule found.
26,196,Padang Bai,Lembar,Nusa Tenggara Barat,Pejalan Kaki,7,Dewasa Ekonomi,DEWASA,2026-08-23,00:00,2627160930380745848,299,65300,65300,IDR,OK,200,Ship schedule found.
26,196,Padang Bai,Lembar,Nusa Tenggara Barat,Pejalan Kaki,9,Bayi Ekonomi,BAYI,2026-08-23,00:00,2627160930380745848,30,6100,6100,IDR,OK,200,Ship schedule found.
261032,26,Tanjung Uban,Letung,Kepulauan Riau,Kendaraan,11,Golongan I,GOL I,2026-08-23,,,,,,IDR,NO_SCHEDULE_FOR_DATE,0,No departure slots found for date 2026-08-23 (1 total across other dates)
261032,26,Tanjung Uban,Letung,Kepulauan Riau,Kendaraan,12,Golongan II ,GOL II,2026-08-23,,,,,,IDR,NO_SCHEDULE_FOR_DATE,0,No departure slots found for date 2026-08-23 (1 total across other dates)
261032,26,Tanjung Uban,Letung,Kepulauan Riau,Kendaraan,13,Golongan III,GOL III,2026-08-23,,,,,,IDR,NO_SCHEDULE_FOR_DATE,0,No departure slots found for date 2026-08-23 (1 total across other dates)
261032,26,Tanjung Uban,Letung,Kepulauan Riau,Kendaraan,14,Golongan IV - Penumpang,GOL IV A,2026-08-23,,,,,,IDR,NO_SCHEDULE_FOR_DATE,0,No departure slots found for date 2026-08-23 (1 total across other dates)
261032,26,Tanjung Uban,Letung,Kepulauan Riau,Kendaraan,15,Golongan IV - Barang,GOL IV B,2026-08-23,,,,,,IDR,NO_SCHEDULE_FOR_DATE,0,No departure slots found for date 2026-08-23 (1 total across other dates)
261032,26,Tanjung Uban,Letung,Kepulauan Riau,Kendaraan,16,Golongan V - Penumpang,GOL V A,2026-08-23,,,,,,IDR,NO_SCHEDULE_FOR_DATE,0,No departure slots found for date 2026-08-23 (1 total across other dates)
261032,26,Tanjung Uban,Letung,Kepulauan Riau,Kendaraan,17,Golongan V - Barang,GOL V B,2026-08-23,,,,,,IDR,NO_SCHEDULE_FOR_DATE,0,No departure slots found for date 2026-08-23 (1 total across other dates)
261032,26,Tanjung Uban,Letung,Kepulauan Riau,Kendaraan,18,Golongan VI - Penumpang,GOL VI A,2026-08-23,,,,,,IDR,NO_SCHEDULE_FOR_DATE,0,No departure slots found for date 2026-08-23 (1 total across other dates)
261032,26,Tanjung Uban,Letung,Kepulauan Riau,Kendaraan,19,Golongan VI - Barang,GOL VI B,2026-08-23,,,,,,IDR,NO_SCHEDULE_FOR_DATE,0,No departure slots found for date 2026-08-23 (1 total across other dates)
261032,26,Tanjung Uban,Letung,Kepulauan Riau,Kendaraan,20,Golongan VII,GOL VII,2026-08-23,,,,,,IDR,NO_SCHEDULE_FOR_DATE,0,No departure slots found for date 2026-08-23 (1 total across other dates)
261032,26,Tanjung Uban,Letung,Kepulauan Riau,Kendaraan,21,Golongan VIII,GOL VIII,2026-08-23,,,,,,IDR,NO_SCHEDULE_FOR_DATE,0,No departure slots found for date 2026-08-23 (1 total across other dates)
261032,26,Tanjung Uban,Letung,Kepulauan Riau,Kendaraan,22,Golongan IX,GOL IX,2026-08-23,,,,,,IDR,NO_SCHEDULE_FOR_DATE,0,No departure slots found for date 2026-08-23 (1 total across other dates)
261032,26,Tanjung Uban,Letung,Kepulauan Riau,Pejalan Kaki,1,Dewasa,DEWASA,2026-08-23,,,,,,IDR,NO_SCHEDULE_FOR_DATE,0,No departure slots found for date 2026-08-23 (1 total across other dates)
261032,26,Tanjung Uban,Letung,Kepulauan Riau,Pejalan Kaki,9,Bayi Ekonomi,BAYI,2026-08-23,,,,,,IDR,NO_SCHEDULE_FOR_DATE,0,No departure slots found for date 2026-08-23 (1 total across other dates)
27,196,Padang Bai,Nusa Penida,Bali,Kendaraan,11,Golongan I,GOL I,2026-08-23,,,,,,IDR,SCHEDULE_DATA_NOT_FOUND,0,Gateway returned no schedule data for route
27,196,Padang Bai,Nusa Penida,Bali,Kendaraan,12,Golongan II ,GOL II,2026-08-23,,,,,,IDR,SCHEDULE_DATA_NOT_FOUND,0,Gateway returned no schedule data for route
27,196,Padang Bai,Nusa Penida,Bali,Kendaraan,13,Golongan III,GOL III,2026-08-23,,,,,,IDR,SCHEDULE_DATA_NOT_FOUND,0,Gateway returned no schedule data for route
27,196,Padang Bai,Nusa Penida,Bali,Kendaraan,14,Golongan IV - Penumpang,GOL IV A,2026-08-23,,,,,,IDR,SCHEDULE_DATA_NOT_FOUND,0,Gateway returned no schedule data for route
27,196,Padang Bai,Nusa Penida,Bali,Kendaraan,15,Golongan IV - Barang,GOL IV B,2026-08-23,,,,,,IDR,SCHEDULE_DATA_NOT_FOUND,0,Gateway returned no schedule data for route
27,196,Padang Bai,Nusa Penida,Bali,Kendaraan,16,Golongan V - Penumpang,GOL V A,2026-08-23,,,,,,IDR,SCHEDULE_DATA_NOT_FOUND,0,Gateway returned no schedule data for route
27,196,Padang Bai,Nusa Penida,Bali,Kendaraan,17,Golongan V - Barang,GOL V B,2026-08-23,,,,,,IDR,SCHEDULE_DATA_NOT_FOUND,0,Gateway returned no schedule data for route
27,196,Padang Bai,Nusa Penida,Bali,Kendaraan,18,Golongan VI - Penumpang,GOL VI A,2026-08-23,,,,,,IDR,SCHEDULE_DATA_NOT_FOUND,0,Gateway returned no schedule data for route
27,196,Padang Bai,Nusa Penida,Bali,Kendaraan,19,Golongan VI - Barang,GOL VI B,2026-08-23,,,,,,IDR,SCHEDULE_DATA_NOT_FOUND,0,Gateway returned no schedule data for route
27,196,Padang Bai,Nusa Penida,Bali,Kendaraan,20,Golongan VII,GOL VII,2026-08-23,,,,,,IDR,SCHEDULE_DATA_NOT_FOUND,0,Gateway returned no schedule data for route
27,196,Padang Bai,Nusa Penida,Bali,Kendaraan,21,Golongan VIII,GOL VIII,2026-08-23,,,,,,IDR,SCHEDULE_DATA_NOT_FOUND,0,Gateway returned no schedule data for route
27,196,Padang Bai,Nusa Penida,Bali,Kendaraan,22,Golongan IX,GOL IX,2026-08-23,,,,,,IDR,SCHEDULE_DATA_NOT_FOUND,0,Gateway returned no schedule data for route
27,196,Padang Bai,Nusa Penida,Bali,Pejalan Kaki,7,Dewasa Ekonomi,DEWASA,2026-08-23,,,,,,IDR,SCHEDULE_DATA_NOT_FOUND,0,Gateway returned no schedule data for route
27,196,Padang Bai,Nusa Penida,Bali,Pejalan Kaki,8,Anak - Anak Ekonomi,ANAK,2026-08-23,,,,,,IDR,SCHEDULE_DATA_NOT_FOUND,0,Gateway returned no schedule data for route
284296,284,Manokwari,Biak,Papua,Kendaraan,11,Golongan I,GOL I,2026-08-23,,,,,,IDR,SCHEDULE_DATA_NOT_FOUND,0,Gateway returned no schedule data for route
284296,284,Manokwari,Biak,Papua,Kendaraan,12,Golongan II ,GOL II,2026-08-23,,,,,,IDR,SCHEDULE_DATA_NOT_FOUND,0,Gateway returned no schedule data for route
284296,284,Manokwari,Biak,Papua,Kendaraan,13,Golongan III,GOL III,2026-08-23,,,,,,IDR,SCHEDULE_DATA_NOT_FOUND,0,Gateway returned no schedule data for route
284296,284,Manokwari,Biak,Papua,Kendaraan,14,Golongan IV - Penumpang,GOL IV A,2026-08-23,,,,,,IDR,SCHEDULE_DATA_NOT_FOUND,0,Gateway returned no schedule data for route
284296,284,Manokwari,Biak,Papua,Kendaraan,15,Golongan IV - Barang,GOL IV B,2026-08-23,,,,,,IDR,SCHEDULE_DATA_NOT_FOUND,0,Gateway returned no schedule data for route
284296,284,Manokwari,Biak,Papua,Kendaraan,16,Golongan V - Penumpang,GOL V A,2026-08-23,,,,,,IDR,SCHEDULE_DATA_NOT_FOUND,0,Gateway returned no schedule data for route
284296,284,Manokwari,Biak,Papua,Kendaraan,17,Golongan V - Barang,GOL V B,2026-08-23,,,,,,IDR,SCHEDULE_DATA_NOT_FOUND,0,Gateway returned no schedule data for route
284296,284,Manokwari,Biak,Papua,Kendaraan,18,Golongan VI - Penumpang,GOL VI A,2026-08-23,,,,,,IDR,SCHEDULE_DATA_NOT_FOUND,0,Gateway returned no schedule data for route
284296,284,Manokwari,Biak,Papua,Kendaraan,19,Golongan VI - Barang,GOL VI B,2026-08-23,,,,,,IDR,SCHEDULE_DATA_NOT_FOUND,0,Gateway returned no schedule data for route
284296,284,Manokwari,Biak,Papua,Kendaraan,20,Golongan VII,GOL VII,2026-08-23,,,,,,IDR,SCHEDULE_DATA_NOT_FOUND,0,Gateway returned no schedule data for route
284296,284,Manokwari,Biak,Papua,Kendaraan,21,Golongan VIII,GOL VIII,2026-08-23,,,,,,IDR,SCHEDULE_DATA_NOT_FOUND,0,Gateway returned no schedule data for route
284296,284,Manokwari,Biak,Papua,Kendaraan,22,Golongan IX,GOL IX,2026-08-23,,,,,,IDR,SCHEDULE_DATA_NOT_FOUND,0,Gateway returned no schedule data for route
284296,284,Manokwari,Biak,Papua,Pejalan Kaki,3,Dewasa Eksekutif,DEWASA,2026-08-23,,,,,,IDR,SCHEDULE_DATA_NOT_FOUND,0,Gateway returned no schedule data for route
284296,284,Manokwari,Biak,Papua,Pejalan Kaki,4,Anak - Anak Eksekutif,ANAK,2026-08-23,,,,,,IDR,SCHEDULE_DATA_NOT_FOUND,0,Gateway returned no schedule data for route
284296,284,Manokwari,Biak,Papua,Pejalan Kaki,5,Dewasa Bisnis I,DEWASA,2026-08-23,,,,,,IDR,SCHEDULE_DATA_NOT_FOUND,0,Gateway returned no schedule data for route
284296,284,Manokwari,Biak,Papua,Pejalan Kaki,504,Bayi Bisnis,BAYI,2026-08-23,,,,,,IDR,SCHEDULE_DATA_NOT_FOUND,0,Gateway returned no schedule data for route
284296,284,Manokwari,Biak,Papua,Pejalan Kaki,505,Bayi Eksekutif,BAYI,2026-08-23,,,,,,IDR,SCHEDULE_DATA_NOT_FOUND,0,Gateway returned no schedule data for route
284296,284,Manokwari,Biak,Papua,Pejalan Kaki,525,SUPLESI BAYI EKONOMI KE BISNIS,SUPLESI,2026-08-23,,,,,,IDR,SCHEDULE_DATA_NOT_FOUND,0,Gateway returned no schedule data for route
284296,284,Manokwari,Biak,Papua,Pejalan Kaki,554,SUPLESI BAYI EKONOMI KE EKSEKUTIF,SUPLESI,2026-08-23,,,,,,IDR,SCHEDULE_DATA_NOT_FOUND,0,Gateway returned no schedule data for route
284296,284,Manokwari,Biak,Papua,Pejalan Kaki,580,SUPLESI BAYI BISNIS KE EKSEKUTIF,SUPLESI,2026-08-23,,,,,,IDR,SCHEDULE_DATA_NOT_FOUND,0,Gateway returned no schedule data for route
284296,284,Manokwari,Biak,Papua,Pejalan Kaki,6,Anak - Anak Bisnis I,ANAK,2026-08-23,,,,,,IDR,SCHEDULE_DATA_NOT_FOUND,0,Gateway returned no schedule data for route
284296,284,Manokwari,Biak,Papua,Pejalan Kaki,7,Dewasa Ekonomi,DEWASA,2026-08-23,,,,,,IDR,SCHEDULE_DATA_NOT_FOUND,0,Gateway returned no schedule data for route
284296,284,Manokwari,Biak,Papua,Pejalan Kaki,8,Anak - Anak Ekonomi,ANAK,2026-08-23,,,,,,IDR,SCHEDULE_DATA_NOT_FOUND,0,Gateway returned no schedule data for route
284296,284,Manokwari,Biak,Papua,Pejalan Kaki,9,Bayi Ekonomi,BAYI,2026-08-23,,,,,,IDR,SCHEDULE_DATA_NOT_FOUND,0,Gateway returned no schedule data for route
29,195,Kayangan,Pototano,Nusa Tenggara Barat,Kendaraan,11,Golongan I,GOL I,2026-08-23,00:00,2627160930380752703,300,32000,32000,IDR,OK,200,Ship schedule found.
29,195,Kayangan,Pototano,Nusa Tenggara Barat,Kendaraan,12,Golongan II ,GOL II,2026-08-23,00:00,2627160930380752703,300,75000,75000,IDR,OK,200,Ship schedule found.
29,195,Kayangan,Pototano,Nusa Tenggara Barat,Kendaraan,13,Golongan III,GOL III,2026-08-23,00:00,2627160930380752703,300,130000,130000,IDR,OK,200,Ship schedule found.
29,195,Kayangan,Pototano,Nusa Tenggara Barat,Kendaraan,14,Golongan IV - Penumpang,GOL IV A,2026-08-23,00:00,2627160930380752703,300,563000,563000,IDR,OK,200,Ship schedule found.
29,195,Kayangan,Pototano,Nusa Tenggara Barat,Kendaraan,15,Golongan IV - Barang,GOL IV B,2026-08-23,00:00,2627160930380752703,300,502000,502000,IDR,OK,200,Ship schedule found.
29,195,Kayangan,Pototano,Nusa Tenggara Barat,Kendaraan,16,Golongan V - Penumpang,GOL V A,2026-08-23,00:00,2627160930380752703,300,893000,893000,IDR,OK,200,Ship schedule found.
29,195,Kayangan,Pototano,Nusa Tenggara Barat,Kendaraan,17,Golongan V - Barang,GOL V B,2026-08-23,00:00,2627160930380752703,300,760000,760000,IDR,OK,200,Ship schedule found.
29,195,Kayangan,Pototano,Nusa Tenggara Barat,Kendaraan,18,Golongan VI - Penumpang,GOL VI A,2026-08-23,00:00,2627160930380752703,300,1307000,1307000,IDR,OK,200,Ship schedule found.
29,195,Kayangan,Pototano,Nusa Tenggara Barat,Kendaraan,19,Golongan VI - Barang,GOL VI B,2026-08-23,00:00,2627160930380752703,300,1223000,1223000,IDR,OK,200,Ship schedule found.
29,195,Kayangan,Pototano,Nusa Tenggara Barat,Kendaraan,20,Golongan VII,GOL VII,2026-08-23,00:00,2627160930380752703,300,1869000,1869000,IDR,OK,200,Ship schedule found.
29,195,Kayangan,Pototano,Nusa Tenggara Barat,Kendaraan,21,Golongan VIII,GOL VIII,2026-08-23,00:00,2627160930380752703,300,2153000,2153000,IDR,OK,200,Ship schedule found.
29,195,Kayangan,Pototano,Nusa Tenggara Barat,Kendaraan,22,Golongan IX,GOL IX,2026-08-23,00:00,2627160930380752703,300,2265000,2265000,IDR,OK,200,Ship schedule found.
29,195,Kayangan,Pototano,Nusa Tenggara Barat,Pejalan Kaki,7,Dewasa Ekonomi,DEWASA,2026-08-23,00:00,2627160930380752703,300,18800,18800,IDR,OK,200,Ship schedule found.
29,195,Kayangan,Pototano,Nusa Tenggara Barat,Pejalan Kaki,9,Bayi Ekonomi,BAYI,2026-08-23,00:00,2627160930380752703,300,5200,5200,IDR,OK,200,Ship schedule found.
296284,296,Biak,Manokwari,Papua Barat,Kendaraan,11,Golongan I,GOL I,2026-08-23,,,,,,IDR,SCHEDULE_DATA_NOT_FOUND,0,Gateway returned no schedule data for route
296284,296,Biak,Manokwari,Papua Barat,Kendaraan,12,Golongan II ,GOL II,2026-08-23,,,,,,IDR,SCHEDULE_DATA_NOT_FOUND,0,Gateway returned no schedule data for route
296284,296,Biak,Manokwari,Papua Barat,Kendaraan,13,Golongan III,GOL III,2026-08-23,,,,,,IDR,SCHEDULE_DATA_NOT_FOUND,0,Gateway returned no schedule data for route
296284,296,Biak,Manokwari,Papua Barat,Kendaraan,14,Golongan IV - Penumpang,GOL IV A,2026-08-23,,,,,,IDR,SCHEDULE_DATA_NOT_FOUND,0,Gateway returned no schedule data for route
296284,296,Biak,Manokwari,Papua Barat,Kendaraan,15,Golongan IV - Barang,GOL IV B,2026-08-23,,,,,,IDR,SCHEDULE_DATA_NOT_FOUND,0,Gateway returned no schedule data for route
296284,296,Biak,Manokwari,Papua Barat,Kendaraan,16,Golongan V - Penumpang,GOL V A,2026-08-23,,,,,,IDR,SCHEDULE_DATA_NOT_FOUND,0,Gateway returned no schedule data for route
296284,296,Biak,Manokwari,Papua Barat,Kendaraan,17,Golongan V - Barang,GOL V B,2026-08-23,,,,,,IDR,SCHEDULE_DATA_NOT_FOUND,0,Gateway returned no schedule data for route
296284,296,Biak,Manokwari,Papua Barat,Kendaraan,18,Golongan VI - Penumpang,GOL VI A,2026-08-23,,,,,,IDR,SCHEDULE_DATA_NOT_FOUND,0,Gateway returned no schedule data for route
296284,296,Biak,Manokwari,Papua Barat,Kendaraan,19,Golongan VI - Barang,GOL VI B,2026-08-23,,,,,,IDR,SCHEDULE_DATA_NOT_FOUND,0,Gateway returned no schedule data for route
296284,296,Biak,Manokwari,Papua Barat,Kendaraan,20,Golongan VII,GOL VII,2026-08-23,,,,,,IDR,SCHEDULE_DATA_NOT_FOUND,0,Gateway returned no schedule data for route
296284,296,Biak,Manokwari,Papua Barat,Kendaraan,21,Golongan VIII,GOL VIII,2026-08-23,,,,,,IDR,SCHEDULE_DATA_NOT_FOUND,0,Gateway returned no schedule data for route
296284,296,Biak,Manokwari,Papua Barat,Kendaraan,22,Golongan IX,GOL IX,2026-08-23,,,,,,IDR,SCHEDULE_DATA_NOT_FOUND,0,Gateway returned no schedule data for route
296284,296,Biak,Manokwari,Papua Barat,Pejalan Kaki,3,Dewasa Eksekutif,DEWASA,2026-08-23,,,,,,IDR,SCHEDULE_DATA_NOT_FOUND,0,Gateway returned no schedule data for route
296284,296,Biak,Manokwari,Papua Barat,Pejalan Kaki,4,Anak - Anak Eksekutif,ANAK,2026-08-23,,,,,,IDR,SCHEDULE_DATA_NOT_FOUND,0,Gateway returned no schedule data for route
296284,296,Biak,Manokwari,Papua Barat,Pejalan Kaki,482,EKSEKUTIF BAYI,BAYI,2026-08-23,,,,,,IDR,SCHEDULE_DATA_NOT_FOUND,0,Gateway returned no schedule data for route
296284,296,Biak,Manokwari,Papua Barat,Pejalan Kaki,483,BISNIS BAYI,BAYI,2026-08-23,,,,,,IDR,SCHEDULE_DATA_NOT_FOUND,0,Gateway returned no schedule data for route
296284,296,Biak,Manokwari,Papua Barat,Pejalan Kaki,5,Dewasa Bisnis I,DEWASA,2026-08-23,,,,,,IDR,SCHEDULE_DATA_NOT_FOUND,0,Gateway returned no schedule data for route
296284,296,Biak,Manokwari,Papua Barat,Pejalan Kaki,525,SUPLESI BAYI EKONOMI KE BISNIS,SUPLESI,2026-08-23,,,,,,IDR,SCHEDULE_DATA_NOT_FOUND,0,Gateway returned no schedule data for route
296284,296,Biak,Manokwari,Papua Barat,Pejalan Kaki,554,SUPLESI BAYI EKONOMI KE EKSEKUTIF,SUPLESI,2026-08-23,,,,,,IDR,SCHEDULE_DATA_NOT_FOUND,0,Gateway returned no schedule data for route
296284,296,Biak,Manokwari,Papua Barat,Pejalan Kaki,580,SUPLESI BAYI BISNIS KE EKSEKUTIF,SUPLESI,2026-08-23,,,,,,IDR,SCHEDULE_DATA_NOT_FOUND,0,Gateway returned no schedule data for route
296284,296,Biak,Manokwari,Papua Barat,Pejalan Kaki,6,Anak - Anak Bisnis I,ANAK,2026-08-23,,,,,,IDR,SCHEDULE_DATA_NOT_FOUND,0,Gateway returned no schedule data for route
296284,296,Biak,Manokwari,Papua Barat,Pejalan Kaki,7,Dewasa Ekonomi,DEWASA,2026-08-23,,,,,,IDR,SCHEDULE_DATA_NOT_FOUND,0,Gateway returned no schedule data for route
296284,296,Biak,Manokwari,Papua Barat,Pejalan Kaki,8,Anak - Anak Ekonomi,ANAK,2026-08-23,,,,,,IDR,SCHEDULE_DATA_NOT_FOUND,0,Gateway returned no schedule data for route
296284,296,Biak,Manokwari,Papua Barat,Pejalan Kaki,9,Bayi Ekonomi,BAYI,2026-08-23,,,,,,IDR,SCHEDULE_DATA_NOT_FOUND,0,Gateway returned no schedule data for route
296300,296,Biak,Nabire,Papua Tengah,Kendaraan,11,Golongan I,GOL I,2026-08-23,,,,,,IDR,SCHEDULE_DATA_NOT_FOUND,0,Gateway returned no schedule data for route
296300,296,Biak,Nabire,Papua Tengah,Kendaraan,12,Golongan II ,GOL II,2026-08-23,,,,,,IDR,SCHEDULE_DATA_NOT_FOUND,0,Gateway returned no schedule data for route
296300,296,Biak,Nabire,Papua Tengah,Kendaraan,13,Golongan III,GOL III,2026-08-23,,,,,,IDR,SCHEDULE_DATA_NOT_FOUND,0,Gateway returned no schedule data for route
296300,296,Biak,Nabire,Papua Tengah,Kendaraan,14,Golongan IV - Penumpang,GOL IV A,2026-08-23,,,,,,IDR,SCHEDULE_DATA_NOT_FOUND,0,Gateway returned no schedule data for route
296300,296,Biak,Nabire,Papua Tengah,Kendaraan,15,Golongan IV - Barang,GOL IV B,2026-08-23,,,,,,IDR,SCHEDULE_DATA_NOT_FOUND,0,Gateway returned no schedule data for route
296300,296,Biak,Nabire,Papua Tengah,Kendaraan,16,Golongan V - Penumpang,GOL V A,2026-08-23,,,,,,IDR,SCHEDULE_DATA_NOT_FOUND,0,Gateway returned no schedule data for route
296300,296,Biak,Nabire,Papua Tengah,Kendaraan,17,Golongan V - Barang,GOL V B,2026-08-23,,,,,,IDR,SCHEDULE_DATA_NOT_FOUND,0,Gateway returned no schedule data for route
296300,296,Biak,Nabire,Papua Tengah,Kendaraan,18,Golongan VI - Penumpang,GOL VI A,2026-08-23,,,,,,IDR,SCHEDULE_DATA_NOT_FOUND,0,Gateway returned no schedule data for route
296300,296,Biak,Nabire,Papua Tengah,Kendaraan,19,Golongan VI - Barang,GOL VI B,2026-08-23,,,,,,IDR,SCHEDULE_DATA_NOT_FOUND,0,Gateway returned no schedule data for route
296300,296,Biak,Nabire,Papua Tengah,Kendaraan,20,Golongan VII,GOL VII,2026-08-23,,,,,,IDR,SCHEDULE_DATA_NOT_FOUND,0,Gateway returned no schedule data for route
296300,296,Biak,Nabire,Papua Tengah,Kendaraan,21,Golongan VIII,GOL VIII,2026-08-23,,,,,,IDR,SCHEDULE_DATA_NOT_FOUND,0,Gateway returned no schedule data for route
296300,296,Biak,Nabire,Papua Tengah,Kendaraan,22,Golongan IX,GOL IX,2026-08-23,,,,,,IDR,SCHEDULE_DATA_NOT_FOUND,0,Gateway returned no schedule data for route
296300,296,Biak,Nabire,Papua Tengah,Pejalan Kaki,3,Dewasa Eksekutif,DEWASA,2026-08-23,,,,,,IDR,SCHEDULE_DATA_NOT_FOUND,0,Gateway returned no schedule data for route
296300,296,Biak,Nabire,Papua Tengah,Pejalan Kaki,4,Anak - Anak Eksekutif,ANAK,2026-08-23,,,,,,IDR,SCHEDULE_DATA_NOT_FOUND,0,Gateway returned no schedule data for route
296300,296,Biak,Nabire,Papua Tengah,Pejalan Kaki,482,EKSEKUTIF BAYI,BAYI,2026-08-23,,,,,,IDR,SCHEDULE_DATA_NOT_FOUND,0,Gateway returned no schedule data for route
296300,296,Biak,Nabire,Papua Tengah,Pejalan Kaki,7,Dewasa Ekonomi,DEWASA,2026-08-23,,,,,,IDR,SCHEDULE_DATA_NOT_FOUND,0,Gateway returned no schedule data for route
296300,296,Biak,Nabire,Papua Tengah,Pejalan Kaki,9,Bayi Ekonomi,BAYI,2026-08-23,,,,,,IDR,SCHEDULE_DATA_NOT_FOUND,0,Gateway returned no schedule data for route
30,194,Pototano,Kayangan,Nusa Tenggara Barat,Kendaraan,11,Golongan I,GOL I,2026-08-23,00:00,2627160930380736357,10,32000,32000,IDR,OK,200,Ship schedule found.
30,194,Pototano,Kayangan,Nusa Tenggara Barat,Kendaraan,12,Golongan II ,GOL II,2026-08-23,00:00,2627160930380736357,60,75000,75000,IDR,OK,200,Ship schedule found.
30,194,Pototano,Kayangan,Nusa Tenggara Barat,Kendaraan,13,Golongan III,GOL III,2026-08-23,00:00,2627160930380736357,10,130000,130000,IDR,OK,200,Ship schedule found.
30,194,Pototano,Kayangan,Nusa Tenggara Barat,Kendaraan,14,Golongan IV - Penumpang,GOL IV A,2026-08-23,00:00,2627160930380736357,30,563000,563000,IDR,OK,200,Ship schedule found.
30,194,Pototano,Kayangan,Nusa Tenggara Barat,Kendaraan,15,Golongan IV - Barang,GOL IV B,2026-08-23,00:00,2627160930380736357,30,502000,502000,IDR,OK,200,Ship schedule found.
30,194,Pototano,Kayangan,Nusa Tenggara Barat,Kendaraan,16,Golongan V - Penumpang,GOL V A,2026-08-23,00:00,2627160930380736357,15,893000,893000,IDR,OK,200,Ship schedule found.
30,194,Pototano,Kayangan,Nusa Tenggara Barat,Kendaraan,17,Golongan V - Barang,GOL V B,2026-08-23,00:00,2627160930380736357,30,760000,760000,IDR,OK,200,Ship schedule found.
30,194,Pototano,Kayangan,Nusa Tenggara Barat,Kendaraan,18,Golongan VI - Penumpang,GOL VI A,2026-08-23,00:00,2627160930380736357,15,1307000,1307000,IDR,OK,200,Ship schedule found.
30,194,Pototano,Kayangan,Nusa Tenggara Barat,Kendaraan,19,Golongan VI - Barang,GOL VI B,2026-08-23,00:00,2627160930380736357,30,1223000,1223000,IDR,OK,200,Ship schedule found.
30,194,Pototano,Kayangan,Nusa Tenggara Barat,Kendaraan,20,Golongan VII,GOL VII,2026-08-23,00:00,2627160930380736357,10,1869000,1869000,IDR,OK,200,Ship schedule found.
30,194,Pototano,Kayangan,Nusa Tenggara Barat,Kendaraan,21,Golongan VIII,GOL VIII,2026-08-23,00:00,2627160930380736357,10,2153000,2153000,IDR,OK,200,Ship schedule found.
30,194,Pototano,Kayangan,Nusa Tenggara Barat,Kendaraan,22,Golongan IX,GOL IX,2026-08-23,00:00,2627160930380736357,10,2265000,2265000,IDR,OK,200,Ship schedule found.
30,194,Pototano,Kayangan,Nusa Tenggara Barat,Pejalan Kaki,7,Dewasa Ekonomi,DEWASA,2026-08-23,00:00,2627160930380736357,300,18800,18800,IDR,OK,200,Ship schedule found.
30,194,Pototano,Kayangan,Nusa Tenggara Barat,Pejalan Kaki,9,Bayi Ekonomi,BAYI,2026-08-23,00:00,2627160930380736357,15,5200,5200,IDR,OK,200,Ship schedule found.
3002,3,Jepara,Karimun Jawa,Jawa Tengah,Kendaraan,11,Golongan I,GOL I,2026-08-23,,,,,,IDR,NO_SCHEDULE_FOR_DATE,0,No departure slots found for date 2026-08-23 (24 total across other dates)
3002,3,Jepara,Karimun Jawa,Jawa Tengah,Kendaraan,12,Golongan II ,GOL II,2026-08-23,,,,,,IDR,NO_SCHEDULE_FOR_DATE,0,No departure slots found for date 2026-08-23 (24 total across other dates)
3002,3,Jepara,Karimun Jawa,Jawa Tengah,Kendaraan,13,Golongan III,GOL III,2026-08-23,,,,,,IDR,NO_SCHEDULE_FOR_DATE,0,No departure slots found for date 2026-08-23 (24 total across other dates)
3002,3,Jepara,Karimun Jawa,Jawa Tengah,Kendaraan,14,Golongan IV - Penumpang,GOL IV A,2026-08-23,,,,,,IDR,NO_SCHEDULE_FOR_DATE,0,No departure slots found for date 2026-08-23 (24 total across other dates)
3002,3,Jepara,Karimun Jawa,Jawa Tengah,Kendaraan,15,Golongan IV - Barang,GOL IV B,2026-08-23,,,,,,IDR,NO_SCHEDULE_FOR_DATE,0,No departure slots found for date 2026-08-23 (24 total across other dates)
3002,3,Jepara,Karimun Jawa,Jawa Tengah,Kendaraan,16,Golongan V - Penumpang,GOL V A,2026-08-23,,,,,,IDR,NO_SCHEDULE_FOR_DATE,0,No departure slots found for date 2026-08-23 (24 total across other dates)
3002,3,Jepara,Karimun Jawa,Jawa Tengah,Kendaraan,17,Golongan V - Barang,GOL V B,2026-08-23,,,,,,IDR,NO_SCHEDULE_FOR_DATE,0,No departure slots found for date 2026-08-23 (24 total across other dates)
3002,3,Jepara,Karimun Jawa,Jawa Tengah,Kendaraan,18,Golongan VI - Penumpang,GOL VI A,2026-08-23,,,,,,IDR,NO_SCHEDULE_FOR_DATE,0,No departure slots found for date 2026-08-23 (24 total across other dates)
3002,3,Jepara,Karimun Jawa,Jawa Tengah,Kendaraan,19,Golongan VI - Barang,GOL VI B,2026-08-23,,,,,,IDR,NO_SCHEDULE_FOR_DATE,0,No departure slots found for date 2026-08-23 (24 total across other dates)
3002,3,Jepara,Karimun Jawa,Jawa Tengah,Kendaraan,20,Golongan VII,GOL VII,2026-08-23,,,,,,IDR,NO_SCHEDULE_FOR_DATE,0,No departure slots found for date 2026-08-23 (24 total across other dates)
3002,3,Jepara,Karimun Jawa,Jawa Tengah,Kendaraan,21,Golongan VIII,GOL VIII,2026-08-23,,,,,,IDR,NO_SCHEDULE_FOR_DATE,0,No departure slots found for date 2026-08-23 (24 total across other dates)
3002,3,Jepara,Karimun Jawa,Jawa Tengah,Kendaraan,22,Golongan IX,GOL IX,2026-08-23,,,,,,IDR,NO_SCHEDULE_FOR_DATE,0,No departure slots found for date 2026-08-23 (24 total across other dates)
3002,3,Jepara,Karimun Jawa,Jawa Tengah,Kendaraan,518,Ambulance,GOL IV B,2026-08-23,,,,,,IDR,NO_SCHEDULE_FOR_DATE,0,No departure slots found for date 2026-08-23 (24 total across other dates)
3002,3,Jepara,Karimun Jawa,Jawa Tengah,Kendaraan,519,Kendaraan Badan Penanggulangan Bencana Daerah,GOL IV B,2026-08-23,,,,,,IDR,NO_SCHEDULE_FOR_DATE,0,No departure slots found for date 2026-08-23 (24 total across other dates)
3002,3,Jepara,Karimun Jawa,Jawa Tengah,Pejalan Kaki,5,Dewasa Bisnis I,DEWASA,2026-08-23,,,,,,IDR,NO_SCHEDULE_FOR_DATE,0,No departure slots found for date 2026-08-23 (24 total across other dates)
3002,3,Jepara,Karimun Jawa,Jawa Tengah,Pejalan Kaki,504,Bayi Bisnis,BAYI,2026-08-23,,,,,,IDR,NO_SCHEDULE_FOR_DATE,0,No departure slots found for date 2026-08-23 (24 total across other dates)
3002,3,Jepara,Karimun Jawa,Jawa Tengah,Pejalan Kaki,517,Tenaga Kesehatan,DEWASA,2026-08-23,,,,,,IDR,NO_SCHEDULE_FOR_DATE,0,No departure slots found for date 2026-08-23 (24 total across other dates)
3002,3,Jepara,Karimun Jawa,Jawa Tengah,Pejalan Kaki,7,Dewasa Ekonomi,DEWASA,2026-08-23,,,,,,IDR,NO_SCHEDULE_FOR_DATE,0,No departure slots found for date 2026-08-23 (24 total across other dates)
3002,3,Jepara,Karimun Jawa,Jawa Tengah,Pejalan Kaki,9,Bayi Ekonomi,BAYI,2026-08-23,,,,,,IDR,NO_SCHEDULE_FOR_DATE,0,No departure slots found for date 2026-08-23 (24 total across other dates)
31383,313,Garongkong,Batulicin,Kalimantan Selatan,Kendaraan,11,Golongan I,GOL I,2026-08-23,,,,,,IDR,SCHEDULE_DATA_NOT_FOUND,0,Gateway returned no schedule data for route
31383,313,Garongkong,Batulicin,Kalimantan Selatan,Kendaraan,12,Golongan II ,GOL II,2026-08-23,,,,,,IDR,SCHEDULE_DATA_NOT_FOUND,0,Gateway returned no schedule data for route
31383,313,Garongkong,Batulicin,Kalimantan Selatan,Kendaraan,13,Golongan III,GOL III,2026-08-23,,,,,,IDR,SCHEDULE_DATA_NOT_FOUND,0,Gateway returned no schedule data for route
31383,313,Garongkong,Batulicin,Kalimantan Selatan,Kendaraan,14,Golongan IV - Penumpang,GOL IV A,2026-08-23,,,,,,IDR,SCHEDULE_DATA_NOT_FOUND,0,Gateway returned no schedule data for route
31383,313,Garongkong,Batulicin,Kalimantan Selatan,Kendaraan,15,Golongan IV - Barang,GOL IV B,2026-08-23,,,,,,IDR,SCHEDULE_DATA_NOT_FOUND,0,Gateway returned no schedule data for route
31383,313,Garongkong,Batulicin,Kalimantan Selatan,Kendaraan,16,Golongan V - Penumpang,GOL V A,2026-08-23,,,,,,IDR,SCHEDULE_DATA_NOT_FOUND,0,Gateway returned no schedule data for route
31383,313,Garongkong,Batulicin,Kalimantan Selatan,Kendaraan,17,Golongan V - Barang,GOL V B,2026-08-23,,,,,,IDR,SCHEDULE_DATA_NOT_FOUND,0,Gateway returned no schedule data for route
31383,313,Garongkong,Batulicin,Kalimantan Selatan,Kendaraan,18,Golongan VI - Penumpang,GOL VI A,2026-08-23,,,,,,IDR,SCHEDULE_DATA_NOT_FOUND,0,Gateway returned no schedule data for route
31383,313,Garongkong,Batulicin,Kalimantan Selatan,Kendaraan,19,Golongan VI - Barang,GOL VI B,2026-08-23,,,,,,IDR,SCHEDULE_DATA_NOT_FOUND,0,Gateway returned no schedule data for route
31383,313,Garongkong,Batulicin,Kalimantan Selatan,Kendaraan,20,Golongan VII,GOL VII,2026-08-23,,,,,,IDR,SCHEDULE_DATA_NOT_FOUND,0,Gateway returned no schedule data for route
31383,313,Garongkong,Batulicin,Kalimantan Selatan,Kendaraan,21,Golongan VIII,GOL VIII,2026-08-23,,,,,,IDR,SCHEDULE_DATA_NOT_FOUND,0,Gateway returned no schedule data for route
31383,313,Garongkong,Batulicin,Kalimantan Selatan,Kendaraan,22,Golongan IX,GOL IX,2026-08-23,,,,,,IDR,SCHEDULE_DATA_NOT_FOUND,0,Gateway returned no schedule data for route
31383,313,Garongkong,Batulicin,Kalimantan Selatan,Pejalan Kaki,7,Dewasa Ekonomi,DEWASA,2026-08-23,,,,,,IDR,SCHEDULE_DATA_NOT_FOUND,0,Gateway returned no schedule data for route
31383,313,Garongkong,Batulicin,Kalimantan Selatan,Pejalan Kaki,8,Anak - Anak Ekonomi,ANAK,2026-08-23,,,,,,IDR,SCHEDULE_DATA_NOT_FOUND,0,Gateway returned no schedule data for route
31383,313,Garongkong,Batulicin,Kalimantan Selatan,Pejalan Kaki,9,Bayi Ekonomi,BAYI,2026-08-23,,,,,,IDR,SCHEDULE_DATA_NOT_FOUND,0,Gateway returned no schedule data for route
33,106,Bastiong,Rum,Maluku Utara,Kendaraan,11,Golongan I,GOL I,2026-08-23,,,,,,IDR,NO_SCHEDULE_FOR_DATE,0,No departure slots found for date 2026-08-23 (1 total across other dates)
33,106,Bastiong,Rum,Maluku Utara,Kendaraan,12,Golongan II ,GOL II,2026-08-23,,,,,,IDR,NO_SCHEDULE_FOR_DATE,0,No departure slots found for date 2026-08-23 (1 total across other dates)
33,106,Bastiong,Rum,Maluku Utara,Kendaraan,13,Golongan III,GOL III,2026-08-23,,,,,,IDR,NO_SCHEDULE_FOR_DATE,0,No departure slots found for date 2026-08-23 (1 total across other dates)
33,106,Bastiong,Rum,Maluku Utara,Kendaraan,14,Golongan IV - Penumpang,GOL IV A,2026-08-23,,,,,,IDR,NO_SCHEDULE_FOR_DATE,0,No departure slots found for date 2026-08-23 (1 total across other dates)
33,106,Bastiong,Rum,Maluku Utara,Kendaraan,15,Golongan IV - Barang,GOL IV B,2026-08-23,,,,,,IDR,NO_SCHEDULE_FOR_DATE,0,No departure slots found for date 2026-08-23 (1 total across other dates)
33,106,Bastiong,Rum,Maluku Utara,Kendaraan,16,Golongan V - Penumpang,GOL V A,2026-08-23,,,,,,IDR,NO_SCHEDULE_FOR_DATE,0,No departure slots found for date 2026-08-23 (1 total across other dates)
33,106,Bastiong,Rum,Maluku Utara,Kendaraan,17,Golongan V - Barang,GOL V B,2026-08-23,,,,,,IDR,NO_SCHEDULE_FOR_DATE,0,No departure slots found for date 2026-08-23 (1 total across other dates)
33,106,Bastiong,Rum,Maluku Utara,Kendaraan,18,Golongan VI - Penumpang,GOL VI A,2026-08-23,,,,,,IDR,NO_SCHEDULE_FOR_DATE,0,No departure slots found for date 2026-08-23 (1 total across other dates)
33,106,Bastiong,Rum,Maluku Utara,Kendaraan,19,Golongan VI - Barang,GOL VI B,2026-08-23,,,,,,IDR,NO_SCHEDULE_FOR_DATE,0,No departure slots found for date 2026-08-23 (1 total across other dates)
33,106,Bastiong,Rum,Maluku Utara,Kendaraan,20,Golongan VII,GOL VII,2026-08-23,,,,,,IDR,NO_SCHEDULE_FOR_DATE,0,No departure slots found for date 2026-08-23 (1 total across other dates)
33,106,Bastiong,Rum,Maluku Utara,Kendaraan,21,Golongan VIII,GOL VIII,2026-08-23,,,,,,IDR,NO_SCHEDULE_FOR_DATE,0,No departure slots found for date 2026-08-23 (1 total across other dates)
33,106,Bastiong,Rum,Maluku Utara,Kendaraan,22,Golongan IX,GOL IX,2026-08-23,,,,,,IDR,NO_SCHEDULE_FOR_DATE,0,No departure slots found for date 2026-08-23 (1 total across other dates)
33,106,Bastiong,Rum,Maluku Utara,Kendaraan,477,GOLONGAN II SENDIRI,GOL II,2026-08-23,,,,,,IDR,NO_SCHEDULE_FOR_DATE,0,No departure slots found for date 2026-08-23 (1 total across other dates)
33,106,Bastiong,Rum,Maluku Utara,Pejalan Kaki,7,Dewasa Ekonomi,DEWASA,2026-08-23,,,,,,IDR,NO_SCHEDULE_FOR_DATE,0,No departure slots found for date 2026-08-23 (1 total across other dates)
33,106,Bastiong,Rum,Maluku Utara,Pejalan Kaki,8,Anak - Anak Ekonomi,ANAK,2026-08-23,,,,,,IDR,NO_SCHEDULE_FOR_DATE,0,No departure slots found for date 2026-08-23 (1 total across other dates)
33,106,Bastiong,Rum,Maluku Utara,Pejalan Kaki,9,Bayi Ekonomi,BAYI,2026-08-23,,,,,,IDR,NO_SCHEDULE_FOR_DATE,0,No departure slots found for date 2026-08-23 (1 total across other dates)
34,131,Rum,Bastiong,Maluku Utara,Kendaraan,11,Golongan I,GOL I,2026-08-23,,,,,,IDR,NO_SCHEDULE_FOR_DATE,0,No departure slots found for date 2026-08-23 (1 total across other dates)
34,131,Rum,Bastiong,Maluku Utara,Kendaraan,12,Golongan II ,GOL II,2026-08-23,,,,,,IDR,NO_SCHEDULE_FOR_DATE,0,No departure slots found for date 2026-08-23 (1 total across other dates)
34,131,Rum,Bastiong,Maluku Utara,Kendaraan,13,Golongan III,GOL III,2026-08-23,,,,,,IDR,NO_SCHEDULE_FOR_DATE,0,No departure slots found for date 2026-08-23 (1 total across other dates)
34,131,Rum,Bastiong,Maluku Utara,Kendaraan,14,Golongan IV - Penumpang,GOL IV A,2026-08-23,,,,,,IDR,NO_SCHEDULE_FOR_DATE,0,No departure slots found for date 2026-08-23 (1 total across other dates)
34,131,Rum,Bastiong,Maluku Utara,Kendaraan,15,Golongan IV - Barang,GOL IV B,2026-08-23,,,,,,IDR,NO_SCHEDULE_FOR_DATE,0,No departure slots found for date 2026-08-23 (1 total across other dates)
34,131,Rum,Bastiong,Maluku Utara,Kendaraan,16,Golongan V - Penumpang,GOL V A,2026-08-23,,,,,,IDR,NO_SCHEDULE_FOR_DATE,0,No departure slots found for date 2026-08-23 (1 total across other dates)
34,131,Rum,Bastiong,Maluku Utara,Kendaraan,17,Golongan V - Barang,GOL V B,2026-08-23,,,,,,IDR,NO_SCHEDULE_FOR_DATE,0,No departure slots found for date 2026-08-23 (1 total across other dates)
34,131,Rum,Bastiong,Maluku Utara,Kendaraan,18,Golongan VI - Penumpang,GOL VI A,2026-08-23,,,,,,IDR,NO_SCHEDULE_FOR_DATE,0,No departure slots found for date 2026-08-23 (1 total across other dates)
34,131,Rum,Bastiong,Maluku Utara,Kendaraan,19,Golongan VI - Barang,GOL VI B,2026-08-23,,,,,,IDR,NO_SCHEDULE_FOR_DATE,0,No departure slots found for date 2026-08-23 (1 total across other dates)
34,131,Rum,Bastiong,Maluku Utara,Kendaraan,20,Golongan VII,GOL VII,2026-08-23,,,,,,IDR,NO_SCHEDULE_FOR_DATE,0,No departure slots found for date 2026-08-23 (1 total across other dates)
34,131,Rum,Bastiong,Maluku Utara,Kendaraan,21,Golongan VIII,GOL VIII,2026-08-23,,,,,,IDR,NO_SCHEDULE_FOR_DATE,0,No departure slots found for date 2026-08-23 (1 total across other dates)
34,131,Rum,Bastiong,Maluku Utara,Kendaraan,22,Golongan IX,GOL IX,2026-08-23,,,,,,IDR,NO_SCHEDULE_FOR_DATE,0,No departure slots found for date 2026-08-23 (1 total across other dates)
34,131,Rum,Bastiong,Maluku Utara,Pejalan Kaki,7,Dewasa Ekonomi,DEWASA,2026-08-23,,,,,,IDR,NO_SCHEDULE_FOR_DATE,0,No departure slots found for date 2026-08-23 (1 total across other dates)
34,131,Rum,Bastiong,Maluku Utara,Pejalan Kaki,8,Anak - Anak Ekonomi,ANAK,2026-08-23,,,,,,IDR,NO_SCHEDULE_FOR_DATE,0,No departure slots found for date 2026-08-23 (1 total across other dates)
34,131,Rum,Bastiong,Maluku Utara,Pejalan Kaki,9,Bayi Ekonomi,BAYI,2026-08-23,,,,,,IDR,NO_SCHEDULE_FOR_DATE,0,No departure slots found for date 2026-08-23 (1 total across other dates)
344049,344,Mamuju,Balikpapan,Kalimantan Timur,Kendaraan,11,Golongan I,GOL I,2026-08-23,,,,,,IDR,SCHEDULE_DATA_NOT_FOUND,0,Gateway returned no schedule data for route
344049,344,Mamuju,Balikpapan,Kalimantan Timur,Kendaraan,12,Golongan II ,GOL II,2026-08-23,,,,,,IDR,SCHEDULE_DATA_NOT_FOUND,0,Gateway returned no schedule data for route
344049,344,Mamuju,Balikpapan,Kalimantan Timur,Kendaraan,13,Golongan III,GOL III,2026-08-23,,,,,,IDR,SCHEDULE_DATA_NOT_FOUND,0,Gateway returned no schedule data for route
344049,344,Mamuju,Balikpapan,Kalimantan Timur,Kendaraan,14,Golongan IV - Penumpang,GOL IV A,2026-08-23,,,,,,IDR,SCHEDULE_DATA_NOT_FOUND,0,Gateway returned no schedule data for route
344049,344,Mamuju,Balikpapan,Kalimantan Timur,Kendaraan,15,Golongan IV - Barang,GOL IV B,2026-08-23,,,,,,IDR,SCHEDULE_DATA_NOT_FOUND,0,Gateway returned no schedule data for route
344049,344,Mamuju,Balikpapan,Kalimantan Timur,Kendaraan,16,Golongan V - Penumpang,GOL V A,2026-08-23,,,,,,IDR,SCHEDULE_DATA_NOT_FOUND,0,Gateway returned no schedule data for route
344049,344,Mamuju,Balikpapan,Kalimantan Timur,Kendaraan,17,Golongan V - Barang,GOL V B,2026-08-23,,,,,,IDR,SCHEDULE_DATA_NOT_FOUND,0,Gateway returned no schedule data for route
344049,344,Mamuju,Balikpapan,Kalimantan Timur,Kendaraan,18,Golongan VI - Penumpang,GOL VI A,2026-08-23,,,,,,IDR,SCHEDULE_DATA_NOT_FOUND,0,Gateway returned no schedule data for route
344049,344,Mamuju,Balikpapan,Kalimantan Timur,Kendaraan,19,Golongan VI - Barang,GOL VI B,2026-08-23,,,,,,IDR,SCHEDULE_DATA_NOT_FOUND,0,Gateway returned no schedule data for route
344049,344,Mamuju,Balikpapan,Kalimantan Timur,Kendaraan,20,Golongan VII,GOL VII,2026-08-23,,,,,,IDR,SCHEDULE_DATA_NOT_FOUND,0,Gateway returned no schedule data for route
344049,344,Mamuju,Balikpapan,Kalimantan Timur,Kendaraan,21,Golongan VIII,GOL VIII,2026-08-23,,,,,,IDR,SCHEDULE_DATA_NOT_FOUND,0,Gateway returned no schedule data for route
344049,344,Mamuju,Balikpapan,Kalimantan Timur,Kendaraan,22,Golongan IX,GOL IX,2026-08-23,,,,,,IDR,SCHEDULE_DATA_NOT_FOUND,0,Gateway returned no schedule data for route
344049,344,Mamuju,Balikpapan,Kalimantan Timur,Pejalan Kaki,7,Dewasa Ekonomi,DEWASA,2026-08-23,,,,,,IDR,SCHEDULE_DATA_NOT_FOUND,0,Gateway returned no schedule data for route
344049,344,Mamuju,Balikpapan,Kalimantan Timur,Pejalan Kaki,9,Bayi Ekonomi,BAYI,2026-08-23,,,,,,IDR,SCHEDULE_DATA_NOT_FOUND,0,Gateway returned no schedule data for route
35,107,Sidangole,Bastiong,Maluku Utara,Kendaraan,11,Golongan I,GOL I,2026-08-23,,,,,,IDR,SCHEDULE_DATA_NOT_FOUND,0,Gateway returned no schedule data for route
35,107,Sidangole,Bastiong,Maluku Utara,Kendaraan,12,Golongan II ,GOL II,2026-08-23,,,,,,IDR,SCHEDULE_DATA_NOT_FOUND,0,Gateway returned no schedule data for route
35,107,Sidangole,Bastiong,Maluku Utara,Kendaraan,13,Golongan III,GOL III,2026-08-23,,,,,,IDR,SCHEDULE_DATA_NOT_FOUND,0,Gateway returned no schedule data for route
35,107,Sidangole,Bastiong,Maluku Utara,Kendaraan,14,Golongan IV - Penumpang,GOL IV A,2026-08-23,,,,,,IDR,SCHEDULE_DATA_NOT_FOUND,0,Gateway returned no schedule data for route
35,107,Sidangole,Bastiong,Maluku Utara,Kendaraan,15,Golongan IV - Barang,GOL IV B,2026-08-23,,,,,,IDR,SCHEDULE_DATA_NOT_FOUND,0,Gateway returned no schedule data for route
35,107,Sidangole,Bastiong,Maluku Utara,Kendaraan,16,Golongan V - Penumpang,GOL V A,2026-08-23,,,,,,IDR,SCHEDULE_DATA_NOT_FOUND,0,Gateway returned no schedule data for route
35,107,Sidangole,Bastiong,Maluku Utara,Kendaraan,17,Golongan V - Barang,GOL V B,2026-08-23,,,,,,IDR,SCHEDULE_DATA_NOT_FOUND,0,Gateway returned no schedule data for route
35,107,Sidangole,Bastiong,Maluku Utara,Kendaraan,18,Golongan VI - Penumpang,GOL VI A,2026-08-23,,,,,,IDR,SCHEDULE_DATA_NOT_FOUND,0,Gateway returned no schedule data for route
35,107,Sidangole,Bastiong,Maluku Utara,Kendaraan,19,Golongan VI - Barang,GOL VI B,2026-08-23,,,,,,IDR,SCHEDULE_DATA_NOT_FOUND,0,Gateway returned no schedule data for route
35,107,Sidangole,Bastiong,Maluku Utara,Kendaraan,20,Golongan VII,GOL VII,2026-08-23,,,,,,IDR,SCHEDULE_DATA_NOT_FOUND,0,Gateway returned no schedule data for route
35,107,Sidangole,Bastiong,Maluku Utara,Kendaraan,21,Golongan VIII,GOL VIII,2026-08-23,,,,,,IDR,SCHEDULE_DATA_NOT_FOUND,0,Gateway returned no schedule data for route
35,107,Sidangole,Bastiong,Maluku Utara,Kendaraan,22,Golongan IX,GOL IX,2026-08-23,,,,,,IDR,SCHEDULE_DATA_NOT_FOUND,0,Gateway returned no schedule data for route
35,107,Sidangole,Bastiong,Maluku Utara,Pejalan Kaki,7,Dewasa Ekonomi,DEWASA,2026-08-23,,,,,,IDR,SCHEDULE_DATA_NOT_FOUND,0,Gateway returned no schedule data for route
35,107,Sidangole,Bastiong,Maluku Utara,Pejalan Kaki,8,Anak - Anak Ekonomi,ANAK,2026-08-23,,,,,,IDR,SCHEDULE_DATA_NOT_FOUND,0,Gateway returned no schedule data for route
35,107,Sidangole,Bastiong,Maluku Utara,Pejalan Kaki,9,Bayi Ekonomi,BAYI,2026-08-23,,,,,,IDR,SCHEDULE_DATA_NOT_FOUND,0,Gateway returned no schedule data for route
3537,35,Tanjung Kalian,Tanjung Api Api,Sumatera Selatan,Kendaraan,11,Golongan I,GOL I,2026-08-23,07:00,2627160930380737555,25,74500,74500,IDR,OK,200,Ship schedule found.
3537,35,Tanjung Kalian,Tanjung Api Api,Sumatera Selatan,Kendaraan,12,Golongan II ,GOL II,2026-08-23,07:00,2627160930380737555,25,138000,138000,IDR,OK,200,Ship schedule found.
3537,35,Tanjung Kalian,Tanjung Api Api,Sumatera Selatan,Kendaraan,13,Golongan III,GOL III,2026-08-23,07:00,2627160930380737555,25,231600,231600,IDR,OK,200,Ship schedule found.
3537,35,Tanjung Kalian,Tanjung Api Api,Sumatera Selatan,Kendaraan,14,Golongan IV - Penumpang,GOL IV A,2026-08-23,07:00,2627160930380737555,25,1051200,1051200,IDR,OK,200,Ship schedule found.
3537,35,Tanjung Kalian,Tanjung Api Api,Sumatera Selatan,Kendaraan,15,Golongan IV - Barang,GOL IV B,2026-08-23,07:00,2627160930380737555,25,912221,912221,IDR,OK,200,Ship schedule found.
3537,35,Tanjung Kalian,Tanjung Api Api,Sumatera Selatan,Kendaraan,16,Golongan V - Penumpang,GOL V A,2026-08-23,07:00,2627160930380737555,25,1864200,1864200,IDR,OK,200,Ship schedule found.
3537,35,Tanjung Kalian,Tanjung Api Api,Sumatera Selatan,Kendaraan,17,Golongan V - Barang,GOL V B,2026-08-23,07:00,2627160930380737555,25,1700200,1700200,IDR,OK,200,Ship schedule found.
3537,35,Tanjung Kalian,Tanjung Api Api,Sumatera Selatan,Kendaraan,18,Golongan VI - Penumpang,GOL VI A,2026-08-23,07:00,2627160930380737555,25,3045500,3045500,IDR,OK,200,Ship schedule found.
3537,35,Tanjung Kalian,Tanjung Api Api,Sumatera Selatan,Kendaraan,19,Golongan VI - Barang,GOL VI B,2026-08-23,07:00,2627160930380737555,25,2599200,2599200,IDR,OK,200,Ship schedule found.
3537,35,Tanjung Kalian,Tanjung Api Api,Sumatera Selatan,Kendaraan,20,Golongan VII,GOL VII,2026-08-23,07:00,2627160930380737555,25,3093500,3093500,IDR,OK,200,Ship schedule found.
3537,35,Tanjung Kalian,Tanjung Api Api,Sumatera Selatan,Kendaraan,21,Golongan VIII,GOL VIII,2026-08-23,07:00,2627160930380737555,25,4454800,4454800,IDR,OK,200,Ship schedule found.
3537,35,Tanjung Kalian,Tanjung Api Api,Sumatera Selatan,Kendaraan,22,Golongan IX,GOL IX,2026-08-23,07:00,2627160930380737555,25,6125000,6125000,IDR,OK,200,Ship schedule found.
3537,35,Tanjung Kalian,Tanjung Api Api,Sumatera Selatan,Pejalan Kaki,7,Dewasa Ekonomi,DEWASA,2026-08-23,07:00,2627160930380737555,249,58100,58100,IDR,OK,200,Ship schedule found.
3537,35,Tanjung Kalian,Tanjung Api Api,Sumatera Selatan,Pejalan Kaki,9,Bayi Ekonomi,BAYI,2026-08-23,07:00,2627160930380737555,250,4900,4900,IDR,OK,200,Ship schedule found.
36,106,Bastiong,Sidangole,Maluku Utara,Kendaraan,11,Golongan I,GOL I,2026-08-23,,,,,,IDR,NO_SCHEDULE_FOR_DATE,0,No departure slots found for date 2026-08-23 (1 total across other dates)
36,106,Bastiong,Sidangole,Maluku Utara,Kendaraan,12,Golongan II ,GOL II,2026-08-23,,,,,,IDR,NO_SCHEDULE_FOR_DATE,0,No departure slots found for date 2026-08-23 (1 total across other dates)
36,106,Bastiong,Sidangole,Maluku Utara,Kendaraan,13,Golongan III,GOL III,2026-08-23,,,,,,IDR,NO_SCHEDULE_FOR_DATE,0,No departure slots found for date 2026-08-23 (1 total across other dates)
36,106,Bastiong,Sidangole,Maluku Utara,Kendaraan,14,Golongan IV - Penumpang,GOL IV A,2026-08-23,,,,,,IDR,NO_SCHEDULE_FOR_DATE,0,No departure slots found for date 2026-08-23 (1 total across other dates)
36,106,Bastiong,Sidangole,Maluku Utara,Kendaraan,15,Golongan IV - Barang,GOL IV B,2026-08-23,,,,,,IDR,NO_SCHEDULE_FOR_DATE,0,No departure slots found for date 2026-08-23 (1 total across other dates)
36,106,Bastiong,Sidangole,Maluku Utara,Kendaraan,16,Golongan V - Penumpang,GOL V A,2026-08-23,,,,,,IDR,NO_SCHEDULE_FOR_DATE,0,No departure slots found for date 2026-08-23 (1 total across other dates)
36,106,Bastiong,Sidangole,Maluku Utara,Kendaraan,17,Golongan V - Barang,GOL V B,2026-08-23,,,,,,IDR,NO_SCHEDULE_FOR_DATE,0,No departure slots found for date 2026-08-23 (1 total across other dates)
36,106,Bastiong,Sidangole,Maluku Utara,Kendaraan,18,Golongan VI - Penumpang,GOL VI A,2026-08-23,,,,,,IDR,NO_SCHEDULE_FOR_DATE,0,No departure slots found for date 2026-08-23 (1 total across other dates)
36,106,Bastiong,Sidangole,Maluku Utara,Kendaraan,19,Golongan VI - Barang,GOL VI B,2026-08-23,,,,,,IDR,NO_SCHEDULE_FOR_DATE,0,No departure slots found for date 2026-08-23 (1 total across other dates)
36,106,Bastiong,Sidangole,Maluku Utara,Kendaraan,20,Golongan VII,GOL VII,2026-08-23,,,,,,IDR,NO_SCHEDULE_FOR_DATE,0,No departure slots found for date 2026-08-23 (1 total across other dates)
36,106,Bastiong,Sidangole,Maluku Utara,Kendaraan,21,Golongan VIII,GOL VIII,2026-08-23,,,,,,IDR,NO_SCHEDULE_FOR_DATE,0,No departure slots found for date 2026-08-23 (1 total across other dates)
36,106,Bastiong,Sidangole,Maluku Utara,Kendaraan,22,Golongan IX,GOL IX,2026-08-23,,,,,,IDR,NO_SCHEDULE_FOR_DATE,0,No departure slots found for date 2026-08-23 (1 total across other dates)
36,106,Bastiong,Sidangole,Maluku Utara,Pejalan Kaki,7,Dewasa Ekonomi,DEWASA,2026-08-23,,,,,,IDR,NO_SCHEDULE_FOR_DATE,0,No departure slots found for date 2026-08-23 (1 total across other dates)
36,106,Bastiong,Sidangole,Maluku Utara,Pejalan Kaki,8,Anak - Anak Ekonomi,ANAK,2026-08-23,,,,,,IDR,NO_SCHEDULE_FOR_DATE,0,No departure slots found for date 2026-08-23 (1 total across other dates)
36,106,Bastiong,Sidangole,Maluku Utara,Pejalan Kaki,9,Bayi Ekonomi,BAYI,2026-08-23,,,,,,IDR,NO_SCHEDULE_FOR_DATE,0,No departure slots found for date 2026-08-23 (1 total across other dates)
38,106,Bastiong,Sofifi,Maluku Utara,Kendaraan,11,Golongan I,GOL I,2026-08-23,09:30,2627160930380753560,0,54000,54000,IDR,OK,200,Ship schedule found.
38,106,Bastiong,Sofifi,Maluku Utara,Kendaraan,12,Golongan II ,GOL II,2026-08-23,09:30,2627160930380753560,0,95000,95000,IDR,OK,200,Ship schedule found.
38,106,Bastiong,Sofifi,Maluku Utara,Kendaraan,13,Golongan III,GOL III,2026-08-23,09:30,2627160930380753560,0,155000,155000,IDR,OK,200,Ship schedule found.
38,106,Bastiong,Sofifi,Maluku Utara,Kendaraan,14,Golongan IV - Penumpang,GOL IV A,2026-08-23,09:30,2627160930380753560,0,425000,425000,IDR,OK,200,Ship schedule found.
38,106,Bastiong,Sofifi,Maluku Utara,Kendaraan,15,Golongan IV - Barang,GOL IV B,2026-08-23,09:30,2627160930380753560,0,409000,409000,IDR,OK,200,Ship schedule found.
38,106,Bastiong,Sofifi,Maluku Utara,Kendaraan,16,Golongan V - Penumpang,GOL V A,2026-08-23,09:30,2627160930380753560,0,626000,626000,IDR,OK,200,Ship schedule found.
38,106,Bastiong,Sofifi,Maluku Utara,Kendaraan,17,Golongan V - Barang,GOL V B,2026-08-23,09:30,2627160930380753560,0,634000,634000,IDR,OK,200,Ship schedule found.
38,106,Bastiong,Sofifi,Maluku Utara,Kendaraan,18,Golongan VI - Penumpang,GOL VI A,2026-08-23,09:30,2627160930380753560,0,1138000,1138000,IDR,OK,200,Ship schedule found.
38,106,Bastiong,Sofifi,Maluku Utara,Kendaraan,19,Golongan VI - Barang,GOL VI B,2026-08-23,09:30,2627160930380753560,0,1135000,1135000,IDR,OK,200,Ship schedule found.
38,106,Bastiong,Sofifi,Maluku Utara,Kendaraan,20,Golongan VII,GOL VII,2026-08-23,09:30,2627160930380753560,0,1418000,1418000,IDR,OK,200,Ship schedule found.
38,106,Bastiong,Sofifi,Maluku Utara,Kendaraan,21,Golongan VIII,GOL VIII,2026-08-23,09:30,2627160930380753560,0,2139000,2139000,IDR,OK,200,Ship schedule found.
38,106,Bastiong,Sofifi,Maluku Utara,Kendaraan,22,Golongan IX,GOL IX,2026-08-23,09:30,2627160930380753560,0,7548000,7548000,IDR,OK,200,Ship schedule found.
38,106,Bastiong,Sofifi,Maluku Utara,Pejalan Kaki,7,Dewasa Ekonomi,DEWASA,2026-08-23,09:30,2627160930380753560,0,31000,31000,IDR,OK,200,Ship schedule found.
38,106,Bastiong,Sofifi,Maluku Utara,Pejalan Kaki,8,Anak - Anak Ekonomi,ANAK,2026-08-23,09:30,2627160930380753560,0,8000,8000,IDR,OK,200,Ship schedule found.
38,106,Bastiong,Sofifi,Maluku Utara,Pejalan Kaki,9,Bayi Ekonomi,BAYI,2026-08-23,09:30,2627160930380753560,0,8000,8000,IDR,OK,200,Ship schedule found.
40,106,Bastiong,Moti,Maluku Utara,Kendaraan,11,Golongan I,GOL I,2026-08-23,,,,,,IDR,SCHEDULE_DATA_NOT_FOUND,0,Gateway returned no schedule data for route
40,106,Bastiong,Moti,Maluku Utara,Kendaraan,12,Golongan II ,GOL II,2026-08-23,,,,,,IDR,SCHEDULE_DATA_NOT_FOUND,0,Gateway returned no schedule data for route
40,106,Bastiong,Moti,Maluku Utara,Kendaraan,13,Golongan III,GOL III,2026-08-23,,,,,,IDR,SCHEDULE_DATA_NOT_FOUND,0,Gateway returned no schedule data for route
40,106,Bastiong,Moti,Maluku Utara,Kendaraan,14,Golongan IV - Penumpang,GOL IV A,2026-08-23,,,,,,IDR,SCHEDULE_DATA_NOT_FOUND,0,Gateway returned no schedule data for route
40,106,Bastiong,Moti,Maluku Utara,Kendaraan,15,Golongan IV - Barang,GOL IV B,2026-08-23,,,,,,IDR,SCHEDULE_DATA_NOT_FOUND,0,Gateway returned no schedule data for route
40,106,Bastiong,Moti,Maluku Utara,Kendaraan,16,Golongan V - Penumpang,GOL V A,2026-08-23,,,,,,IDR,SCHEDULE_DATA_NOT_FOUND,0,Gateway returned no schedule data for route
40,106,Bastiong,Moti,Maluku Utara,Kendaraan,17,Golongan V - Barang,GOL V B,2026-08-23,,,,,,IDR,SCHEDULE_DATA_NOT_FOUND,0,Gateway returned no schedule data for route
40,106,Bastiong,Moti,Maluku Utara,Kendaraan,18,Golongan VI - Penumpang,GOL VI A,2026-08-23,,,,,,IDR,SCHEDULE_DATA_NOT_FOUND,0,Gateway returned no schedule data for route
40,106,Bastiong,Moti,Maluku Utara,Kendaraan,19,Golongan VI - Barang,GOL VI B,2026-08-23,,,,,,IDR,SCHEDULE_DATA_NOT_FOUND,0,Gateway returned no schedule data for route
40,106,Bastiong,Moti,Maluku Utara,Kendaraan,20,Golongan VII,GOL VII,2026-08-23,,,,,,IDR,SCHEDULE_DATA_NOT_FOUND,0,Gateway returned no schedule data for route
40,106,Bastiong,Moti,Maluku Utara,Kendaraan,21,Golongan VIII,GOL VIII,2026-08-23,,,,,,IDR,SCHEDULE_DATA_NOT_FOUND,0,Gateway returned no schedule data for route
40,106,Bastiong,Moti,Maluku Utara,Kendaraan,22,Golongan IX,GOL IX,2026-08-23,,,,,,IDR,SCHEDULE_DATA_NOT_FOUND,0,Gateway returned no schedule data for route
40,106,Bastiong,Moti,Maluku Utara,Pejalan Kaki,7,Dewasa Ekonomi,DEWASA,2026-08-23,,,,,,IDR,SCHEDULE_DATA_NOT_FOUND,0,Gateway returned no schedule data for route
40,106,Bastiong,Moti,Maluku Utara,Pejalan Kaki,9,Bayi Ekonomi,BAYI,2026-08-23,,,,,,IDR,SCHEDULE_DATA_NOT_FOUND,0,Gateway returned no schedule data for route
4041,40,Sibolga,Gunungsitoli,Sumatera Utara,Kendaraan,11,Golongan I,GOL I,2026-08-23,21:30,2627160930380753870,3,114000,114000,IDR,OK,200,Ship schedule found.
4041,40,Sibolga,Gunungsitoli,Sumatera Utara,Kendaraan,12,Golongan II ,GOL II,2026-08-23,21:30,2627160930380753870,15,190000,190000,IDR,OK,200,Ship schedule found.
4041,40,Sibolga,Gunungsitoli,Sumatera Utara,Kendaraan,13,Golongan III,GOL III,2026-08-23,21:30,2627160930380753870,3,332500,332500,IDR,OK,200,Ship schedule found.
4041,40,Sibolga,Gunungsitoli,Sumatera Utara,Kendaraan,14,Golongan IV - Penumpang,GOL IV A,2026-08-23,21:30,2627160930380753870,15,1662500,1662500,IDR,OK,200,Ship schedule found.
4041,40,Sibolga,Gunungsitoli,Sumatera Utara,Kendaraan,15,Golongan IV - Barang,GOL IV B,2026-08-23,21:30,2627160930380753870,15,1284400,1284400,IDR,OK,200,Ship schedule found.
4041,40,Sibolga,Gunungsitoli,Sumatera Utara,Kendaraan,16,Golongan V - Penumpang,GOL V A,2026-08-23,21:30,2627160930380753870,3,2357900,2357900,IDR,OK,200,Ship schedule found.
4041,40,Sibolga,Gunungsitoli,Sumatera Utara,Kendaraan,17,Golongan V - Barang,GOL V B,2026-08-23,21:30,2627160930380753870,15,2568800,2568800,IDR,OK,200,Ship schedule found.
4041,40,Sibolga,Gunungsitoli,Sumatera Utara,Kendaraan,18,Golongan VI - Penumpang,GOL VI A,2026-08-23,21:30,2627160930380753870,2,3382000,3382000,IDR,OK,200,Ship schedule found.
4041,40,Sibolga,Gunungsitoli,Sumatera Utara,Kendaraan,19,Golongan VI - Barang,GOL VI B,2026-08-23,21:30,2627160930380753870,5,4278800,4278800,IDR,OK,200,Ship schedule found.
4041,40,Sibolga,Gunungsitoli,Sumatera Utara,Kendaraan,20,Golongan VII,GOL VII,2026-08-23,21:30,2627160930380753870,5,4943800,4943800,IDR,OK,200,Ship schedule found.
4041,40,Sibolga,Gunungsitoli,Sumatera Utara,Kendaraan,21,Golongan VIII,GOL VIII,2026-08-23,21:30,2627160930380753870,2,7318800,7318800,IDR,OK,200,Ship schedule found.
4041,40,Sibolga,Gunungsitoli,Sumatera Utara,Kendaraan,22,Golongan IX,GOL IX,2026-08-23,21:30,2627160930380753870,1,10592500,10592500,IDR,OK,200,Ship schedule found.
4041,40,Sibolga,Gunungsitoli,Sumatera Utara,Pejalan Kaki,7,Dewasa Ekonomi,DEWASA,2026-08-23,21:30,2627160930380753870,350,93100,93100,IDR,OK,200,Ship schedule found.
4041,40,Sibolga,Gunungsitoli,Sumatera Utara,Pejalan Kaki,9,Bayi Ekonomi,BAYI,2026-08-23,21:30,2627160930380753870,15,9500,9500,IDR,OK,200,Ship schedule found.
4140,41,Gunungsitoli,Sibolga,Sumatera Utara,Kendaraan,11,Golongan I,GOL I,2026-08-23,,,,,,IDR,NO_SCHEDULE_FOR_DATE,0,No departure slots found for date 2026-08-23 (1 total across other dates)
4140,41,Gunungsitoli,Sibolga,Sumatera Utara,Kendaraan,12,Golongan II ,GOL II,2026-08-23,,,,,,IDR,NO_SCHEDULE_FOR_DATE,0,No departure slots found for date 2026-08-23 (1 total across other dates)
4140,41,Gunungsitoli,Sibolga,Sumatera Utara,Kendaraan,13,Golongan III,GOL III,2026-08-23,,,,,,IDR,NO_SCHEDULE_FOR_DATE,0,No departure slots found for date 2026-08-23 (1 total across other dates)
4140,41,Gunungsitoli,Sibolga,Sumatera Utara,Kendaraan,14,Golongan IV - Penumpang,GOL IV A,2026-08-23,,,,,,IDR,NO_SCHEDULE_FOR_DATE,0,No departure slots found for date 2026-08-23 (1 total across other dates)
4140,41,Gunungsitoli,Sibolga,Sumatera Utara,Kendaraan,15,Golongan IV - Barang,GOL IV B,2026-08-23,,,,,,IDR,NO_SCHEDULE_FOR_DATE,0,No departure slots found for date 2026-08-23 (1 total across other dates)
4140,41,Gunungsitoli,Sibolga,Sumatera Utara,Kendaraan,16,Golongan V - Penumpang,GOL V A,2026-08-23,,,,,,IDR,NO_SCHEDULE_FOR_DATE,0,No departure slots found for date 2026-08-23 (1 total across other dates)
4140,41,Gunungsitoli,Sibolga,Sumatera Utara,Kendaraan,17,Golongan V - Barang,GOL V B,2026-08-23,,,,,,IDR,NO_SCHEDULE_FOR_DATE,0,No departure slots found for date 2026-08-23 (1 total across other dates)
4140,41,Gunungsitoli,Sibolga,Sumatera Utara,Kendaraan,18,Golongan VI - Penumpang,GOL VI A,2026-08-23,,,,,,IDR,NO_SCHEDULE_FOR_DATE,0,No departure slots found for date 2026-08-23 (1 total across other dates)
4140,41,Gunungsitoli,Sibolga,Sumatera Utara,Kendaraan,19,Golongan VI - Barang,GOL VI B,2026-08-23,,,,,,IDR,NO_SCHEDULE_FOR_DATE,0,No departure slots found for date 2026-08-23 (1 total across other dates)
4140,41,Gunungsitoli,Sibolga,Sumatera Utara,Kendaraan,20,Golongan VII,GOL VII,2026-08-23,,,,,,IDR,NO_SCHEDULE_FOR_DATE,0,No departure slots found for date 2026-08-23 (1 total across other dates)
4140,41,Gunungsitoli,Sibolga,Sumatera Utara,Kendaraan,21,Golongan VIII,GOL VIII,2026-08-23,,,,,,IDR,NO_SCHEDULE_FOR_DATE,0,No departure slots found for date 2026-08-23 (1 total across other dates)
4140,41,Gunungsitoli,Sibolga,Sumatera Utara,Kendaraan,22,Golongan IX,GOL IX,2026-08-23,,,,,,IDR,NO_SCHEDULE_FOR_DATE,0,No departure slots found for date 2026-08-23 (1 total across other dates)
4140,41,Gunungsitoli,Sibolga,Sumatera Utara,Pejalan Kaki,7,Dewasa Ekonomi,DEWASA,2026-08-23,,,,,,IDR,NO_SCHEDULE_FOR_DATE,0,No departure slots found for date 2026-08-23 (1 total across other dates)
4140,41,Gunungsitoli,Sibolga,Sumatera Utara,Pejalan Kaki,9,Bayi Ekonomi,BAYI,2026-08-23,,,,,,IDR,NO_SCHEDULE_FOR_DATE,0,No departure slots found for date 2026-08-23 (1 total across other dates)
42,106,Bastiong,Batang Dua,Maluku Utara,Kendaraan,11,Golongan I,GOL I,2026-08-23,,,,,,IDR,SCHEDULE_DATA_NOT_FOUND,0,Gateway returned no schedule data for route
42,106,Bastiong,Batang Dua,Maluku Utara,Kendaraan,12,Golongan II ,GOL II,2026-08-23,,,,,,IDR,SCHEDULE_DATA_NOT_FOUND,0,Gateway returned no schedule data for route
42,106,Bastiong,Batang Dua,Maluku Utara,Kendaraan,13,Golongan III,GOL III,2026-08-23,,,,,,IDR,SCHEDULE_DATA_NOT_FOUND,0,Gateway returned no schedule data for route
42,106,Bastiong,Batang Dua,Maluku Utara,Kendaraan,14,Golongan IV - Penumpang,GOL IV A,2026-08-23,,,,,,IDR,SCHEDULE_DATA_NOT_FOUND,0,Gateway returned no schedule data for route
42,106,Bastiong,Batang Dua,Maluku Utara,Kendaraan,15,Golongan IV - Barang,GOL IV B,2026-08-23,,,,,,IDR,SCHEDULE_DATA_NOT_FOUND,0,Gateway returned no schedule data for route
42,106,Bastiong,Batang Dua,Maluku Utara,Kendaraan,16,Golongan V - Penumpang,GOL V A,2026-08-23,,,,,,IDR,SCHEDULE_DATA_NOT_FOUND,0,Gateway returned no schedule data for route
42,106,Bastiong,Batang Dua,Maluku Utara,Kendaraan,17,Golongan V - Barang,GOL V B,2026-08-23,,,,,,IDR,SCHEDULE_DATA_NOT_FOUND,0,Gateway returned no schedule data for route
42,106,Bastiong,Batang Dua,Maluku Utara,Kendaraan,18,Golongan VI - Penumpang,GOL VI A,2026-08-23,,,,,,IDR,SCHEDULE_DATA_NOT_FOUND,0,Gateway returned no schedule data for route
42,106,Bastiong,Batang Dua,Maluku Utara,Kendaraan,19,Golongan VI - Barang,GOL VI B,2026-08-23,,,,,,IDR,SCHEDULE_DATA_NOT_FOUND,0,Gateway returned no schedule data for route
42,106,Bastiong,Batang Dua,Maluku Utara,Kendaraan,20,Golongan VII,GOL VII,2026-08-23,,,,,,IDR,SCHEDULE_DATA_NOT_FOUND,0,Gateway returned no schedule data for route
42,106,Bastiong,Batang Dua,Maluku Utara,Kendaraan,21,Golongan VIII,GOL VIII,2026-08-23,,,,,,IDR,SCHEDULE_DATA_NOT_FOUND,0,Gateway returned no schedule data for route
42,106,Bastiong,Batang Dua,Maluku Utara,Kendaraan,22,Golongan IX,GOL IX,2026-08-23,,,,,,IDR,SCHEDULE_DATA_NOT_FOUND,0,Gateway returned no schedule data for route
42,106,Bastiong,Batang Dua,Maluku Utara,Pejalan Kaki,7,Dewasa Ekonomi,DEWASA,2026-08-23,,,,,,IDR,SCHEDULE_DATA_NOT_FOUND,0,Gateway returned no schedule data for route
42,106,Bastiong,Batang Dua,Maluku Utara,Pejalan Kaki,9,Bayi Ekonomi,BAYI,2026-08-23,,,,,,IDR,SCHEDULE_DATA_NOT_FOUND,0,Gateway returned no schedule data for route
429427,429,Dwikora Pontianak,Patimban,Jawa Barat,Kendaraan,11,Golongan I,GOL I,2026-08-23,,,,,,IDR,SCHEDULE_DATA_NOT_FOUND,0,Gateway returned no schedule data for route
429427,429,Dwikora Pontianak,Patimban,Jawa Barat,Kendaraan,12,Golongan II ,GOL II,2026-08-23,,,,,,IDR,SCHEDULE_DATA_NOT_FOUND,0,Gateway returned no schedule data for route
429427,429,Dwikora Pontianak,Patimban,Jawa Barat,Kendaraan,13,Golongan III,GOL III,2026-08-23,,,,,,IDR,SCHEDULE_DATA_NOT_FOUND,0,Gateway returned no schedule data for route
429427,429,Dwikora Pontianak,Patimban,Jawa Barat,Kendaraan,14,Golongan IV - Penumpang,GOL IV A,2026-08-23,,,,,,IDR,SCHEDULE_DATA_NOT_FOUND,0,Gateway returned no schedule data for route
429427,429,Dwikora Pontianak,Patimban,Jawa Barat,Kendaraan,15,Golongan IV - Barang,GOL IV B,2026-08-23,,,,,,IDR,SCHEDULE_DATA_NOT_FOUND,0,Gateway returned no schedule data for route
429427,429,Dwikora Pontianak,Patimban,Jawa Barat,Kendaraan,16,Golongan V - Penumpang,GOL V A,2026-08-23,,,,,,IDR,SCHEDULE_DATA_NOT_FOUND,0,Gateway returned no schedule data for route
429427,429,Dwikora Pontianak,Patimban,Jawa Barat,Kendaraan,17,Golongan V - Barang,GOL V B,2026-08-23,,,,,,IDR,SCHEDULE_DATA_NOT_FOUND,0,Gateway returned no schedule data for route
429427,429,Dwikora Pontianak,Patimban,Jawa Barat,Kendaraan,18,Golongan VI - Penumpang,GOL VI A,2026-08-23,,,,,,IDR,SCHEDULE_DATA_NOT_FOUND,0,Gateway returned no schedule data for route
429427,429,Dwikora Pontianak,Patimban,Jawa Barat,Kendaraan,19,Golongan VI - Barang,GOL VI B,2026-08-23,,,,,,IDR,SCHEDULE_DATA_NOT_FOUND,0,Gateway returned no schedule data for route
429427,429,Dwikora Pontianak,Patimban,Jawa Barat,Kendaraan,20,Golongan VII,GOL VII,2026-08-23,,,,,,IDR,SCHEDULE_DATA_NOT_FOUND,0,Gateway returned no schedule data for route
429427,429,Dwikora Pontianak,Patimban,Jawa Barat,Kendaraan,21,Golongan VIII,GOL VIII,2026-08-23,,,,,,IDR,SCHEDULE_DATA_NOT_FOUND,0,Gateway returned no schedule data for route
429427,429,Dwikora Pontianak,Patimban,Jawa Barat,Kendaraan,22,Golongan IX,GOL IX,2026-08-23,,,,,,IDR,SCHEDULE_DATA_NOT_FOUND,0,Gateway returned no schedule data for route
429427,429,Dwikora Pontianak,Patimban,Jawa Barat,Pejalan Kaki,7,Dewasa Ekonomi,DEWASA,2026-08-23,,,,,,IDR,SCHEDULE_DATA_NOT_FOUND,0,Gateway returned no schedule data for route
429427,429,Dwikora Pontianak,Patimban,Jawa Barat,Pejalan Kaki,9,Bayi Ekonomi,BAYI,2026-08-23,,,,,,IDR,SCHEDULE_DATA_NOT_FOUND,0,Gateway returned no schedule data for route
436199,436,Waingapu,Labuan Bajo,Nusa Tenggara Timur,Kendaraan,11,Golongan I,GOL I,2026-08-23,,,,,,IDR,SCHEDULE_DATA_NOT_FOUND,0,Gateway returned no schedule data for route
436199,436,Waingapu,Labuan Bajo,Nusa Tenggara Timur,Kendaraan,12,Golongan II ,GOL II,2026-08-23,,,,,,IDR,SCHEDULE_DATA_NOT_FOUND,0,Gateway returned no schedule data for route
436199,436,Waingapu,Labuan Bajo,Nusa Tenggara Timur,Kendaraan,13,Golongan III,GOL III,2026-08-23,,,,,,IDR,SCHEDULE_DATA_NOT_FOUND,0,Gateway returned no schedule data for route
436199,436,Waingapu,Labuan Bajo,Nusa Tenggara Timur,Kendaraan,14,Golongan IV - Penumpang,GOL IV A,2026-08-23,,,,,,IDR,SCHEDULE_DATA_NOT_FOUND,0,Gateway returned no schedule data for route
436199,436,Waingapu,Labuan Bajo,Nusa Tenggara Timur,Kendaraan,15,Golongan IV - Barang,GOL IV B,2026-08-23,,,,,,IDR,SCHEDULE_DATA_NOT_FOUND,0,Gateway returned no schedule data for route
436199,436,Waingapu,Labuan Bajo,Nusa Tenggara Timur,Kendaraan,16,Golongan V - Penumpang,GOL V A,2026-08-23,,,,,,IDR,SCHEDULE_DATA_NOT_FOUND,0,Gateway returned no schedule data for route
436199,436,Waingapu,Labuan Bajo,Nusa Tenggara Timur,Kendaraan,17,Golongan V - Barang,GOL V B,2026-08-23,,,,,,IDR,SCHEDULE_DATA_NOT_FOUND,0,Gateway returned no schedule data for route
436199,436,Waingapu,Labuan Bajo,Nusa Tenggara Timur,Kendaraan,18,Golongan VI - Penumpang,GOL VI A,2026-08-23,,,,,,IDR,SCHEDULE_DATA_NOT_FOUND,0,Gateway returned no schedule data for route
436199,436,Waingapu,Labuan Bajo,Nusa Tenggara Timur,Kendaraan,19,Golongan VI - Barang,GOL VI B,2026-08-23,,,,,,IDR,SCHEDULE_DATA_NOT_FOUND,0,Gateway returned no schedule data for route
436199,436,Waingapu,Labuan Bajo,Nusa Tenggara Timur,Kendaraan,20,Golongan VII,GOL VII,2026-08-23,,,,,,IDR,SCHEDULE_DATA_NOT_FOUND,0,Gateway returned no schedule data for route
436199,436,Waingapu,Labuan Bajo,Nusa Tenggara Timur,Kendaraan,21,Golongan VIII,GOL VIII,2026-08-23,,,,,,IDR,SCHEDULE_DATA_NOT_FOUND,0,Gateway returned no schedule data for route
436199,436,Waingapu,Labuan Bajo,Nusa Tenggara Timur,Kendaraan,22,Golongan IX,GOL IX,2026-08-23,,,,,,IDR,SCHEDULE_DATA_NOT_FOUND,0,Gateway returned no schedule data for route
436199,436,Waingapu,Labuan Bajo,Nusa Tenggara Timur,Pejalan Kaki,7,Dewasa Ekonomi,DEWASA,2026-08-23,,,,,,IDR,SCHEDULE_DATA_NOT_FOUND,0,Gateway returned no schedule data for route
436199,436,Waingapu,Labuan Bajo,Nusa Tenggara Timur,Pejalan Kaki,8,Anak - Anak Ekonomi,ANAK,2026-08-23,,,,,,IDR,SCHEDULE_DATA_NOT_FOUND,0,Gateway returned no schedule data for route
436200,436,Waingapu,Sape,Nusa Tenggara Barat,Kendaraan,11,Golongan I,GOL I,2026-08-23,,,,,,IDR,SCHEDULE_DATA_NOT_FOUND,0,Gateway returned no schedule data for route
436200,436,Waingapu,Sape,Nusa Tenggara Barat,Kendaraan,12,Golongan II ,GOL II,2026-08-23,,,,,,IDR,SCHEDULE_DATA_NOT_FOUND,0,Gateway returned no schedule data for route
436200,436,Waingapu,Sape,Nusa Tenggara Barat,Kendaraan,13,Golongan III,GOL III,2026-08-23,,,,,,IDR,SCHEDULE_DATA_NOT_FOUND,0,Gateway returned no schedule data for route
436200,436,Waingapu,Sape,Nusa Tenggara Barat,Kendaraan,14,Golongan IV - Penumpang,GOL IV A,2026-08-23,,,,,,IDR,SCHEDULE_DATA_NOT_FOUND,0,Gateway returned no schedule data for route
436200,436,Waingapu,Sape,Nusa Tenggara Barat,Kendaraan,15,Golongan IV - Barang,GOL IV B,2026-08-23,,,,,,IDR,SCHEDULE_DATA_NOT_FOUND,0,Gateway returned no schedule data for route
436200,436,Waingapu,Sape,Nusa Tenggara Barat,Kendaraan,16,Golongan V - Penumpang,GOL V A,2026-08-23,,,,,,IDR,SCHEDULE_DATA_NOT_FOUND,0,Gateway returned no schedule data for route
436200,436,Waingapu,Sape,Nusa Tenggara Barat,Kendaraan,17,Golongan V - Barang,GOL V B,2026-08-23,,,,,,IDR,SCHEDULE_DATA_NOT_FOUND,0,Gateway returned no schedule data for route
436200,436,Waingapu,Sape,Nusa Tenggara Barat,Kendaraan,18,Golongan VI - Penumpang,GOL VI A,2026-08-23,,,,,,IDR,SCHEDULE_DATA_NOT_FOUND,0,Gateway returned no schedule data for route
436200,436,Waingapu,Sape,Nusa Tenggara Barat,Kendaraan,19,Golongan VI - Barang,GOL VI B,2026-08-23,,,,,,IDR,SCHEDULE_DATA_NOT_FOUND,0,Gateway returned no schedule data for route
436200,436,Waingapu,Sape,Nusa Tenggara Barat,Kendaraan,20,Golongan VII,GOL VII,2026-08-23,,,,,,IDR,SCHEDULE_DATA_NOT_FOUND,0,Gateway returned no schedule data for route
436200,436,Waingapu,Sape,Nusa Tenggara Barat,Kendaraan,21,Golongan VIII,GOL VIII,2026-08-23,,,,,,IDR,SCHEDULE_DATA_NOT_FOUND,0,Gateway returned no schedule data for route
436200,436,Waingapu,Sape,Nusa Tenggara Barat,Kendaraan,22,Golongan IX,GOL IX,2026-08-23,,,,,,IDR,SCHEDULE_DATA_NOT_FOUND,0,Gateway returned no schedule data for route
436200,436,Waingapu,Sape,Nusa Tenggara Barat,Pejalan Kaki,5,Dewasa Bisnis I,DEWASA,2026-08-23,,,,,,IDR,SCHEDULE_DATA_NOT_FOUND,0,Gateway returned no schedule data for route
436200,436,Waingapu,Sape,Nusa Tenggara Barat,Pejalan Kaki,6,Anak - Anak Bisnis I,ANAK,2026-08-23,,,,,,IDR,SCHEDULE_DATA_NOT_FOUND,0,Gateway returned no schedule data for route
436200,436,Waingapu,Sape,Nusa Tenggara Barat,Pejalan Kaki,7,Dewasa Ekonomi,DEWASA,2026-08-23,,,,,,IDR,SCHEDULE_DATA_NOT_FOUND,0,Gateway returned no schedule data for route
436200,436,Waingapu,Sape,Nusa Tenggara Barat,Pejalan Kaki,9,Bayi Ekonomi,BAYI,2026-08-23,,,,,,IDR,SCHEDULE_DATA_NOT_FOUND,0,Gateway returned no schedule data for route
441440,441,Kalianget,Jangkar,Jawa Timur,Kendaraan,11,Golongan I,GOL I,2026-08-23,,,,,,IDR,SCHEDULE_DATA_NOT_FOUND,0,Gateway returned no schedule data for route
441440,441,Kalianget,Jangkar,Jawa Timur,Kendaraan,12,Golongan II ,GOL II,2026-08-23,,,,,,IDR,SCHEDULE_DATA_NOT_FOUND,0,Gateway returned no schedule data for route
441440,441,Kalianget,Jangkar,Jawa Timur,Kendaraan,13,Golongan III,GOL III,2026-08-23,,,,,,IDR,SCHEDULE_DATA_NOT_FOUND,0,Gateway returned no schedule data for route
441440,441,Kalianget,Jangkar,Jawa Timur,Kendaraan,14,Golongan IV - Penumpang,GOL IV A,2026-08-23,,,,,,IDR,SCHEDULE_DATA_NOT_FOUND,0,Gateway returned no schedule data for route
441440,441,Kalianget,Jangkar,Jawa Timur,Kendaraan,15,Golongan IV - Barang,GOL IV B,2026-08-23,,,,,,IDR,SCHEDULE_DATA_NOT_FOUND,0,Gateway returned no schedule data for route
441440,441,Kalianget,Jangkar,Jawa Timur,Kendaraan,16,Golongan V - Penumpang,GOL V A,2026-08-23,,,,,,IDR,SCHEDULE_DATA_NOT_FOUND,0,Gateway returned no schedule data for route
441440,441,Kalianget,Jangkar,Jawa Timur,Kendaraan,17,Golongan V - Barang,GOL V B,2026-08-23,,,,,,IDR,SCHEDULE_DATA_NOT_FOUND,0,Gateway returned no schedule data for route
441440,441,Kalianget,Jangkar,Jawa Timur,Kendaraan,18,Golongan VI - Penumpang,GOL VI A,2026-08-23,,,,,,IDR,SCHEDULE_DATA_NOT_FOUND,0,Gateway returned no schedule data for route
441440,441,Kalianget,Jangkar,Jawa Timur,Kendaraan,19,Golongan VI - Barang,GOL VI B,2026-08-23,,,,,,IDR,SCHEDULE_DATA_NOT_FOUND,0,Gateway returned no schedule data for route
441440,441,Kalianget,Jangkar,Jawa Timur,Kendaraan,20,Golongan VII,GOL VII,2026-08-23,,,,,,IDR,SCHEDULE_DATA_NOT_FOUND,0,Gateway returned no schedule data for route
441440,441,Kalianget,Jangkar,Jawa Timur,Kendaraan,21,Golongan VIII,GOL VIII,2026-08-23,,,,,,IDR,SCHEDULE_DATA_NOT_FOUND,0,Gateway returned no schedule data for route
441440,441,Kalianget,Jangkar,Jawa Timur,Kendaraan,22,Golongan IX,GOL IX,2026-08-23,,,,,,IDR,SCHEDULE_DATA_NOT_FOUND,0,Gateway returned no schedule data for route
441440,441,Kalianget,Jangkar,Jawa Timur,Pejalan Kaki,5,Dewasa Bisnis I,DEWASA,2026-08-23,,,,,,IDR,SCHEDULE_DATA_NOT_FOUND,0,Gateway returned no schedule data for route
441440,441,Kalianget,Jangkar,Jawa Timur,Pejalan Kaki,504,Bayi Bisnis,BAYI,2026-08-23,,,,,,IDR,SCHEDULE_DATA_NOT_FOUND,0,Gateway returned no schedule data for route
441440,441,Kalianget,Jangkar,Jawa Timur,Pejalan Kaki,525,SUPLESI BAYI EKONOMI KE BISNIS,SUPLESI,2026-08-23,,,,,,IDR,SCHEDULE_DATA_NOT_FOUND,0,Gateway returned no schedule data for route
441440,441,Kalianget,Jangkar,Jawa Timur,Pejalan Kaki,7,Dewasa Ekonomi,DEWASA,2026-08-23,,,,,,IDR,SCHEDULE_DATA_NOT_FOUND,0,Gateway returned no schedule data for route
441440,441,Kalianget,Jangkar,Jawa Timur,Pejalan Kaki,9,Bayi Ekonomi,BAYI,2026-08-23,,,,,,IDR,SCHEDULE_DATA_NOT_FOUND,0,Gateway returned no schedule data for route
441442,441,Kalianget,Kangean,Jawa Timur,Kendaraan,11,Golongan I,GOL I,2026-08-23,,,,,,IDR,SCHEDULE_DATA_NOT_FOUND,0,Gateway returned no schedule data for route
441442,441,Kalianget,Kangean,Jawa Timur,Kendaraan,12,Golongan II ,GOL II,2026-08-23,,,,,,IDR,SCHEDULE_DATA_NOT_FOUND,0,Gateway returned no schedule data for route
441442,441,Kalianget,Kangean,Jawa Timur,Kendaraan,13,Golongan III,GOL III,2026-08-23,,,,,,IDR,SCHEDULE_DATA_NOT_FOUND,0,Gateway returned no schedule data for route
441442,441,Kalianget,Kangean,Jawa Timur,Kendaraan,14,Golongan IV - Penumpang,GOL IV A,2026-08-23,,,,,,IDR,SCHEDULE_DATA_NOT_FOUND,0,Gateway returned no schedule data for route
441442,441,Kalianget,Kangean,Jawa Timur,Kendaraan,15,Golongan IV - Barang,GOL IV B,2026-08-23,,,,,,IDR,SCHEDULE_DATA_NOT_FOUND,0,Gateway returned no schedule data for route
441442,441,Kalianget,Kangean,Jawa Timur,Kendaraan,16,Golongan V - Penumpang,GOL V A,2026-08-23,,,,,,IDR,SCHEDULE_DATA_NOT_FOUND,0,Gateway returned no schedule data for route
441442,441,Kalianget,Kangean,Jawa Timur,Kendaraan,17,Golongan V - Barang,GOL V B,2026-08-23,,,,,,IDR,SCHEDULE_DATA_NOT_FOUND,0,Gateway returned no schedule data for route
441442,441,Kalianget,Kangean,Jawa Timur,Kendaraan,18,Golongan VI - Penumpang,GOL VI A,2026-08-23,,,,,,IDR,SCHEDULE_DATA_NOT_FOUND,0,Gateway returned no schedule data for route
441442,441,Kalianget,Kangean,Jawa Timur,Kendaraan,19,Golongan VI - Barang,GOL VI B,2026-08-23,,,,,,IDR,SCHEDULE_DATA_NOT_FOUND,0,Gateway returned no schedule data for route
441442,441,Kalianget,Kangean,Jawa Timur,Kendaraan,20,Golongan VII,GOL VII,2026-08-23,,,,,,IDR,SCHEDULE_DATA_NOT_FOUND,0,Gateway returned no schedule data for route
441442,441,Kalianget,Kangean,Jawa Timur,Kendaraan,21,Golongan VIII,GOL VIII,2026-08-23,,,,,,IDR,SCHEDULE_DATA_NOT_FOUND,0,Gateway returned no schedule data for route
441442,441,Kalianget,Kangean,Jawa Timur,Kendaraan,22,Golongan IX,GOL IX,2026-08-23,,,,,,IDR,SCHEDULE_DATA_NOT_FOUND,0,Gateway returned no schedule data for route
441442,441,Kalianget,Kangean,Jawa Timur,Pejalan Kaki,5,Dewasa Bisnis I,DEWASA,2026-08-23,,,,,,IDR,SCHEDULE_DATA_NOT_FOUND,0,Gateway returned no schedule data for route
441442,441,Kalianget,Kangean,Jawa Timur,Pejalan Kaki,6,Anak - Anak Bisnis I,ANAK,2026-08-23,,,,,,IDR,SCHEDULE_DATA_NOT_FOUND,0,Gateway returned no schedule data for route
441442,441,Kalianget,Kangean,Jawa Timur,Pejalan Kaki,7,Dewasa Ekonomi,DEWASA,2026-08-23,,,,,,IDR,SCHEDULE_DATA_NOT_FOUND,0,Gateway returned no schedule data for route
441442,441,Kalianget,Kangean,Jawa Timur,Pejalan Kaki,8,Anak - Anak Ekonomi,ANAK,2026-08-23,,,,,,IDR,SCHEDULE_DATA_NOT_FOUND,0,Gateway returned no schedule data for route
441442,441,Kalianget,Kangean,Jawa Timur,Pejalan Kaki,9,Bayi Ekonomi,BAYI,2026-08-23,,,,,,IDR,SCHEDULE_DATA_NOT_FOUND,0,Gateway returned no schedule data for route
46,106,Bastiong,Makian,Maluku Utara,Kendaraan,11,Golongan I,GOL I,2026-08-23,,,,,,IDR,SCHEDULE_DATA_NOT_FOUND,0,Gateway returned no schedule data for route
46,106,Bastiong,Makian,Maluku Utara,Kendaraan,12,Golongan II ,GOL II,2026-08-23,,,,,,IDR,SCHEDULE_DATA_NOT_FOUND,0,Gateway returned no schedule data for route
46,106,Bastiong,Makian,Maluku Utara,Kendaraan,13,Golongan III,GOL III,2026-08-23,,,,,,IDR,SCHEDULE_DATA_NOT_FOUND,0,Gateway returned no schedule data for route
46,106,Bastiong,Makian,Maluku Utara,Kendaraan,14,Golongan IV - Penumpang,GOL IV A,2026-08-23,,,,,,IDR,SCHEDULE_DATA_NOT_FOUND,0,Gateway returned no schedule data for route
46,106,Bastiong,Makian,Maluku Utara,Kendaraan,15,Golongan IV - Barang,GOL IV B,2026-08-23,,,,,,IDR,SCHEDULE_DATA_NOT_FOUND,0,Gateway returned no schedule data for route
46,106,Bastiong,Makian,Maluku Utara,Kendaraan,16,Golongan V - Penumpang,GOL V A,2026-08-23,,,,,,IDR,SCHEDULE_DATA_NOT_FOUND,0,Gateway returned no schedule data for route
46,106,Bastiong,Makian,Maluku Utara,Kendaraan,17,Golongan V - Barang,GOL V B,2026-08-23,,,,,,IDR,SCHEDULE_DATA_NOT_FOUND,0,Gateway returned no schedule data for route
46,106,Bastiong,Makian,Maluku Utara,Kendaraan,18,Golongan VI - Penumpang,GOL VI A,2026-08-23,,,,,,IDR,SCHEDULE_DATA_NOT_FOUND,0,Gateway returned no schedule data for route
46,106,Bastiong,Makian,Maluku Utara,Kendaraan,19,Golongan VI - Barang,GOL VI B,2026-08-23,,,,,,IDR,SCHEDULE_DATA_NOT_FOUND,0,Gateway returned no schedule data for route
46,106,Bastiong,Makian,Maluku Utara,Kendaraan,20,Golongan VII,GOL VII,2026-08-23,,,,,,IDR,SCHEDULE_DATA_NOT_FOUND,0,Gateway returned no schedule data for route
46,106,Bastiong,Makian,Maluku Utara,Kendaraan,21,Golongan VIII,GOL VIII,2026-08-23,,,,,,IDR,SCHEDULE_DATA_NOT_FOUND,0,Gateway returned no schedule data for route
46,106,Bastiong,Makian,Maluku Utara,Kendaraan,22,Golongan IX,GOL IX,2026-08-23,,,,,,IDR,SCHEDULE_DATA_NOT_FOUND,0,Gateway returned no schedule data for route
46,106,Bastiong,Makian,Maluku Utara,Pejalan Kaki,7,Dewasa Ekonomi,DEWASA,2026-08-23,,,,,,IDR,SCHEDULE_DATA_NOT_FOUND,0,Gateway returned no schedule data for route
46,106,Bastiong,Makian,Maluku Utara,Pejalan Kaki,9,Bayi Ekonomi,BAYI,2026-08-23,,,,,,IDR,SCHEDULE_DATA_NOT_FOUND,0,Gateway returned no schedule data for route
479541,479,Soekarno-Hatta (Makassar),Tanjung Perak,Jawa Timur,,,,,2026-08-23,,,,,,IDR,NO_SERVICE_TYPES,0,No service types configured for route
5335,177,Waingapu,Sabu,Nusa Tenggara Timur,Kendaraan,11,Golongan I,GOL I,2026-08-23,,,,,,IDR,SCHEDULE_DATA_NOT_FOUND,0,Gateway returned no schedule data for route
5335,177,Waingapu,Sabu,Nusa Tenggara Timur,Kendaraan,12,Golongan II ,GOL II,2026-08-23,,,,,,IDR,SCHEDULE_DATA_NOT_FOUND,0,Gateway returned no schedule data for route
5335,177,Waingapu,Sabu,Nusa Tenggara Timur,Kendaraan,13,Golongan III,GOL III,2026-08-23,,,,,,IDR,SCHEDULE_DATA_NOT_FOUND,0,Gateway returned no schedule data for route
5335,177,Waingapu,Sabu,Nusa Tenggara Timur,Kendaraan,14,Golongan IV - Penumpang,GOL IV A,2026-08-23,,,,,,IDR,SCHEDULE_DATA_NOT_FOUND,0,Gateway returned no schedule data for route
5335,177,Waingapu,Sabu,Nusa Tenggara Timur,Kendaraan,15,Golongan IV - Barang,GOL IV B,2026-08-23,,,,,,IDR,SCHEDULE_DATA_NOT_FOUND,0,Gateway returned no schedule data for route
5335,177,Waingapu,Sabu,Nusa Tenggara Timur,Kendaraan,16,Golongan V - Penumpang,GOL V A,2026-08-23,,,,,,IDR,SCHEDULE_DATA_NOT_FOUND,0,Gateway returned no schedule data for route
5335,177,Waingapu,Sabu,Nusa Tenggara Timur,Kendaraan,17,Golongan V - Barang,GOL V B,2026-08-23,,,,,,IDR,SCHEDULE_DATA_NOT_FOUND,0,Gateway returned no schedule data for route
5335,177,Waingapu,Sabu,Nusa Tenggara Timur,Kendaraan,18,Golongan VI - Penumpang,GOL VI A,2026-08-23,,,,,,IDR,SCHEDULE_DATA_NOT_FOUND,0,Gateway returned no schedule data for route
5335,177,Waingapu,Sabu,Nusa Tenggara Timur,Kendaraan,19,Golongan VI - Barang,GOL VI B,2026-08-23,,,,,,IDR,SCHEDULE_DATA_NOT_FOUND,0,Gateway returned no schedule data for route
5335,177,Waingapu,Sabu,Nusa Tenggara Timur,Kendaraan,20,Golongan VII,GOL VII,2026-08-23,,,,,,IDR,SCHEDULE_DATA_NOT_FOUND,0,Gateway returned no schedule data for route
5335,177,Waingapu,Sabu,Nusa Tenggara Timur,Kendaraan,21,Golongan VIII,GOL VIII,2026-08-23,,,,,,IDR,SCHEDULE_DATA_NOT_FOUND,0,Gateway returned no schedule data for route
5335,177,Waingapu,Sabu,Nusa Tenggara Timur,Kendaraan,22,Golongan IX,GOL IX,2026-08-23,,,,,,IDR,SCHEDULE_DATA_NOT_FOUND,0,Gateway returned no schedule data for route
5335,177,Waingapu,Sabu,Nusa Tenggara Timur,Pejalan Kaki,7,Dewasa Ekonomi,DEWASA,2026-08-23,,,,,,IDR,SCHEDULE_DATA_NOT_FOUND,0,Gateway returned no schedule data for route
5335,177,Waingapu,Sabu,Nusa Tenggara Timur,Pejalan Kaki,8,Anak - Anak Ekonomi,ANAK,2026-08-23,,,,,,IDR,SCHEDULE_DATA_NOT_FOUND,0,Gateway returned no schedule data for route
5350,172,Rote,Ndao,Nusa Tenggara Timur,Kendaraan,11,Golongan I,GOL I,2026-08-23,,,,,,IDR,SCHEDULE_DATA_NOT_FOUND,0,Gateway returned no schedule data for route
5350,172,Rote,Ndao,Nusa Tenggara Timur,Kendaraan,12,Golongan II ,GOL II,2026-08-23,,,,,,IDR,SCHEDULE_DATA_NOT_FOUND,0,Gateway returned no schedule data for route
5350,172,Rote,Ndao,Nusa Tenggara Timur,Kendaraan,13,Golongan III,GOL III,2026-08-23,,,,,,IDR,SCHEDULE_DATA_NOT_FOUND,0,Gateway returned no schedule data for route
5350,172,Rote,Ndao,Nusa Tenggara Timur,Kendaraan,14,Golongan IV - Penumpang,GOL IV A,2026-08-23,,,,,,IDR,SCHEDULE_DATA_NOT_FOUND,0,Gateway returned no schedule data for route
5350,172,Rote,Ndao,Nusa Tenggara Timur,Kendaraan,15,Golongan IV - Barang,GOL IV B,2026-08-23,,,,,,IDR,SCHEDULE_DATA_NOT_FOUND,0,Gateway returned no schedule data for route
5350,172,Rote,Ndao,Nusa Tenggara Timur,Kendaraan,16,Golongan V - Penumpang,GOL V A,2026-08-23,,,,,,IDR,SCHEDULE_DATA_NOT_FOUND,0,Gateway returned no schedule data for route
5350,172,Rote,Ndao,Nusa Tenggara Timur,Kendaraan,17,Golongan V - Barang,GOL V B,2026-08-23,,,,,,IDR,SCHEDULE_DATA_NOT_FOUND,0,Gateway returned no schedule data for route
5350,172,Rote,Ndao,Nusa Tenggara Timur,Kendaraan,18,Golongan VI - Penumpang,GOL VI A,2026-08-23,,,,,,IDR,SCHEDULE_DATA_NOT_FOUND,0,Gateway returned no schedule data for route
5350,172,Rote,Ndao,Nusa Tenggara Timur,Kendaraan,19,Golongan VI - Barang,GOL VI B,2026-08-23,,,,,,IDR,SCHEDULE_DATA_NOT_FOUND,0,Gateway returned no schedule data for route
5350,172,Rote,Ndao,Nusa Tenggara Timur,Kendaraan,20,Golongan VII,GOL VII,2026-08-23,,,,,,IDR,SCHEDULE_DATA_NOT_FOUND,0,Gateway returned no schedule data for route
5350,172,Rote,Ndao,Nusa Tenggara Timur,Kendaraan,21,Golongan VIII,GOL VIII,2026-08-23,,,,,,IDR,SCHEDULE_DATA_NOT_FOUND,0,Gateway returned no schedule data for route
5350,172,Rote,Ndao,Nusa Tenggara Timur,Kendaraan,22,Golongan IX,GOL IX,2026-08-23,,,,,,IDR,SCHEDULE_DATA_NOT_FOUND,0,Gateway returned no schedule data for route
5350,172,Rote,Ndao,Nusa Tenggara Timur,Pejalan Kaki,7,Dewasa Ekonomi,DEWASA,2026-08-23,,,,,,IDR,SCHEDULE_DATA_NOT_FOUND,0,Gateway returned no schedule data for route
5350,172,Rote,Ndao,Nusa Tenggara Timur,Pejalan Kaki,8,Anak - Anak Ekonomi,ANAK,2026-08-23,,,,,,IDR,SCHEDULE_DATA_NOT_FOUND,0,Gateway returned no schedule data for route
5354,172,Rote,Kupang,Nusa Tenggara Timur,Kendaraan,11,Golongan I,GOL I,2026-08-23,07:00,2627160930380751573,0,72000,72000,IDR,OK,200,Ship schedule found.
5354,172,Rote,Kupang,Nusa Tenggara Timur,Kendaraan,12,Golongan II ,GOL II,2026-08-23,07:00,2627160930380751573,40,242000,242000,IDR,OK,200,Ship schedule found.
5354,172,Rote,Kupang,Nusa Tenggara Timur,Kendaraan,13,Golongan III,GOL III,2026-08-23,07:00,2627160930380751573,0,251000,251000,IDR,OK,200,Ship schedule found.
5354,172,Rote,Kupang,Nusa Tenggara Timur,Kendaraan,14,Golongan IV - Penumpang,GOL IV A,2026-08-23,07:00,2627160930380751573,5,1148000,1148000,IDR,OK,200,Ship schedule found.
5354,172,Rote,Kupang,Nusa Tenggara Timur,Kendaraan,15,Golongan IV - Barang,GOL IV B,2026-08-23,07:00,2627160930380751573,5,1039000,1039000,IDR,OK,200,Ship schedule found.
5354,172,Rote,Kupang,Nusa Tenggara Timur,Kendaraan,16,Golongan V - Penumpang,GOL V A,2026-08-23,07:00,2627160930380751573,0,2720000,2720000,IDR,OK,200,Ship schedule found.
5354,172,Rote,Kupang,Nusa Tenggara Timur,Kendaraan,17,Golongan V - Barang,GOL V B,2026-08-23,07:00,2627160930380751573,10,1831000,1831000,IDR,OK,200,Ship schedule found.
5354,172,Rote,Kupang,Nusa Tenggara Timur,Kendaraan,18,Golongan VI - Penumpang,GOL VI A,2026-08-23,07:00,2627160930380751573,0,4741000,4741000,IDR,OK,200,Ship schedule found.
5354,172,Rote,Kupang,Nusa Tenggara Timur,Kendaraan,19,Golongan VI - Barang,GOL VI B,2026-08-23,07:00,2627160930380751573,2,2983000,2983000,IDR,OK,200,Ship schedule found.
5354,172,Rote,Kupang,Nusa Tenggara Timur,Kendaraan,20,Golongan VII,GOL VII,2026-08-23,07:00,2627160930380751573,0,4057000,4057000,IDR,OK,200,Ship schedule found.
5354,172,Rote,Kupang,Nusa Tenggara Timur,Kendaraan,21,Golongan VIII,GOL VIII,2026-08-23,07:00,2627160930380751573,0,5531000,5531000,IDR,OK,200,Ship schedule found.
5354,172,Rote,Kupang,Nusa Tenggara Timur,Kendaraan,22,Golongan IX,GOL IX,2026-08-23,07:00,2627160930380751573,0,13048000,13048000,IDR,OK,200,Ship schedule found.
5354,172,Rote,Kupang,Nusa Tenggara Timur,Pejalan Kaki,5,Dewasa Bisnis I,DEWASA,2026-08-23,07:00,2627160930380751573,0,87000,87000,IDR,OK,200,Ship schedule found.
5354,172,Rote,Kupang,Nusa Tenggara Timur,Pejalan Kaki,6,Anak - Anak Bisnis I,ANAK,2026-08-23,07:00,2627160930380751573,0,54000,54000,IDR,OK,200,Ship schedule found.
5354,172,Rote,Kupang,Nusa Tenggara Timur,Pejalan Kaki,7,Dewasa Ekonomi,DEWASA,2026-08-23,07:00,2627160930380751573,198,66000,66000,IDR,OK,200,Ship schedule found.
5354,172,Rote,Kupang,Nusa Tenggara Timur,Pejalan Kaki,8,Anak - Anak Ekonomi,ANAK,2026-08-23,07:00,2627160930380751573,20,43000,43000,IDR,OK,200,Ship schedule found.
5354,172,Rote,Kupang,Nusa Tenggara Timur,Pejalan Kaki,9,Bayi Ekonomi,BAYI,2026-08-23,07:00,2627160930380751573,0,40000,40000,IDR,OK,200,Ship schedule found.
5355,171,Kupang,Rote,Nusa Tenggara Timur,Kendaraan,11,Golongan I,GOL I,2026-08-23,,,,,,IDR,SCHEDULE_DATA_NOT_FOUND,0,Gateway returned no schedule data for route
5355,171,Kupang,Rote,Nusa Tenggara Timur,Kendaraan,12,Golongan II ,GOL II,2026-08-23,,,,,,IDR,SCHEDULE_DATA_NOT_FOUND,0,Gateway returned no schedule data for route
5355,171,Kupang,Rote,Nusa Tenggara Timur,Kendaraan,13,Golongan III,GOL III,2026-08-23,,,,,,IDR,SCHEDULE_DATA_NOT_FOUND,0,Gateway returned no schedule data for route
5355,171,Kupang,Rote,Nusa Tenggara Timur,Kendaraan,14,Golongan IV - Penumpang,GOL IV A,2026-08-23,,,,,,IDR,SCHEDULE_DATA_NOT_FOUND,0,Gateway returned no schedule data for route
5355,171,Kupang,Rote,Nusa Tenggara Timur,Kendaraan,15,Golongan IV - Barang,GOL IV B,2026-08-23,,,,,,IDR,SCHEDULE_DATA_NOT_FOUND,0,Gateway returned no schedule data for route
5355,171,Kupang,Rote,Nusa Tenggara Timur,Kendaraan,16,Golongan V - Penumpang,GOL V A,2026-08-23,,,,,,IDR,SCHEDULE_DATA_NOT_FOUND,0,Gateway returned no schedule data for route
5355,171,Kupang,Rote,Nusa Tenggara Timur,Kendaraan,17,Golongan V - Barang,GOL V B,2026-08-23,,,,,,IDR,SCHEDULE_DATA_NOT_FOUND,0,Gateway returned no schedule data for route
5355,171,Kupang,Rote,Nusa Tenggara Timur,Kendaraan,18,Golongan VI - Penumpang,GOL VI A,2026-08-23,,,,,,IDR,SCHEDULE_DATA_NOT_FOUND,0,Gateway returned no schedule data for route
5355,171,Kupang,Rote,Nusa Tenggara Timur,Kendaraan,19,Golongan VI - Barang,GOL VI B,2026-08-23,,,,,,IDR,SCHEDULE_DATA_NOT_FOUND,0,Gateway returned no schedule data for route
5355,171,Kupang,Rote,Nusa Tenggara Timur,Kendaraan,20,Golongan VII,GOL VII,2026-08-23,,,,,,IDR,SCHEDULE_DATA_NOT_FOUND,0,Gateway returned no schedule data for route
5355,171,Kupang,Rote,Nusa Tenggara Timur,Kendaraan,21,Golongan VIII,GOL VIII,2026-08-23,,,,,,IDR,SCHEDULE_DATA_NOT_FOUND,0,Gateway returned no schedule data for route
5355,171,Kupang,Rote,Nusa Tenggara Timur,Kendaraan,22,Golongan IX,GOL IX,2026-08-23,,,,,,IDR,SCHEDULE_DATA_NOT_FOUND,0,Gateway returned no schedule data for route
5355,171,Kupang,Rote,Nusa Tenggara Timur,Kendaraan,477,GOLONGAN II SENDIRI,GOL II,2026-08-23,,,,,,IDR,SCHEDULE_DATA_NOT_FOUND,0,Gateway returned no schedule data for route
5355,171,Kupang,Rote,Nusa Tenggara Timur,Pejalan Kaki,5,Dewasa Bisnis I,DEWASA,2026-08-23,,,,,,IDR,SCHEDULE_DATA_NOT_FOUND,0,Gateway returned no schedule data for route
5355,171,Kupang,Rote,Nusa Tenggara Timur,Pejalan Kaki,6,Anak - Anak Bisnis I,ANAK,2026-08-23,,,,,,IDR,SCHEDULE_DATA_NOT_FOUND,0,Gateway returned no schedule data for route
5355,171,Kupang,Rote,Nusa Tenggara Timur,Pejalan Kaki,7,Dewasa Ekonomi,DEWASA,2026-08-23,,,,,,IDR,SCHEDULE_DATA_NOT_FOUND,0,Gateway returned no schedule data for route
5355,171,Kupang,Rote,Nusa Tenggara Timur,Pejalan Kaki,8,Anak - Anak Ekonomi,ANAK,2026-08-23,,,,,,IDR,SCHEDULE_DATA_NOT_FOUND,0,Gateway returned no schedule data for route
5363,171,Kupang,Lewoleba,Nusa Tenggara Timur,Kendaraan,11,Golongan I,GOL I,2026-08-23,,,,,,IDR,SCHEDULE_DATA_NOT_FOUND,0,Gateway returned no schedule data for route
5363,171,Kupang,Lewoleba,Nusa Tenggara Timur,Kendaraan,12,Golongan II ,GOL II,2026-08-23,,,,,,IDR,SCHEDULE_DATA_NOT_FOUND,0,Gateway returned no schedule data for route
5363,171,Kupang,Lewoleba,Nusa Tenggara Timur,Kendaraan,13,Golongan III,GOL III,2026-08-23,,,,,,IDR,SCHEDULE_DATA_NOT_FOUND,0,Gateway returned no schedule data for route
5363,171,Kupang,Lewoleba,Nusa Tenggara Timur,Kendaraan,14,Golongan IV - Penumpang,GOL IV A,2026-08-23,,,,,,IDR,SCHEDULE_DATA_NOT_FOUND,0,Gateway returned no schedule data for route
5363,171,Kupang,Lewoleba,Nusa Tenggara Timur,Kendaraan,15,Golongan IV - Barang,GOL IV B,2026-08-23,,,,,,IDR,SCHEDULE_DATA_NOT_FOUND,0,Gateway returned no schedule data for route
5363,171,Kupang,Lewoleba,Nusa Tenggara Timur,Kendaraan,16,Golongan V - Penumpang,GOL V A,2026-08-23,,,,,,IDR,SCHEDULE_DATA_NOT_FOUND,0,Gateway returned no schedule data for route
5363,171,Kupang,Lewoleba,Nusa Tenggara Timur,Kendaraan,17,Golongan V - Barang,GOL V B,2026-08-23,,,,,,IDR,SCHEDULE_DATA_NOT_FOUND,0,Gateway returned no schedule data for route
5363,171,Kupang,Lewoleba,Nusa Tenggara Timur,Kendaraan,18,Golongan VI - Penumpang,GOL VI A,2026-08-23,,,,,,IDR,SCHEDULE_DATA_NOT_FOUND,0,Gateway returned no schedule data for route
5363,171,Kupang,Lewoleba,Nusa Tenggara Timur,Kendaraan,19,Golongan VI - Barang,GOL VI B,2026-08-23,,,,,,IDR,SCHEDULE_DATA_NOT_FOUND,0,Gateway returned no schedule data for route
5363,171,Kupang,Lewoleba,Nusa Tenggara Timur,Kendaraan,20,Golongan VII,GOL VII,2026-08-23,,,,,,IDR,SCHEDULE_DATA_NOT_FOUND,0,Gateway returned no schedule data for route
5363,171,Kupang,Lewoleba,Nusa Tenggara Timur,Kendaraan,21,Golongan VIII,GOL VIII,2026-08-23,,,,,,IDR,SCHEDULE_DATA_NOT_FOUND,0,Gateway returned no schedule data for route
5363,171,Kupang,Lewoleba,Nusa Tenggara Timur,Kendaraan,22,Golongan IX,GOL IX,2026-08-23,,,,,,IDR,SCHEDULE_DATA_NOT_FOUND,0,Gateway returned no schedule data for route
5363,171,Kupang,Lewoleba,Nusa Tenggara Timur,Pejalan Kaki,5,Dewasa Bisnis I,DEWASA,2026-08-23,,,,,,IDR,SCHEDULE_DATA_NOT_FOUND,0,Gateway returned no schedule data for route
5363,171,Kupang,Lewoleba,Nusa Tenggara Timur,Pejalan Kaki,6,Anak - Anak Bisnis I,ANAK,2026-08-23,,,,,,IDR,SCHEDULE_DATA_NOT_FOUND,0,Gateway returned no schedule data for route
5363,171,Kupang,Lewoleba,Nusa Tenggara Timur,Pejalan Kaki,7,Dewasa Ekonomi,DEWASA,2026-08-23,,,,,,IDR,SCHEDULE_DATA_NOT_FOUND,0,Gateway returned no schedule data for route
5363,171,Kupang,Lewoleba,Nusa Tenggara Timur,Pejalan Kaki,8,Anak - Anak Ekonomi,ANAK,2026-08-23,,,,,,IDR,SCHEDULE_DATA_NOT_FOUND,0,Gateway returned no schedule data for route
5369,171,Kupang,Adonara,Nusa Tenggara Timur,Kendaraan,11,Golongan I,GOL I,2026-08-23,,,,,,IDR,SCHEDULE_DATA_NOT_FOUND,0,Gateway returned no schedule data for route
5369,171,Kupang,Adonara,Nusa Tenggara Timur,Kendaraan,12,Golongan II ,GOL II,2026-08-23,,,,,,IDR,SCHEDULE_DATA_NOT_FOUND,0,Gateway returned no schedule data for route
5369,171,Kupang,Adonara,Nusa Tenggara Timur,Kendaraan,13,Golongan III,GOL III,2026-08-23,,,,,,IDR,SCHEDULE_DATA_NOT_FOUND,0,Gateway returned no schedule data for route
5369,171,Kupang,Adonara,Nusa Tenggara Timur,Kendaraan,14,Golongan IV - Penumpang,GOL IV A,2026-08-23,,,,,,IDR,SCHEDULE_DATA_NOT_FOUND,0,Gateway returned no schedule data for route
5369,171,Kupang,Adonara,Nusa Tenggara Timur,Kendaraan,15,Golongan IV - Barang,GOL IV B,2026-08-23,,,,,,IDR,SCHEDULE_DATA_NOT_FOUND,0,Gateway returned no schedule data for route
5369,171,Kupang,Adonara,Nusa Tenggara Timur,Kendaraan,16,Golongan V - Penumpang,GOL V A,2026-08-23,,,,,,IDR,SCHEDULE_DATA_NOT_FOUND,0,Gateway returned no schedule data for route
5369,171,Kupang,Adonara,Nusa Tenggara Timur,Kendaraan,17,Golongan V - Barang,GOL V B,2026-08-23,,,,,,IDR,SCHEDULE_DATA_NOT_FOUND,0,Gateway returned no schedule data for route
5369,171,Kupang,Adonara,Nusa Tenggara Timur,Kendaraan,18,Golongan VI - Penumpang,GOL VI A,2026-08-23,,,,,,IDR,SCHEDULE_DATA_NOT_FOUND,0,Gateway returned no schedule data for route
5369,171,Kupang,Adonara,Nusa Tenggara Timur,Kendaraan,19,Golongan VI - Barang,GOL VI B,2026-08-23,,,,,,IDR,SCHEDULE_DATA_NOT_FOUND,0,Gateway returned no schedule data for route
5369,171,Kupang,Adonara,Nusa Tenggara Timur,Kendaraan,20,Golongan VII,GOL VII,2026-08-23,,,,,,IDR,SCHEDULE_DATA_NOT_FOUND,0,Gateway returned no schedule data for route
5369,171,Kupang,Adonara,Nusa Tenggara Timur,Kendaraan,21,Golongan VIII,GOL VIII,2026-08-23,,,,,,IDR,SCHEDULE_DATA_NOT_FOUND,0,Gateway returned no schedule data for route
5369,171,Kupang,Adonara,Nusa Tenggara Timur,Kendaraan,22,Golongan IX,GOL IX,2026-08-23,,,,,,IDR,SCHEDULE_DATA_NOT_FOUND,0,Gateway returned no schedule data for route
5369,171,Kupang,Adonara,Nusa Tenggara Timur,Pejalan Kaki,7,Dewasa Ekonomi,DEWASA,2026-08-23,,,,,,IDR,SCHEDULE_DATA_NOT_FOUND,0,Gateway returned no schedule data for route
5369,171,Kupang,Adonara,Nusa Tenggara Timur,Pejalan Kaki,8,Anak - Anak Ekonomi,ANAK,2026-08-23,,,,,,IDR,SCHEDULE_DATA_NOT_FOUND,0,Gateway returned no schedule data for route
5373,171,Kupang,Ndao,Nusa Tenggara Timur,Kendaraan,11,Golongan I,GOL I,2026-08-23,,,,,,IDR,SCHEDULE_DATA_NOT_FOUND,0,Gateway returned no schedule data for route
5373,171,Kupang,Ndao,Nusa Tenggara Timur,Kendaraan,12,Golongan II ,GOL II,2026-08-23,,,,,,IDR,SCHEDULE_DATA_NOT_FOUND,0,Gateway returned no schedule data for route
5373,171,Kupang,Ndao,Nusa Tenggara Timur,Kendaraan,13,Golongan III,GOL III,2026-08-23,,,,,,IDR,SCHEDULE_DATA_NOT_FOUND,0,Gateway returned no schedule data for route
5373,171,Kupang,Ndao,Nusa Tenggara Timur,Kendaraan,14,Golongan IV - Penumpang,GOL IV A,2026-08-23,,,,,,IDR,SCHEDULE_DATA_NOT_FOUND,0,Gateway returned no schedule data for route
5373,171,Kupang,Ndao,Nusa Tenggara Timur,Kendaraan,15,Golongan IV - Barang,GOL IV B,2026-08-23,,,,,,IDR,SCHEDULE_DATA_NOT_FOUND,0,Gateway returned no schedule data for route
5373,171,Kupang,Ndao,Nusa Tenggara Timur,Kendaraan,16,Golongan V - Penumpang,GOL V A,2026-08-23,,,,,,IDR,SCHEDULE_DATA_NOT_FOUND,0,Gateway returned no schedule data for route
5373,171,Kupang,Ndao,Nusa Tenggara Timur,Kendaraan,17,Golongan V - Barang,GOL V B,2026-08-23,,,,,,IDR,SCHEDULE_DATA_NOT_FOUND,0,Gateway returned no schedule data for route
5373,171,Kupang,Ndao,Nusa Tenggara Timur,Kendaraan,18,Golongan VI - Penumpang,GOL VI A,2026-08-23,,,,,,IDR,SCHEDULE_DATA_NOT_FOUND,0,Gateway returned no schedule data for route
5373,171,Kupang,Ndao,Nusa Tenggara Timur,Kendaraan,19,Golongan VI - Barang,GOL VI B,2026-08-23,,,,,,IDR,SCHEDULE_DATA_NOT_FOUND,0,Gateway returned no schedule data for route
5373,171,Kupang,Ndao,Nusa Tenggara Timur,Kendaraan,20,Golongan VII,GOL VII,2026-08-23,,,,,,IDR,SCHEDULE_DATA_NOT_FOUND,0,Gateway returned no schedule data for route
5373,171,Kupang,Ndao,Nusa Tenggara Timur,Kendaraan,21,Golongan VIII,GOL VIII,2026-08-23,,,,,,IDR,SCHEDULE_DATA_NOT_FOUND,0,Gateway returned no schedule data for route
5373,171,Kupang,Ndao,Nusa Tenggara Timur,Kendaraan,22,Golongan IX,GOL IX,2026-08-23,,,,,,IDR,SCHEDULE_DATA_NOT_FOUND,0,Gateway returned no schedule data for route
5373,171,Kupang,Ndao,Nusa Tenggara Timur,Pejalan Kaki,7,Dewasa Ekonomi,DEWASA,2026-08-23,,,,,,IDR,SCHEDULE_DATA_NOT_FOUND,0,Gateway returned no schedule data for route
5373,171,Kupang,Ndao,Nusa Tenggara Timur,Pejalan Kaki,8,Anak - Anak Ekonomi,ANAK,2026-08-23,,,,,,IDR,SCHEDULE_DATA_NOT_FOUND,0,Gateway returned no schedule data for route
5378,171,Kupang,Ende,Nusa Tenggara Timur,Kendaraan,11,Golongan I,GOL I,2026-08-23,,,,,,IDR,SCHEDULE_DATA_NOT_FOUND,0,Gateway returned no schedule data for route
5378,171,Kupang,Ende,Nusa Tenggara Timur,Kendaraan,12,Golongan II ,GOL II,2026-08-23,,,,,,IDR,SCHEDULE_DATA_NOT_FOUND,0,Gateway returned no schedule data for route
5378,171,Kupang,Ende,Nusa Tenggara Timur,Kendaraan,13,Golongan III,GOL III,2026-08-23,,,,,,IDR,SCHEDULE_DATA_NOT_FOUND,0,Gateway returned no schedule data for route
5378,171,Kupang,Ende,Nusa Tenggara Timur,Kendaraan,14,Golongan IV - Penumpang,GOL IV A,2026-08-23,,,,,,IDR,SCHEDULE_DATA_NOT_FOUND,0,Gateway returned no schedule data for route
5378,171,Kupang,Ende,Nusa Tenggara Timur,Kendaraan,15,Golongan IV - Barang,GOL IV B,2026-08-23,,,,,,IDR,SCHEDULE_DATA_NOT_FOUND,0,Gateway returned no schedule data for route
5378,171,Kupang,Ende,Nusa Tenggara Timur,Kendaraan,16,Golongan V - Penumpang,GOL V A,2026-08-23,,,,,,IDR,SCHEDULE_DATA_NOT_FOUND,0,Gateway returned no schedule data for route
5378,171,Kupang,Ende,Nusa Tenggara Timur,Kendaraan,17,Golongan V - Barang,GOL V B,2026-08-23,,,,,,IDR,SCHEDULE_DATA_NOT_FOUND,0,Gateway returned no schedule data for route
5378,171,Kupang,Ende,Nusa Tenggara Timur,Kendaraan,18,Golongan VI - Penumpang,GOL VI A,2026-08-23,,,,,,IDR,SCHEDULE_DATA_NOT_FOUND,0,Gateway returned no schedule data for route
5378,171,Kupang,Ende,Nusa Tenggara Timur,Kendaraan,19,Golongan VI - Barang,GOL VI B,2026-08-23,,,,,,IDR,SCHEDULE_DATA_NOT_FOUND,0,Gateway returned no schedule data for route
5378,171,Kupang,Ende,Nusa Tenggara Timur,Kendaraan,20,Golongan VII,GOL VII,2026-08-23,,,,,,IDR,SCHEDULE_DATA_NOT_FOUND,0,Gateway returned no schedule data for route
5378,171,Kupang,Ende,Nusa Tenggara Timur,Kendaraan,21,Golongan VIII,GOL VIII,2026-08-23,,,,,,IDR,SCHEDULE_DATA_NOT_FOUND,0,Gateway returned no schedule data for route
5378,171,Kupang,Ende,Nusa Tenggara Timur,Kendaraan,22,Golongan IX,GOL IX,2026-08-23,,,,,,IDR,SCHEDULE_DATA_NOT_FOUND,0,Gateway returned no schedule data for route
5378,171,Kupang,Ende,Nusa Tenggara Timur,Pejalan Kaki,5,Dewasa Bisnis I,DEWASA,2026-08-23,,,,,,IDR,SCHEDULE_DATA_NOT_FOUND,0,Gateway returned no schedule data for route
5378,171,Kupang,Ende,Nusa Tenggara Timur,Pejalan Kaki,6,Anak - Anak Bisnis I,ANAK,2026-08-23,,,,,,IDR,SCHEDULE_DATA_NOT_FOUND,0,Gateway returned no schedule data for route
5378,171,Kupang,Ende,Nusa Tenggara Timur,Pejalan Kaki,7,Dewasa Ekonomi,DEWASA,2026-08-23,,,,,,IDR,SCHEDULE_DATA_NOT_FOUND,0,Gateway returned no schedule data for route
5378,171,Kupang,Ende,Nusa Tenggara Timur,Pejalan Kaki,8,Anak - Anak Ekonomi,ANAK,2026-08-23,,,,,,IDR,SCHEDULE_DATA_NOT_FOUND,0,Gateway returned no schedule data for route
5408,171,Kupang,Kalabahi,Nusa Tenggara Timur,Kendaraan,11,Golongan I,GOL I,2026-08-23,,,,,,IDR,SCHEDULE_DATA_NOT_FOUND,0,Gateway returned no schedule data for route
5408,171,Kupang,Kalabahi,Nusa Tenggara Timur,Kendaraan,12,Golongan II ,GOL II,2026-08-23,,,,,,IDR,SCHEDULE_DATA_NOT_FOUND,0,Gateway returned no schedule data for route
5408,171,Kupang,Kalabahi,Nusa Tenggara Timur,Kendaraan,13,Golongan III,GOL III,2026-08-23,,,,,,IDR,SCHEDULE_DATA_NOT_FOUND,0,Gateway returned no schedule data for route
5408,171,Kupang,Kalabahi,Nusa Tenggara Timur,Kendaraan,14,Golongan IV - Penumpang,GOL IV A,2026-08-23,,,,,,IDR,SCHEDULE_DATA_NOT_FOUND,0,Gateway returned no schedule data for route
5408,171,Kupang,Kalabahi,Nusa Tenggara Timur,Kendaraan,15,Golongan IV - Barang,GOL IV B,2026-08-23,,,,,,IDR,SCHEDULE_DATA_NOT_FOUND,0,Gateway returned no schedule data for route
5408,171,Kupang,Kalabahi,Nusa Tenggara Timur,Kendaraan,16,Golongan V - Penumpang,GOL V A,2026-08-23,,,,,,IDR,SCHEDULE_DATA_NOT_FOUND,0,Gateway returned no schedule data for route
5408,171,Kupang,Kalabahi,Nusa Tenggara Timur,Kendaraan,17,Golongan V - Barang,GOL V B,2026-08-23,,,,,,IDR,SCHEDULE_DATA_NOT_FOUND,0,Gateway returned no schedule data for route
5408,171,Kupang,Kalabahi,Nusa Tenggara Timur,Kendaraan,18,Golongan VI - Penumpang,GOL VI A,2026-08-23,,,,,,IDR,SCHEDULE_DATA_NOT_FOUND,0,Gateway returned no schedule data for route
5408,171,Kupang,Kalabahi,Nusa Tenggara Timur,Kendaraan,19,Golongan VI - Barang,GOL VI B,2026-08-23,,,,,,IDR,SCHEDULE_DATA_NOT_FOUND,0,Gateway returned no schedule data for route
5408,171,Kupang,Kalabahi,Nusa Tenggara Timur,Kendaraan,20,Golongan VII,GOL VII,2026-08-23,,,,,,IDR,SCHEDULE_DATA_NOT_FOUND,0,Gateway returned no schedule data for route
5408,171,Kupang,Kalabahi,Nusa Tenggara Timur,Kendaraan,21,Golongan VIII,GOL VIII,2026-08-23,,,,,,IDR,SCHEDULE_DATA_NOT_FOUND,0,Gateway returned no schedule data for route
5408,171,Kupang,Kalabahi,Nusa Tenggara Timur,Kendaraan,22,Golongan IX,GOL IX,2026-08-23,,,,,,IDR,SCHEDULE_DATA_NOT_FOUND,0,Gateway returned no schedule data for route
5408,171,Kupang,Kalabahi,Nusa Tenggara Timur,Pejalan Kaki,5,Dewasa Bisnis I,DEWASA,2026-08-23,,,,,,IDR,SCHEDULE_DATA_NOT_FOUND,0,Gateway returned no schedule data for route
5408,171,Kupang,Kalabahi,Nusa Tenggara Timur,Pejalan Kaki,6,Anak - Anak Bisnis I,ANAK,2026-08-23,,,,,,IDR,SCHEDULE_DATA_NOT_FOUND,0,Gateway returned no schedule data for route
5408,171,Kupang,Kalabahi,Nusa Tenggara Timur,Pejalan Kaki,7,Dewasa Ekonomi,DEWASA,2026-08-23,,,,,,IDR,SCHEDULE_DATA_NOT_FOUND,0,Gateway returned no schedule data for route
5408,171,Kupang,Kalabahi,Nusa Tenggara Timur,Pejalan Kaki,8,Anak - Anak Ekonomi,ANAK,2026-08-23,,,,,,IDR,SCHEDULE_DATA_NOT_FOUND,0,Gateway returned no schedule data for route
5409,174,Kalabahi,Kupang,Nusa Tenggara Timur,Kendaraan,11,Golongan I,GOL I,2026-08-23,,,,,,IDR,SCHEDULE_DATA_NOT_FOUND,0,Gateway returned no schedule data for route
5409,174,Kalabahi,Kupang,Nusa Tenggara Timur,Kendaraan,12,Golongan II ,GOL II,2026-08-23,,,,,,IDR,SCHEDULE_DATA_NOT_FOUND,0,Gateway returned no schedule data for route
5409,174,Kalabahi,Kupang,Nusa Tenggara Timur,Kendaraan,13,Golongan III,GOL III,2026-08-23,,,,,,IDR,SCHEDULE_DATA_NOT_FOUND,0,Gateway returned no schedule data for route
5409,174,Kalabahi,Kupang,Nusa Tenggara Timur,Kendaraan,14,Golongan IV - Penumpang,GOL IV A,2026-08-23,,,,,,IDR,SCHEDULE_DATA_NOT_FOUND,0,Gateway returned no schedule data for route
5409,174,Kalabahi,Kupang,Nusa Tenggara Timur,Kendaraan,15,Golongan IV - Barang,GOL IV B,2026-08-23,,,,,,IDR,SCHEDULE_DATA_NOT_FOUND,0,Gateway returned no schedule data for route
5409,174,Kalabahi,Kupang,Nusa Tenggara Timur,Kendaraan,16,Golongan V - Penumpang,GOL V A,2026-08-23,,,,,,IDR,SCHEDULE_DATA_NOT_FOUND,0,Gateway returned no schedule data for route
5409,174,Kalabahi,Kupang,Nusa Tenggara Timur,Kendaraan,17,Golongan V - Barang,GOL V B,2026-08-23,,,,,,IDR,SCHEDULE_DATA_NOT_FOUND,0,Gateway returned no schedule data for route
5409,174,Kalabahi,Kupang,Nusa Tenggara Timur,Kendaraan,18,Golongan VI - Penumpang,GOL VI A,2026-08-23,,,,,,IDR,SCHEDULE_DATA_NOT_FOUND,0,Gateway returned no schedule data for route
5409,174,Kalabahi,Kupang,Nusa Tenggara Timur,Kendaraan,19,Golongan VI - Barang,GOL VI B,2026-08-23,,,,,,IDR,SCHEDULE_DATA_NOT_FOUND,0,Gateway returned no schedule data for route
5409,174,Kalabahi,Kupang,Nusa Tenggara Timur,Kendaraan,20,Golongan VII,GOL VII,2026-08-23,,,,,,IDR,SCHEDULE_DATA_NOT_FOUND,0,Gateway returned no schedule data for route
5409,174,Kalabahi,Kupang,Nusa Tenggara Timur,Kendaraan,21,Golongan VIII,GOL VIII,2026-08-23,,,,,,IDR,SCHEDULE_DATA_NOT_FOUND,0,Gateway returned no schedule data for route
5409,174,Kalabahi,Kupang,Nusa Tenggara Timur,Kendaraan,22,Golongan IX,GOL IX,2026-08-23,,,,,,IDR,SCHEDULE_DATA_NOT_FOUND,0,Gateway returned no schedule data for route
5409,174,Kalabahi,Kupang,Nusa Tenggara Timur,Pejalan Kaki,5,Dewasa Bisnis I,DEWASA,2026-08-23,,,,,,IDR,SCHEDULE_DATA_NOT_FOUND,0,Gateway returned no schedule data for route
5409,174,Kalabahi,Kupang,Nusa Tenggara Timur,Pejalan Kaki,6,Anak - Anak Bisnis I,ANAK,2026-08-23,,,,,,IDR,SCHEDULE_DATA_NOT_FOUND,0,Gateway returned no schedule data for route
5409,174,Kalabahi,Kupang,Nusa Tenggara Timur,Pejalan Kaki,7,Dewasa Ekonomi,DEWASA,2026-08-23,,,,,,IDR,SCHEDULE_DATA_NOT_FOUND,0,Gateway returned no schedule data for route
5409,174,Kalabahi,Kupang,Nusa Tenggara Timur,Pejalan Kaki,8,Anak - Anak Ekonomi,ANAK,2026-08-23,,,,,,IDR,SCHEDULE_DATA_NOT_FOUND,0,Gateway returned no schedule data for route
5410,171,Kupang,Sabu,Nusa Tenggara Timur,Kendaraan,11,Golongan I,GOL I,2026-08-23,,,,,,IDR,SCHEDULE_DATA_NOT_FOUND,0,Gateway returned no schedule data for route
5410,171,Kupang,Sabu,Nusa Tenggara Timur,Kendaraan,12,Golongan II ,GOL II,2026-08-23,,,,,,IDR,SCHEDULE_DATA_NOT_FOUND,0,Gateway returned no schedule data for route
5410,171,Kupang,Sabu,Nusa Tenggara Timur,Kendaraan,12,Golongan II ,GOL II,2026-08-23,,,,,,IDR,SCHEDULE_DATA_NOT_FOUND,0,Gateway returned no schedule data for route
5410,171,Kupang,Sabu,Nusa Tenggara Timur,Kendaraan,13,Golongan III,GOL III,2026-08-23,,,,,,IDR,SCHEDULE_DATA_NOT_FOUND,0,Gateway returned no schedule data for route
5410,171,Kupang,Sabu,Nusa Tenggara Timur,Kendaraan,14,Golongan IV - Penumpang,GOL IV A,2026-08-23,,,,,,IDR,SCHEDULE_DATA_NOT_FOUND,0,Gateway returned no schedule data for route
5410,171,Kupang,Sabu,Nusa Tenggara Timur,Kendaraan,15,Golongan IV - Barang,GOL IV B,2026-08-23,,,,,,IDR,SCHEDULE_DATA_NOT_FOUND,0,Gateway returned no schedule data for route
5410,171,Kupang,Sabu,Nusa Tenggara Timur,Kendaraan,16,Golongan V - Penumpang,GOL V A,2026-08-23,,,,,,IDR,SCHEDULE_DATA_NOT_FOUND,0,Gateway returned no schedule data for route
5410,171,Kupang,Sabu,Nusa Tenggara Timur,Kendaraan,17,Golongan V - Barang,GOL V B,2026-08-23,,,,,,IDR,SCHEDULE_DATA_NOT_FOUND,0,Gateway returned no schedule data for route
5410,171,Kupang,Sabu,Nusa Tenggara Timur,Kendaraan,18,Golongan VI - Penumpang,GOL VI A,2026-08-23,,,,,,IDR,SCHEDULE_DATA_NOT_FOUND,0,Gateway returned no schedule data for route
5410,171,Kupang,Sabu,Nusa Tenggara Timur,Kendaraan,19,Golongan VI - Barang,GOL VI B,2026-08-23,,,,,,IDR,SCHEDULE_DATA_NOT_FOUND,0,Gateway returned no schedule data for route
5410,171,Kupang,Sabu,Nusa Tenggara Timur,Kendaraan,20,Golongan VII,GOL VII,2026-08-23,,,,,,IDR,SCHEDULE_DATA_NOT_FOUND,0,Gateway returned no schedule data for route
5410,171,Kupang,Sabu,Nusa Tenggara Timur,Kendaraan,21,Golongan VIII,GOL VIII,2026-08-23,,,,,,IDR,SCHEDULE_DATA_NOT_FOUND,0,Gateway returned no schedule data for route
5410,171,Kupang,Sabu,Nusa Tenggara Timur,Kendaraan,22,Golongan IX,GOL IX,2026-08-23,,,,,,IDR,SCHEDULE_DATA_NOT_FOUND,0,Gateway returned no schedule data for route
5410,171,Kupang,Sabu,Nusa Tenggara Timur,Pejalan Kaki,5,Dewasa Bisnis I,DEWASA,2026-08-23,,,,,,IDR,SCHEDULE_DATA_NOT_FOUND,0,Gateway returned no schedule data for route
5410,171,Kupang,Sabu,Nusa Tenggara Timur,Pejalan Kaki,6,Anak - Anak Bisnis I,ANAK,2026-08-23,,,,,,IDR,SCHEDULE_DATA_NOT_FOUND,0,Gateway returned no schedule data for route
5410,171,Kupang,Sabu,Nusa Tenggara Timur,Pejalan Kaki,7,Dewasa Ekonomi,DEWASA,2026-08-23,,,,,,IDR,SCHEDULE_DATA_NOT_FOUND,0,Gateway returned no schedule data for route
5410,171,Kupang,Sabu,Nusa Tenggara Timur,Pejalan Kaki,8,Anak - Anak Ekonomi,ANAK,2026-08-23,,,,,,IDR,SCHEDULE_DATA_NOT_FOUND,0,Gateway returned no schedule data for route
5411051,541,Tanjung Perak,Soekarno-Hatta (Makassar),Sulawesi Selatan,Kendaraan,12,Golongan II ,GOL II,2026-08-23,,,,,,IDR,SCHEDULE_DATA_NOT_FOUND,0,Gateway returned no schedule data for route
5411051,541,Tanjung Perak,Soekarno-Hatta (Makassar),Sulawesi Selatan,Kendaraan,14,Golongan IV - Penumpang,GOL IV A,2026-08-23,,,,,,IDR,SCHEDULE_DATA_NOT_FOUND,0,Gateway returned no schedule data for route
5411051,541,Tanjung Perak,Soekarno-Hatta (Makassar),Sulawesi Selatan,Pejalan Kaki,7,Dewasa Ekonomi,DEWASA,2026-08-23,,,,,,IDR,SCHEDULE_DATA_NOT_FOUND,0,Gateway returned no schedule data for route
5412,171,Kupang,Aimere,Nusa Tenggara Timur,Kendaraan,11,Golongan I,GOL I,2026-08-23,,,,,,IDR,SCHEDULE_DATA_NOT_FOUND,0,Gateway returned no schedule data for route
5412,171,Kupang,Aimere,Nusa Tenggara Timur,Kendaraan,12,Golongan II ,GOL II,2026-08-23,,,,,,IDR,SCHEDULE_DATA_NOT_FOUND,0,Gateway returned no schedule data for route
5412,171,Kupang,Aimere,Nusa Tenggara Timur,Kendaraan,13,Golongan III,GOL III,2026-08-23,,,,,,IDR,SCHEDULE_DATA_NOT_FOUND,0,Gateway returned no schedule data for route
5412,171,Kupang,Aimere,Nusa Tenggara Timur,Kendaraan,14,Golongan IV - Penumpang,GOL IV A,2026-08-23,,,,,,IDR,SCHEDULE_DATA_NOT_FOUND,0,Gateway returned no schedule data for route
5412,171,Kupang,Aimere,Nusa Tenggara Timur,Kendaraan,15,Golongan IV - Barang,GOL IV B,2026-08-23,,,,,,IDR,SCHEDULE_DATA_NOT_FOUND,0,Gateway returned no schedule data for route
5412,171,Kupang,Aimere,Nusa Tenggara Timur,Kendaraan,16,Golongan V - Penumpang,GOL V A,2026-08-23,,,,,,IDR,SCHEDULE_DATA_NOT_FOUND,0,Gateway returned no schedule data for route
5412,171,Kupang,Aimere,Nusa Tenggara Timur,Kendaraan,17,Golongan V - Barang,GOL V B,2026-08-23,,,,,,IDR,SCHEDULE_DATA_NOT_FOUND,0,Gateway returned no schedule data for route
5412,171,Kupang,Aimere,Nusa Tenggara Timur,Kendaraan,18,Golongan VI - Penumpang,GOL VI A,2026-08-23,,,,,,IDR,SCHEDULE_DATA_NOT_FOUND,0,Gateway returned no schedule data for route
5412,171,Kupang,Aimere,Nusa Tenggara Timur,Kendaraan,19,Golongan VI - Barang,GOL VI B,2026-08-23,,,,,,IDR,SCHEDULE_DATA_NOT_FOUND,0,Gateway returned no schedule data for route
5412,171,Kupang,Aimere,Nusa Tenggara Timur,Kendaraan,20,Golongan VII,GOL VII,2026-08-23,,,,,,IDR,SCHEDULE_DATA_NOT_FOUND,0,Gateway returned no schedule data for route
5412,171,Kupang,Aimere,Nusa Tenggara Timur,Kendaraan,21,Golongan VIII,GOL VIII,2026-08-23,,,,,,IDR,SCHEDULE_DATA_NOT_FOUND,0,Gateway returned no schedule data for route
5412,171,Kupang,Aimere,Nusa Tenggara Timur,Kendaraan,22,Golongan IX,GOL IX,2026-08-23,,,,,,IDR,SCHEDULE_DATA_NOT_FOUND,0,Gateway returned no schedule data for route
5412,171,Kupang,Aimere,Nusa Tenggara Timur,Pejalan Kaki,5,Dewasa Bisnis I,DEWASA,2026-08-23,,,,,,IDR,SCHEDULE_DATA_NOT_FOUND,0,Gateway returned no schedule data for route
5412,171,Kupang,Aimere,Nusa Tenggara Timur,Pejalan Kaki,6,Anak - Anak Bisnis I,ANAK,2026-08-23,,,,,,IDR,SCHEDULE_DATA_NOT_FOUND,0,Gateway returned no schedule data for route
5412,171,Kupang,Aimere,Nusa Tenggara Timur,Pejalan Kaki,7,Dewasa Ekonomi,DEWASA,2026-08-23,,,,,,IDR,SCHEDULE_DATA_NOT_FOUND,0,Gateway returned no schedule data for route
5412,171,Kupang,Aimere,Nusa Tenggara Timur,Pejalan Kaki,8,Anak - Anak Ekonomi,ANAK,2026-08-23,,,,,,IDR,SCHEDULE_DATA_NOT_FOUND,0,Gateway returned no schedule data for route
5414,171,Kupang,Waingapu,Nusa Tenggara Timur,Kendaraan,11,Golongan I,GOL I,2026-08-23,,,,,,IDR,SCHEDULE_DATA_NOT_FOUND,0,Gateway returned no schedule data for route
5414,171,Kupang,Waingapu,Nusa Tenggara Timur,Kendaraan,12,Golongan II ,GOL II,2026-08-23,,,,,,IDR,SCHEDULE_DATA_NOT_FOUND,0,Gateway returned no schedule data for route
5414,171,Kupang,Waingapu,Nusa Tenggara Timur,Kendaraan,13,Golongan III,GOL III,2026-08-23,,,,,,IDR,SCHEDULE_DATA_NOT_FOUND,0,Gateway returned no schedule data for route
5414,171,Kupang,Waingapu,Nusa Tenggara Timur,Kendaraan,14,Golongan IV - Penumpang,GOL IV A,2026-08-23,,,,,,IDR,SCHEDULE_DATA_NOT_FOUND,0,Gateway returned no schedule data for route
5414,171,Kupang,Waingapu,Nusa Tenggara Timur,Kendaraan,15,Golongan IV - Barang,GOL IV B,2026-08-23,,,,,,IDR,SCHEDULE_DATA_NOT_FOUND,0,Gateway returned no schedule data for route
5414,171,Kupang,Waingapu,Nusa Tenggara Timur,Kendaraan,16,Golongan V - Penumpang,GOL V A,2026-08-23,,,,,,IDR,SCHEDULE_DATA_NOT_FOUND,0,Gateway returned no schedule data for route
5414,171,Kupang,Waingapu,Nusa Tenggara Timur,Kendaraan,17,Golongan V - Barang,GOL V B,2026-08-23,,,,,,IDR,SCHEDULE_DATA_NOT_FOUND,0,Gateway returned no schedule data for route
5414,171,Kupang,Waingapu,Nusa Tenggara Timur,Kendaraan,18,Golongan VI - Penumpang,GOL VI A,2026-08-23,,,,,,IDR,SCHEDULE_DATA_NOT_FOUND,0,Gateway returned no schedule data for route
5414,171,Kupang,Waingapu,Nusa Tenggara Timur,Kendaraan,19,Golongan VI - Barang,GOL VI B,2026-08-23,,,,,,IDR,SCHEDULE_DATA_NOT_FOUND,0,Gateway returned no schedule data for route
5414,171,Kupang,Waingapu,Nusa Tenggara Timur,Kendaraan,20,Golongan VII,GOL VII,2026-08-23,,,,,,IDR,SCHEDULE_DATA_NOT_FOUND,0,Gateway returned no schedule data for route
5414,171,Kupang,Waingapu,Nusa Tenggara Timur,Kendaraan,21,Golongan VIII,GOL VIII,2026-08-23,,,,,,IDR,SCHEDULE_DATA_NOT_FOUND,0,Gateway returned no schedule data for route
5414,171,Kupang,Waingapu,Nusa Tenggara Timur,Kendaraan,22,Golongan IX,GOL IX,2026-08-23,,,,,,IDR,SCHEDULE_DATA_NOT_FOUND,0,Gateway returned no schedule data for route
5414,171,Kupang,Waingapu,Nusa Tenggara Timur,Pejalan Kaki,5,Dewasa Bisnis I,DEWASA,2026-08-23,,,,,,IDR,SCHEDULE_DATA_NOT_FOUND,0,Gateway returned no schedule data for route
5414,171,Kupang,Waingapu,Nusa Tenggara Timur,Pejalan Kaki,6,Anak - Anak Bisnis I,ANAK,2026-08-23,,,,,,IDR,SCHEDULE_DATA_NOT_FOUND,0,Gateway returned no schedule data for route
5414,171,Kupang,Waingapu,Nusa Tenggara Timur,Pejalan Kaki,7,Dewasa Ekonomi,DEWASA,2026-08-23,,,,,,IDR,SCHEDULE_DATA_NOT_FOUND,0,Gateway returned no schedule data for route
5414,171,Kupang,Waingapu,Nusa Tenggara Timur,Pejalan Kaki,8,Anak - Anak Ekonomi,ANAK,2026-08-23,,,,,,IDR,SCHEDULE_DATA_NOT_FOUND,0,Gateway returned no schedule data for route
5415,177,Waingapu,Kupang,Nusa Tenggara Timur,Kendaraan,11,Golongan I,GOL I,2026-08-23,,,,,,IDR,SCHEDULE_DATA_NOT_FOUND,0,Gateway returned no schedule data for route
5415,177,Waingapu,Kupang,Nusa Tenggara Timur,Kendaraan,12,Golongan II ,GOL II,2026-08-23,,,,,,IDR,SCHEDULE_DATA_NOT_FOUND,0,Gateway returned no schedule data for route
5415,177,Waingapu,Kupang,Nusa Tenggara Timur,Kendaraan,13,Golongan III,GOL III,2026-08-23,,,,,,IDR,SCHEDULE_DATA_NOT_FOUND,0,Gateway returned no schedule data for route
5415,177,Waingapu,Kupang,Nusa Tenggara Timur,Kendaraan,14,Golongan IV - Penumpang,GOL IV A,2026-08-23,,,,,,IDR,SCHEDULE_DATA_NOT_FOUND,0,Gateway returned no schedule data for route
5415,177,Waingapu,Kupang,Nusa Tenggara Timur,Kendaraan,15,Golongan IV - Barang,GOL IV B,2026-08-23,,,,,,IDR,SCHEDULE_DATA_NOT_FOUND,0,Gateway returned no schedule data for route
5415,177,Waingapu,Kupang,Nusa Tenggara Timur,Kendaraan,16,Golongan V - Penumpang,GOL V A,2026-08-23,,,,,,IDR,SCHEDULE_DATA_NOT_FOUND,0,Gateway returned no schedule data for route
5415,177,Waingapu,Kupang,Nusa Tenggara Timur,Kendaraan,17,Golongan V - Barang,GOL V B,2026-08-23,,,,,,IDR,SCHEDULE_DATA_NOT_FOUND,0,Gateway returned no schedule data for route
5415,177,Waingapu,Kupang,Nusa Tenggara Timur,Kendaraan,18,Golongan VI - Penumpang,GOL VI A,2026-08-23,,,,,,IDR,SCHEDULE_DATA_NOT_FOUND,0,Gateway returned no schedule data for route
5415,177,Waingapu,Kupang,Nusa Tenggara Timur,Kendaraan,19,Golongan VI - Barang,GOL VI B,2026-08-23,,,,,,IDR,SCHEDULE_DATA_NOT_FOUND,0,Gateway returned no schedule data for route
5415,177,Waingapu,Kupang,Nusa Tenggara Timur,Kendaraan,20,Golongan VII,GOL VII,2026-08-23,,,,,,IDR,SCHEDULE_DATA_NOT_FOUND,0,Gateway returned no schedule data for route
5415,177,Waingapu,Kupang,Nusa Tenggara Timur,Kendaraan,21,Golongan VIII,GOL VIII,2026-08-23,,,,,,IDR,SCHEDULE_DATA_NOT_FOUND,0,Gateway returned no schedule data for route
5415,177,Waingapu,Kupang,Nusa Tenggara Timur,Kendaraan,22,Golongan IX,GOL IX,2026-08-23,,,,,,IDR,SCHEDULE_DATA_NOT_FOUND,0,Gateway returned no schedule data for route
5415,177,Waingapu,Kupang,Nusa Tenggara Timur,Pejalan Kaki,5,Dewasa Bisnis I,DEWASA,2026-08-23,,,,,,IDR,SCHEDULE_DATA_NOT_FOUND,0,Gateway returned no schedule data for route
5415,177,Waingapu,Kupang,Nusa Tenggara Timur,Pejalan Kaki,6,Anak - Anak Bisnis I,ANAK,2026-08-23,,,,,,IDR,SCHEDULE_DATA_NOT_FOUND,0,Gateway returned no schedule data for route
5415,177,Waingapu,Kupang,Nusa Tenggara Timur,Pejalan Kaki,7,Dewasa Ekonomi,DEWASA,2026-08-23,,,,,,IDR,SCHEDULE_DATA_NOT_FOUND,0,Gateway returned no schedule data for route
5415,177,Waingapu,Kupang,Nusa Tenggara Timur,Pejalan Kaki,8,Anak - Anak Ekonomi,ANAK,2026-08-23,,,,,,IDR,SCHEDULE_DATA_NOT_FOUND,0,Gateway returned no schedule data for route
5417,174,Kalabahi,Adonara,Nusa Tenggara Timur,Kendaraan,11,Golongan I,GOL I,2026-08-23,,,,,,IDR,SCHEDULE_DATA_NOT_FOUND,0,Gateway returned no schedule data for route
5417,174,Kalabahi,Adonara,Nusa Tenggara Timur,Kendaraan,12,Golongan II ,GOL II,2026-08-23,,,,,,IDR,SCHEDULE_DATA_NOT_FOUND,0,Gateway returned no schedule data for route
5417,174,Kalabahi,Adonara,Nusa Tenggara Timur,Kendaraan,13,Golongan III,GOL III,2026-08-23,,,,,,IDR,SCHEDULE_DATA_NOT_FOUND,0,Gateway returned no schedule data for route
5417,174,Kalabahi,Adonara,Nusa Tenggara Timur,Kendaraan,14,Golongan IV - Penumpang,GOL IV A,2026-08-23,,,,,,IDR,SCHEDULE_DATA_NOT_FOUND,0,Gateway returned no schedule data for route
5417,174,Kalabahi,Adonara,Nusa Tenggara Timur,Kendaraan,15,Golongan IV - Barang,GOL IV B,2026-08-23,,,,,,IDR,SCHEDULE_DATA_NOT_FOUND,0,Gateway returned no schedule data for route
5417,174,Kalabahi,Adonara,Nusa Tenggara Timur,Kendaraan,16,Golongan V - Penumpang,GOL V A,2026-08-23,,,,,,IDR,SCHEDULE_DATA_NOT_FOUND,0,Gateway returned no schedule data for route
5417,174,Kalabahi,Adonara,Nusa Tenggara Timur,Kendaraan,17,Golongan V - Barang,GOL V B,2026-08-23,,,,,,IDR,SCHEDULE_DATA_NOT_FOUND,0,Gateway returned no schedule data for route
5417,174,Kalabahi,Adonara,Nusa Tenggara Timur,Kendaraan,18,Golongan VI - Penumpang,GOL VI A,2026-08-23,,,,,,IDR,SCHEDULE_DATA_NOT_FOUND,0,Gateway returned no schedule data for route
5417,174,Kalabahi,Adonara,Nusa Tenggara Timur,Kendaraan,19,Golongan VI - Barang,GOL VI B,2026-08-23,,,,,,IDR,SCHEDULE_DATA_NOT_FOUND,0,Gateway returned no schedule data for route
5417,174,Kalabahi,Adonara,Nusa Tenggara Timur,Kendaraan,20,Golongan VII,GOL VII,2026-08-23,,,,,,IDR,SCHEDULE_DATA_NOT_FOUND,0,Gateway returned no schedule data for route
5417,174,Kalabahi,Adonara,Nusa Tenggara Timur,Kendaraan,21,Golongan VIII,GOL VIII,2026-08-23,,,,,,IDR,SCHEDULE_DATA_NOT_FOUND,0,Gateway returned no schedule data for route
5417,174,Kalabahi,Adonara,Nusa Tenggara Timur,Kendaraan,22,Golongan IX,GOL IX,2026-08-23,,,,,,IDR,SCHEDULE_DATA_NOT_FOUND,0,Gateway returned no schedule data for route
5417,174,Kalabahi,Adonara,Nusa Tenggara Timur,Pejalan Kaki,5,Dewasa Bisnis I,DEWASA,2026-08-23,,,,,,IDR,SCHEDULE_DATA_NOT_FOUND,0,Gateway returned no schedule data for route
5417,174,Kalabahi,Adonara,Nusa Tenggara Timur,Pejalan Kaki,7,Dewasa Ekonomi,DEWASA,2026-08-23,,,,,,IDR,SCHEDULE_DATA_NOT_FOUND,0,Gateway returned no schedule data for route
5417,174,Kalabahi,Adonara,Nusa Tenggara Timur,Pejalan Kaki,8,Anak - Anak Ekonomi,ANAK,2026-08-23,,,,,,IDR,SCHEDULE_DATA_NOT_FOUND,0,Gateway returned no schedule data for route
5418,174,Kalabahi,Teluk Gurita,Nusa Tenggara Timur,Kendaraan,11,Golongan I,GOL I,2026-08-23,,,,,,IDR,SCHEDULE_DATA_NOT_FOUND,0,Gateway returned no schedule data for route
5418,174,Kalabahi,Teluk Gurita,Nusa Tenggara Timur,Kendaraan,12,Golongan II ,GOL II,2026-08-23,,,,,,IDR,SCHEDULE_DATA_NOT_FOUND,0,Gateway returned no schedule data for route
5418,174,Kalabahi,Teluk Gurita,Nusa Tenggara Timur,Kendaraan,13,Golongan III,GOL III,2026-08-23,,,,,,IDR,SCHEDULE_DATA_NOT_FOUND,0,Gateway returned no schedule data for route
5418,174,Kalabahi,Teluk Gurita,Nusa Tenggara Timur,Kendaraan,14,Golongan IV - Penumpang,GOL IV A,2026-08-23,,,,,,IDR,SCHEDULE_DATA_NOT_FOUND,0,Gateway returned no schedule data for route
5418,174,Kalabahi,Teluk Gurita,Nusa Tenggara Timur,Kendaraan,15,Golongan IV - Barang,GOL IV B,2026-08-23,,,,,,IDR,SCHEDULE_DATA_NOT_FOUND,0,Gateway returned no schedule data for route
5418,174,Kalabahi,Teluk Gurita,Nusa Tenggara Timur,Kendaraan,16,Golongan V - Penumpang,GOL V A,2026-08-23,,,,,,IDR,SCHEDULE_DATA_NOT_FOUND,0,Gateway returned no schedule data for route
5418,174,Kalabahi,Teluk Gurita,Nusa Tenggara Timur,Kendaraan,17,Golongan V - Barang,GOL V B,2026-08-23,,,,,,IDR,SCHEDULE_DATA_NOT_FOUND,0,Gateway returned no schedule data for route
5418,174,Kalabahi,Teluk Gurita,Nusa Tenggara Timur,Kendaraan,18,Golongan VI - Penumpang,GOL VI A,2026-08-23,,,,,,IDR,SCHEDULE_DATA_NOT_FOUND,0,Gateway returned no schedule data for route
5418,174,Kalabahi,Teluk Gurita,Nusa Tenggara Timur,Kendaraan,19,Golongan VI - Barang,GOL VI B,2026-08-23,,,,,,IDR,SCHEDULE_DATA_NOT_FOUND,0,Gateway returned no schedule data for route
5418,174,Kalabahi,Teluk Gurita,Nusa Tenggara Timur,Kendaraan,20,Golongan VII,GOL VII,2026-08-23,,,,,,IDR,SCHEDULE_DATA_NOT_FOUND,0,Gateway returned no schedule data for route
5418,174,Kalabahi,Teluk Gurita,Nusa Tenggara Timur,Kendaraan,21,Golongan VIII,GOL VIII,2026-08-23,,,,,,IDR,SCHEDULE_DATA_NOT_FOUND,0,Gateway returned no schedule data for route
5418,174,Kalabahi,Teluk Gurita,Nusa Tenggara Timur,Kendaraan,22,Golongan IX,GOL IX,2026-08-23,,,,,,IDR,SCHEDULE_DATA_NOT_FOUND,0,Gateway returned no schedule data for route
5418,174,Kalabahi,Teluk Gurita,Nusa Tenggara Timur,Pejalan Kaki,7,Dewasa Ekonomi,DEWASA,2026-08-23,,,,,,IDR,SCHEDULE_DATA_NOT_FOUND,0,Gateway returned no schedule data for route
5418,174,Kalabahi,Teluk Gurita,Nusa Tenggara Timur,Pejalan Kaki,8,Anak - Anak Ekonomi,ANAK,2026-08-23,,,,,,IDR,SCHEDULE_DATA_NOT_FOUND,0,Gateway returned no schedule data for route
5422,171,Kupang,Hansisi,Nusa Tenggara Timur,Kendaraan,11,Golongan I,GOL I,2026-08-23,,,,,,IDR,SCHEDULE_DATA_NOT_FOUND,0,Gateway returned no schedule data for route
5422,171,Kupang,Hansisi,Nusa Tenggara Timur,Kendaraan,12,Golongan II ,GOL II,2026-08-23,,,,,,IDR,SCHEDULE_DATA_NOT_FOUND,0,Gateway returned no schedule data for route
5422,171,Kupang,Hansisi,Nusa Tenggara Timur,Kendaraan,13,Golongan III,GOL III,2026-08-23,,,,,,IDR,SCHEDULE_DATA_NOT_FOUND,0,Gateway returned no schedule data for route
5422,171,Kupang,Hansisi,Nusa Tenggara Timur,Kendaraan,14,Golongan IV - Penumpang,GOL IV A,2026-08-23,,,,,,IDR,SCHEDULE_DATA_NOT_FOUND,0,Gateway returned no schedule data for route
5422,171,Kupang,Hansisi,Nusa Tenggara Timur,Kendaraan,15,Golongan IV - Barang,GOL IV B,2026-08-23,,,,,,IDR,SCHEDULE_DATA_NOT_FOUND,0,Gateway returned no schedule data for route
5422,171,Kupang,Hansisi,Nusa Tenggara Timur,Kendaraan,16,Golongan V - Penumpang,GOL V A,2026-08-23,,,,,,IDR,SCHEDULE_DATA_NOT_FOUND,0,Gateway returned no schedule data for route
5422,171,Kupang,Hansisi,Nusa Tenggara Timur,Kendaraan,17,Golongan V - Barang,GOL V B,2026-08-23,,,,,,IDR,SCHEDULE_DATA_NOT_FOUND,0,Gateway returned no schedule data for route
5422,171,Kupang,Hansisi,Nusa Tenggara Timur,Kendaraan,18,Golongan VI - Penumpang,GOL VI A,2026-08-23,,,,,,IDR,SCHEDULE_DATA_NOT_FOUND,0,Gateway returned no schedule data for route
5422,171,Kupang,Hansisi,Nusa Tenggara Timur,Kendaraan,19,Golongan VI - Barang,GOL VI B,2026-08-23,,,,,,IDR,SCHEDULE_DATA_NOT_FOUND,0,Gateway returned no schedule data for route
5422,171,Kupang,Hansisi,Nusa Tenggara Timur,Kendaraan,20,Golongan VII,GOL VII,2026-08-23,,,,,,IDR,SCHEDULE_DATA_NOT_FOUND,0,Gateway returned no schedule data for route
5422,171,Kupang,Hansisi,Nusa Tenggara Timur,Kendaraan,21,Golongan VIII,GOL VIII,2026-08-23,,,,,,IDR,SCHEDULE_DATA_NOT_FOUND,0,Gateway returned no schedule data for route
5422,171,Kupang,Hansisi,Nusa Tenggara Timur,Kendaraan,22,Golongan IX,GOL IX,2026-08-23,,,,,,IDR,SCHEDULE_DATA_NOT_FOUND,0,Gateway returned no schedule data for route
5422,171,Kupang,Hansisi,Nusa Tenggara Timur,Pejalan Kaki,5,Dewasa Bisnis I,DEWASA,2026-08-23,,,,,,IDR,SCHEDULE_DATA_NOT_FOUND,0,Gateway returned no schedule data for route
5422,171,Kupang,Hansisi,Nusa Tenggara Timur,Pejalan Kaki,7,Dewasa Ekonomi,DEWASA,2026-08-23,,,,,,IDR,SCHEDULE_DATA_NOT_FOUND,0,Gateway returned no schedule data for route
5422,171,Kupang,Hansisi,Nusa Tenggara Timur,Pejalan Kaki,8,Anak - Anak Ekonomi,ANAK,2026-08-23,,,,,,IDR,SCHEDULE_DATA_NOT_FOUND,0,Gateway returned no schedule data for route
5425,172,Rote,Hansisi,Nusa Tenggara Timur,Kendaraan,11,Golongan I,GOL I,2026-08-23,,,,,,IDR,SCHEDULE_DATA_NOT_FOUND,0,Gateway returned no schedule data for route
5425,172,Rote,Hansisi,Nusa Tenggara Timur,Kendaraan,12,Golongan II ,GOL II,2026-08-23,,,,,,IDR,SCHEDULE_DATA_NOT_FOUND,0,Gateway returned no schedule data for route
5425,172,Rote,Hansisi,Nusa Tenggara Timur,Kendaraan,13,Golongan III,GOL III,2026-08-23,,,,,,IDR,SCHEDULE_DATA_NOT_FOUND,0,Gateway returned no schedule data for route
5425,172,Rote,Hansisi,Nusa Tenggara Timur,Kendaraan,14,Golongan IV - Penumpang,GOL IV A,2026-08-23,,,,,,IDR,SCHEDULE_DATA_NOT_FOUND,0,Gateway returned no schedule data for route
5425,172,Rote,Hansisi,Nusa Tenggara Timur,Kendaraan,15,Golongan IV - Barang,GOL IV B,2026-08-23,,,,,,IDR,SCHEDULE_DATA_NOT_FOUND,0,Gateway returned no schedule data for route
5425,172,Rote,Hansisi,Nusa Tenggara Timur,Kendaraan,16,Golongan V - Penumpang,GOL V A,2026-08-23,,,,,,IDR,SCHEDULE_DATA_NOT_FOUND,0,Gateway returned no schedule data for route
5425,172,Rote,Hansisi,Nusa Tenggara Timur,Kendaraan,17,Golongan V - Barang,GOL V B,2026-08-23,,,,,,IDR,SCHEDULE_DATA_NOT_FOUND,0,Gateway returned no schedule data for route
5425,172,Rote,Hansisi,Nusa Tenggara Timur,Kendaraan,18,Golongan VI - Penumpang,GOL VI A,2026-08-23,,,,,,IDR,SCHEDULE_DATA_NOT_FOUND,0,Gateway returned no schedule data for route
5425,172,Rote,Hansisi,Nusa Tenggara Timur,Kendaraan,19,Golongan VI - Barang,GOL VI B,2026-08-23,,,,,,IDR,SCHEDULE_DATA_NOT_FOUND,0,Gateway returned no schedule data for route
5425,172,Rote,Hansisi,Nusa Tenggara Timur,Kendaraan,20,Golongan VII,GOL VII,2026-08-23,,,,,,IDR,SCHEDULE_DATA_NOT_FOUND,0,Gateway returned no schedule data for route
5425,172,Rote,Hansisi,Nusa Tenggara Timur,Kendaraan,21,Golongan VIII,GOL VIII,2026-08-23,,,,,,IDR,SCHEDULE_DATA_NOT_FOUND,0,Gateway returned no schedule data for route
5425,172,Rote,Hansisi,Nusa Tenggara Timur,Kendaraan,22,Golongan IX,GOL IX,2026-08-23,,,,,,IDR,SCHEDULE_DATA_NOT_FOUND,0,Gateway returned no schedule data for route
5425,172,Rote,Hansisi,Nusa Tenggara Timur,Pejalan Kaki,7,Dewasa Ekonomi,DEWASA,2026-08-23,,,,,,IDR,SCHEDULE_DATA_NOT_FOUND,0,Gateway returned no schedule data for route
5425,172,Rote,Hansisi,Nusa Tenggara Timur,Pejalan Kaki,8,Anak - Anak Ekonomi,ANAK,2026-08-23,,,,,,IDR,SCHEDULE_DATA_NOT_FOUND,0,Gateway returned no schedule data for route
5426,174,Kalabahi,Larantuka,Nusa Tenggara Timur,Kendaraan,11,Golongan I,GOL I,2026-08-23,,,,,,IDR,SCHEDULE_DATA_NOT_FOUND,0,Gateway returned no schedule data for route
5426,174,Kalabahi,Larantuka,Nusa Tenggara Timur,Kendaraan,12,Golongan II ,GOL II,2026-08-23,,,,,,IDR,SCHEDULE_DATA_NOT_FOUND,0,Gateway returned no schedule data for route
5426,174,Kalabahi,Larantuka,Nusa Tenggara Timur,Kendaraan,13,Golongan III,GOL III,2026-08-23,,,,,,IDR,SCHEDULE_DATA_NOT_FOUND,0,Gateway returned no schedule data for route
5426,174,Kalabahi,Larantuka,Nusa Tenggara Timur,Kendaraan,14,Golongan IV - Penumpang,GOL IV A,2026-08-23,,,,,,IDR,SCHEDULE_DATA_NOT_FOUND,0,Gateway returned no schedule data for route
5426,174,Kalabahi,Larantuka,Nusa Tenggara Timur,Kendaraan,15,Golongan IV - Barang,GOL IV B,2026-08-23,,,,,,IDR,SCHEDULE_DATA_NOT_FOUND,0,Gateway returned no schedule data for route
5426,174,Kalabahi,Larantuka,Nusa Tenggara Timur,Kendaraan,16,Golongan V - Penumpang,GOL V A,2026-08-23,,,,,,IDR,SCHEDULE_DATA_NOT_FOUND,0,Gateway returned no schedule data for route
5426,174,Kalabahi,Larantuka,Nusa Tenggara Timur,Kendaraan,17,Golongan V - Barang,GOL V B,2026-08-23,,,,,,IDR,SCHEDULE_DATA_NOT_FOUND,0,Gateway returned no schedule data for route
5426,174,Kalabahi,Larantuka,Nusa Tenggara Timur,Kendaraan,18,Golongan VI - Penumpang,GOL VI A,2026-08-23,,,,,,IDR,SCHEDULE_DATA_NOT_FOUND,0,Gateway returned no schedule data for route
5426,174,Kalabahi,Larantuka,Nusa Tenggara Timur,Kendaraan,19,Golongan VI - Barang,GOL VI B,2026-08-23,,,,,,IDR,SCHEDULE_DATA_NOT_FOUND,0,Gateway returned no schedule data for route
5426,174,Kalabahi,Larantuka,Nusa Tenggara Timur,Kendaraan,20,Golongan VII,GOL VII,2026-08-23,,,,,,IDR,SCHEDULE_DATA_NOT_FOUND,0,Gateway returned no schedule data for route
5426,174,Kalabahi,Larantuka,Nusa Tenggara Timur,Kendaraan,21,Golongan VIII,GOL VIII,2026-08-23,,,,,,IDR,SCHEDULE_DATA_NOT_FOUND,0,Gateway returned no schedule data for route
5426,174,Kalabahi,Larantuka,Nusa Tenggara Timur,Kendaraan,22,Golongan IX,GOL IX,2026-08-23,,,,,,IDR,SCHEDULE_DATA_NOT_FOUND,0,Gateway returned no schedule data for route
5426,174,Kalabahi,Larantuka,Nusa Tenggara Timur,Pejalan Kaki,7,Dewasa Ekonomi,DEWASA,2026-08-23,,,,,,IDR,SCHEDULE_DATA_NOT_FOUND,0,Gateway returned no schedule data for route
5426,174,Kalabahi,Larantuka,Nusa Tenggara Timur,Pejalan Kaki,8,Anak - Anak Ekonomi,ANAK,2026-08-23,,,,,,IDR,SCHEDULE_DATA_NOT_FOUND,0,Gateway returned no schedule data for route
5427,173,Larantuka,Kalabahi,Nusa Tenggara Timur,Kendaraan,11,Golongan I,GOL I,2026-08-23,,,,,,IDR,SCHEDULE_DATA_NOT_FOUND,0,Gateway returned no schedule data for route
5427,173,Larantuka,Kalabahi,Nusa Tenggara Timur,Kendaraan,12,Golongan II ,GOL II,2026-08-23,,,,,,IDR,SCHEDULE_DATA_NOT_FOUND,0,Gateway returned no schedule data for route
5427,173,Larantuka,Kalabahi,Nusa Tenggara Timur,Kendaraan,13,Golongan III,GOL III,2026-08-23,,,,,,IDR,SCHEDULE_DATA_NOT_FOUND,0,Gateway returned no schedule data for route
5427,173,Larantuka,Kalabahi,Nusa Tenggara Timur,Kendaraan,14,Golongan IV - Penumpang,GOL IV A,2026-08-23,,,,,,IDR,SCHEDULE_DATA_NOT_FOUND,0,Gateway returned no schedule data for route
5427,173,Larantuka,Kalabahi,Nusa Tenggara Timur,Kendaraan,15,Golongan IV - Barang,GOL IV B,2026-08-23,,,,,,IDR,SCHEDULE_DATA_NOT_FOUND,0,Gateway returned no schedule data for route
5427,173,Larantuka,Kalabahi,Nusa Tenggara Timur,Kendaraan,16,Golongan V - Penumpang,GOL V A,2026-08-23,,,,,,IDR,SCHEDULE_DATA_NOT_FOUND,0,Gateway returned no schedule data for route
5427,173,Larantuka,Kalabahi,Nusa Tenggara Timur,Kendaraan,17,Golongan V - Barang,GOL V B,2026-08-23,,,,,,IDR,SCHEDULE_DATA_NOT_FOUND,0,Gateway returned no schedule data for route
5427,173,Larantuka,Kalabahi,Nusa Tenggara Timur,Kendaraan,18,Golongan VI - Penumpang,GOL VI A,2026-08-23,,,,,,IDR,SCHEDULE_DATA_NOT_FOUND,0,Gateway returned no schedule data for route
5427,173,Larantuka,Kalabahi,Nusa Tenggara Timur,Kendaraan,19,Golongan VI - Barang,GOL VI B,2026-08-23,,,,,,IDR,SCHEDULE_DATA_NOT_FOUND,0,Gateway returned no schedule data for route
5427,173,Larantuka,Kalabahi,Nusa Tenggara Timur,Kendaraan,20,Golongan VII,GOL VII,2026-08-23,,,,,,IDR,SCHEDULE_DATA_NOT_FOUND,0,Gateway returned no schedule data for route
5427,173,Larantuka,Kalabahi,Nusa Tenggara Timur,Kendaraan,21,Golongan VIII,GOL VIII,2026-08-23,,,,,,IDR,SCHEDULE_DATA_NOT_FOUND,0,Gateway returned no schedule data for route
5427,173,Larantuka,Kalabahi,Nusa Tenggara Timur,Kendaraan,22,Golongan IX,GOL IX,2026-08-23,,,,,,IDR,SCHEDULE_DATA_NOT_FOUND,0,Gateway returned no schedule data for route
5427,173,Larantuka,Kalabahi,Nusa Tenggara Timur,Pejalan Kaki,7,Dewasa Ekonomi,DEWASA,2026-08-23,,,,,,IDR,SCHEDULE_DATA_NOT_FOUND,0,Gateway returned no schedule data for route
5430,171,Kupang,Naikliu,Nusa Tenggara Timur,Kendaraan,11,Golongan I,GOL I,2026-08-23,,,,,,IDR,SCHEDULE_DATA_NOT_FOUND,0,Gateway returned no schedule data for route
5430,171,Kupang,Naikliu,Nusa Tenggara Timur,Kendaraan,12,Golongan II ,GOL II,2026-08-23,,,,,,IDR,SCHEDULE_DATA_NOT_FOUND,0,Gateway returned no schedule data for route
5430,171,Kupang,Naikliu,Nusa Tenggara Timur,Kendaraan,13,Golongan III,GOL III,2026-08-23,,,,,,IDR,SCHEDULE_DATA_NOT_FOUND,0,Gateway returned no schedule data for route
5430,171,Kupang,Naikliu,Nusa Tenggara Timur,Kendaraan,14,Golongan IV - Penumpang,GOL IV A,2026-08-23,,,,,,IDR,SCHEDULE_DATA_NOT_FOUND,0,Gateway returned no schedule data for route
5430,171,Kupang,Naikliu,Nusa Tenggara Timur,Kendaraan,15,Golongan IV - Barang,GOL IV B,2026-08-23,,,,,,IDR,SCHEDULE_DATA_NOT_FOUND,0,Gateway returned no schedule data for route
5430,171,Kupang,Naikliu,Nusa Tenggara Timur,Kendaraan,16,Golongan V - Penumpang,GOL V A,2026-08-23,,,,,,IDR,SCHEDULE_DATA_NOT_FOUND,0,Gateway returned no schedule data for route
5430,171,Kupang,Naikliu,Nusa Tenggara Timur,Kendaraan,17,Golongan V - Barang,GOL V B,2026-08-23,,,,,,IDR,SCHEDULE_DATA_NOT_FOUND,0,Gateway returned no schedule data for route
5430,171,Kupang,Naikliu,Nusa Tenggara Timur,Kendaraan,18,Golongan VI - Penumpang,GOL VI A,2026-08-23,,,,,,IDR,SCHEDULE_DATA_NOT_FOUND,0,Gateway returned no schedule data for route
5430,171,Kupang,Naikliu,Nusa Tenggara Timur,Kendaraan,19,Golongan VI - Barang,GOL VI B,2026-08-23,,,,,,IDR,SCHEDULE_DATA_NOT_FOUND,0,Gateway returned no schedule data for route
5430,171,Kupang,Naikliu,Nusa Tenggara Timur,Kendaraan,20,Golongan VII,GOL VII,2026-08-23,,,,,,IDR,SCHEDULE_DATA_NOT_FOUND,0,Gateway returned no schedule data for route
5430,171,Kupang,Naikliu,Nusa Tenggara Timur,Kendaraan,21,Golongan VIII,GOL VIII,2026-08-23,,,,,,IDR,SCHEDULE_DATA_NOT_FOUND,0,Gateway returned no schedule data for route
5430,171,Kupang,Naikliu,Nusa Tenggara Timur,Kendaraan,22,Golongan IX,GOL IX,2026-08-23,,,,,,IDR,SCHEDULE_DATA_NOT_FOUND,0,Gateway returned no schedule data for route
5430,171,Kupang,Naikliu,Nusa Tenggara Timur,Pejalan Kaki,7,Dewasa Ekonomi,DEWASA,2026-08-23,,,,,,IDR,SCHEDULE_DATA_NOT_FOUND,0,Gateway returned no schedule data for route
5430,171,Kupang,Naikliu,Nusa Tenggara Timur,Pejalan Kaki,8,Anak - Anak Ekonomi,ANAK,2026-08-23,,,,,,IDR,SCHEDULE_DATA_NOT_FOUND,0,Gateway returned no schedule data for route
5431,173,Larantuka,Adonara,Nusa Tenggara Timur,Kendaraan,11,Golongan I,GOL I,2026-08-23,,,,,,IDR,SCHEDULE_DATA_NOT_FOUND,0,Gateway returned no schedule data for route
5431,173,Larantuka,Adonara,Nusa Tenggara Timur,Kendaraan,12,Golongan II ,GOL II,2026-08-23,,,,,,IDR,SCHEDULE_DATA_NOT_FOUND,0,Gateway returned no schedule data for route
5431,173,Larantuka,Adonara,Nusa Tenggara Timur,Kendaraan,13,Golongan III,GOL III,2026-08-23,,,,,,IDR,SCHEDULE_DATA_NOT_FOUND,0,Gateway returned no schedule data for route
5431,173,Larantuka,Adonara,Nusa Tenggara Timur,Kendaraan,14,Golongan IV - Penumpang,GOL IV A,2026-08-23,,,,,,IDR,SCHEDULE_DATA_NOT_FOUND,0,Gateway returned no schedule data for route
5431,173,Larantuka,Adonara,Nusa Tenggara Timur,Kendaraan,15,Golongan IV - Barang,GOL IV B,2026-08-23,,,,,,IDR,SCHEDULE_DATA_NOT_FOUND,0,Gateway returned no schedule data for route
5431,173,Larantuka,Adonara,Nusa Tenggara Timur,Kendaraan,16,Golongan V - Penumpang,GOL V A,2026-08-23,,,,,,IDR,SCHEDULE_DATA_NOT_FOUND,0,Gateway returned no schedule data for route
5431,173,Larantuka,Adonara,Nusa Tenggara Timur,Kendaraan,17,Golongan V - Barang,GOL V B,2026-08-23,,,,,,IDR,SCHEDULE_DATA_NOT_FOUND,0,Gateway returned no schedule data for route
5431,173,Larantuka,Adonara,Nusa Tenggara Timur,Kendaraan,18,Golongan VI - Penumpang,GOL VI A,2026-08-23,,,,,,IDR,SCHEDULE_DATA_NOT_FOUND,0,Gateway returned no schedule data for route
5431,173,Larantuka,Adonara,Nusa Tenggara Timur,Kendaraan,19,Golongan VI - Barang,GOL VI B,2026-08-23,,,,,,IDR,SCHEDULE_DATA_NOT_FOUND,0,Gateway returned no schedule data for route
5431,173,Larantuka,Adonara,Nusa Tenggara Timur,Kendaraan,20,Golongan VII,GOL VII,2026-08-23,,,,,,IDR,SCHEDULE_DATA_NOT_FOUND,0,Gateway returned no schedule data for route
5431,173,Larantuka,Adonara,Nusa Tenggara Timur,Kendaraan,21,Golongan VIII,GOL VIII,2026-08-23,,,,,,IDR,SCHEDULE_DATA_NOT_FOUND,0,Gateway returned no schedule data for route
5431,173,Larantuka,Adonara,Nusa Tenggara Timur,Kendaraan,22,Golongan IX,GOL IX,2026-08-23,,,,,,IDR,SCHEDULE_DATA_NOT_FOUND,0,Gateway returned no schedule data for route
5431,173,Larantuka,Adonara,Nusa Tenggara Timur,Pejalan Kaki,7,Dewasa Ekonomi,DEWASA,2026-08-23,,,,,,IDR,SCHEDULE_DATA_NOT_FOUND,0,Gateway returned no schedule data for route
5432,173,Larantuka,Solor,Nusa Tenggara Timur,Kendaraan,11,Golongan I,GOL I,2026-08-23,,,,,,IDR,SCHEDULE_DATA_NOT_FOUND,0,Gateway returned no schedule data for route
5432,173,Larantuka,Solor,Nusa Tenggara Timur,Kendaraan,12,Golongan II ,GOL II,2026-08-23,,,,,,IDR,SCHEDULE_DATA_NOT_FOUND,0,Gateway returned no schedule data for route
5432,173,Larantuka,Solor,Nusa Tenggara Timur,Kendaraan,13,Golongan III,GOL III,2026-08-23,,,,,,IDR,SCHEDULE_DATA_NOT_FOUND,0,Gateway returned no schedule data for route
5432,173,Larantuka,Solor,Nusa Tenggara Timur,Kendaraan,14,Golongan IV - Penumpang,GOL IV A,2026-08-23,,,,,,IDR,SCHEDULE_DATA_NOT_FOUND,0,Gateway returned no schedule data for route
5432,173,Larantuka,Solor,Nusa Tenggara Timur,Kendaraan,15,Golongan IV - Barang,GOL IV B,2026-08-23,,,,,,IDR,SCHEDULE_DATA_NOT_FOUND,0,Gateway returned no schedule data for route
5432,173,Larantuka,Solor,Nusa Tenggara Timur,Kendaraan,16,Golongan V - Penumpang,GOL V A,2026-08-23,,,,,,IDR,SCHEDULE_DATA_NOT_FOUND,0,Gateway returned no schedule data for route
5432,173,Larantuka,Solor,Nusa Tenggara Timur,Kendaraan,17,Golongan V - Barang,GOL V B,2026-08-23,,,,,,IDR,SCHEDULE_DATA_NOT_FOUND,0,Gateway returned no schedule data for route
5432,173,Larantuka,Solor,Nusa Tenggara Timur,Kendaraan,18,Golongan VI - Penumpang,GOL VI A,2026-08-23,,,,,,IDR,SCHEDULE_DATA_NOT_FOUND,0,Gateway returned no schedule data for route
5432,173,Larantuka,Solor,Nusa Tenggara Timur,Kendaraan,19,Golongan VI - Barang,GOL VI B,2026-08-23,,,,,,IDR,SCHEDULE_DATA_NOT_FOUND,0,Gateway returned no schedule data for route
5432,173,Larantuka,Solor,Nusa Tenggara Timur,Kendaraan,20,Golongan VII,GOL VII,2026-08-23,,,,,,IDR,SCHEDULE_DATA_NOT_FOUND,0,Gateway returned no schedule data for route
5432,173,Larantuka,Solor,Nusa Tenggara Timur,Kendaraan,21,Golongan VIII,GOL VIII,2026-08-23,,,,,,IDR,SCHEDULE_DATA_NOT_FOUND,0,Gateway returned no schedule data for route
5432,173,Larantuka,Solor,Nusa Tenggara Timur,Kendaraan,22,Golongan IX,GOL IX,2026-08-23,,,,,,IDR,SCHEDULE_DATA_NOT_FOUND,0,Gateway returned no schedule data for route
5432,173,Larantuka,Solor,Nusa Tenggara Timur,Pejalan Kaki,7,Dewasa Ekonomi,DEWASA,2026-08-23,,,,,,IDR,SCHEDULE_DATA_NOT_FOUND,0,Gateway returned no schedule data for route
5433,173,Larantuka,Baranusa,Nusa Tenggara Timur,Kendaraan,11,Golongan I,GOL I,2026-08-23,,,,,,IDR,SCHEDULE_DATA_NOT_FOUND,0,Gateway returned no schedule data for route
5433,173,Larantuka,Baranusa,Nusa Tenggara Timur,Kendaraan,12,Golongan II ,GOL II,2026-08-23,,,,,,IDR,SCHEDULE_DATA_NOT_FOUND,0,Gateway returned no schedule data for route
5433,173,Larantuka,Baranusa,Nusa Tenggara Timur,Kendaraan,13,Golongan III,GOL III,2026-08-23,,,,,,IDR,SCHEDULE_DATA_NOT_FOUND,0,Gateway returned no schedule data for route
5433,173,Larantuka,Baranusa,Nusa Tenggara Timur,Kendaraan,14,Golongan IV - Penumpang,GOL IV A,2026-08-23,,,,,,IDR,SCHEDULE_DATA_NOT_FOUND,0,Gateway returned no schedule data for route
5433,173,Larantuka,Baranusa,Nusa Tenggara Timur,Kendaraan,15,Golongan IV - Barang,GOL IV B,2026-08-23,,,,,,IDR,SCHEDULE_DATA_NOT_FOUND,0,Gateway returned no schedule data for route
5433,173,Larantuka,Baranusa,Nusa Tenggara Timur,Kendaraan,16,Golongan V - Penumpang,GOL V A,2026-08-23,,,,,,IDR,SCHEDULE_DATA_NOT_FOUND,0,Gateway returned no schedule data for route
5433,173,Larantuka,Baranusa,Nusa Tenggara Timur,Kendaraan,17,Golongan V - Barang,GOL V B,2026-08-23,,,,,,IDR,SCHEDULE_DATA_NOT_FOUND,0,Gateway returned no schedule data for route
5433,173,Larantuka,Baranusa,Nusa Tenggara Timur,Kendaraan,18,Golongan VI - Penumpang,GOL VI A,2026-08-23,,,,,,IDR,SCHEDULE_DATA_NOT_FOUND,0,Gateway returned no schedule data for route
5433,173,Larantuka,Baranusa,Nusa Tenggara Timur,Kendaraan,19,Golongan VI - Barang,GOL VI B,2026-08-23,,,,,,IDR,SCHEDULE_DATA_NOT_FOUND,0,Gateway returned no schedule data for route
5433,173,Larantuka,Baranusa,Nusa Tenggara Timur,Kendaraan,20,Golongan VII,GOL VII,2026-08-23,,,,,,IDR,SCHEDULE_DATA_NOT_FOUND,0,Gateway returned no schedule data for route
5433,173,Larantuka,Baranusa,Nusa Tenggara Timur,Kendaraan,21,Golongan VIII,GOL VIII,2026-08-23,,,,,,IDR,SCHEDULE_DATA_NOT_FOUND,0,Gateway returned no schedule data for route
5433,173,Larantuka,Baranusa,Nusa Tenggara Timur,Kendaraan,22,Golongan IX,GOL IX,2026-08-23,,,,,,IDR,SCHEDULE_DATA_NOT_FOUND,0,Gateway returned no schedule data for route
5433,173,Larantuka,Baranusa,Nusa Tenggara Timur,Pejalan Kaki,7,Dewasa Ekonomi,DEWASA,2026-08-23,,,,,,IDR,SCHEDULE_DATA_NOT_FOUND,0,Gateway returned no schedule data for route
5434,173,Larantuka,Lewoleba,Nusa Tenggara Timur,Kendaraan,11,Golongan I,GOL I,2026-08-23,,,,,,IDR,SCHEDULE_DATA_NOT_FOUND,0,Gateway returned no schedule data for route
5434,173,Larantuka,Lewoleba,Nusa Tenggara Timur,Kendaraan,12,Golongan II ,GOL II,2026-08-23,,,,,,IDR,SCHEDULE_DATA_NOT_FOUND,0,Gateway returned no schedule data for route
5434,173,Larantuka,Lewoleba,Nusa Tenggara Timur,Kendaraan,13,Golongan III,GOL III,2026-08-23,,,,,,IDR,SCHEDULE_DATA_NOT_FOUND,0,Gateway returned no schedule data for route
5434,173,Larantuka,Lewoleba,Nusa Tenggara Timur,Kendaraan,14,Golongan IV - Penumpang,GOL IV A,2026-08-23,,,,,,IDR,SCHEDULE_DATA_NOT_FOUND,0,Gateway returned no schedule data for route
5434,173,Larantuka,Lewoleba,Nusa Tenggara Timur,Kendaraan,15,Golongan IV - Barang,GOL IV B,2026-08-23,,,,,,IDR,SCHEDULE_DATA_NOT_FOUND,0,Gateway returned no schedule data for route
5434,173,Larantuka,Lewoleba,Nusa Tenggara Timur,Kendaraan,16,Golongan V - Penumpang,GOL V A,2026-08-23,,,,,,IDR,SCHEDULE_DATA_NOT_FOUND,0,Gateway returned no schedule data for route
5434,173,Larantuka,Lewoleba,Nusa Tenggara Timur,Kendaraan,17,Golongan V - Barang,GOL V B,2026-08-23,,,,,,IDR,SCHEDULE_DATA_NOT_FOUND,0,Gateway returned no schedule data for route
5434,173,Larantuka,Lewoleba,Nusa Tenggara Timur,Kendaraan,18,Golongan VI - Penumpang,GOL VI A,2026-08-23,,,,,,IDR,SCHEDULE_DATA_NOT_FOUND,0,Gateway returned no schedule data for route
5434,173,Larantuka,Lewoleba,Nusa Tenggara Timur,Kendaraan,19,Golongan VI - Barang,GOL VI B,2026-08-23,,,,,,IDR,SCHEDULE_DATA_NOT_FOUND,0,Gateway returned no schedule data for route
5434,173,Larantuka,Lewoleba,Nusa Tenggara Timur,Kendaraan,20,Golongan VII,GOL VII,2026-08-23,,,,,,IDR,SCHEDULE_DATA_NOT_FOUND,0,Gateway returned no schedule data for route
5434,173,Larantuka,Lewoleba,Nusa Tenggara Timur,Kendaraan,21,Golongan VIII,GOL VIII,2026-08-23,,,,,,IDR,SCHEDULE_DATA_NOT_FOUND,0,Gateway returned no schedule data for route
5434,173,Larantuka,Lewoleba,Nusa Tenggara Timur,Kendaraan,22,Golongan IX,GOL IX,2026-08-23,,,,,,IDR,SCHEDULE_DATA_NOT_FOUND,0,Gateway returned no schedule data for route
5434,173,Larantuka,Lewoleba,Nusa Tenggara Timur,Pejalan Kaki,7,Dewasa Ekonomi,DEWASA,2026-08-23,,,,,,IDR,SCHEDULE_DATA_NOT_FOUND,0,Gateway returned no schedule data for route
5434,173,Larantuka,Lewoleba,Nusa Tenggara Timur,Pejalan Kaki,8,Anak - Anak Ekonomi,ANAK,2026-08-23,,,,,,IDR,SCHEDULE_DATA_NOT_FOUND,0,Gateway returned no schedule data for route
5435,171,Kupang,Raijua,Nusa Tenggara Timur,Kendaraan,11,Golongan I,GOL I,2026-08-23,,,,,,IDR,SCHEDULE_DATA_NOT_FOUND,0,Gateway returned no schedule data for route
5435,171,Kupang,Raijua,Nusa Tenggara Timur,Kendaraan,12,Golongan II ,GOL II,2026-08-23,,,,,,IDR,SCHEDULE_DATA_NOT_FOUND,0,Gateway returned no schedule data for route
5435,171,Kupang,Raijua,Nusa Tenggara Timur,Kendaraan,13,Golongan III,GOL III,2026-08-23,,,,,,IDR,SCHEDULE_DATA_NOT_FOUND,0,Gateway returned no schedule data for route
5435,171,Kupang,Raijua,Nusa Tenggara Timur,Kendaraan,14,Golongan IV - Penumpang,GOL IV A,2026-08-23,,,,,,IDR,SCHEDULE_DATA_NOT_FOUND,0,Gateway returned no schedule data for route
5435,171,Kupang,Raijua,Nusa Tenggara Timur,Kendaraan,15,Golongan IV - Barang,GOL IV B,2026-08-23,,,,,,IDR,SCHEDULE_DATA_NOT_FOUND,0,Gateway returned no schedule data for route
5435,171,Kupang,Raijua,Nusa Tenggara Timur,Kendaraan,16,Golongan V - Penumpang,GOL V A,2026-08-23,,,,,,IDR,SCHEDULE_DATA_NOT_FOUND,0,Gateway returned no schedule data for route
5435,171,Kupang,Raijua,Nusa Tenggara Timur,Kendaraan,17,Golongan V - Barang,GOL V B,2026-08-23,,,,,,IDR,SCHEDULE_DATA_NOT_FOUND,0,Gateway returned no schedule data for route
5435,171,Kupang,Raijua,Nusa Tenggara Timur,Kendaraan,18,Golongan VI - Penumpang,GOL VI A,2026-08-23,,,,,,IDR,SCHEDULE_DATA_NOT_FOUND,0,Gateway returned no schedule data for route
5435,171,Kupang,Raijua,Nusa Tenggara Timur,Kendaraan,19,Golongan VI - Barang,GOL VI B,2026-08-23,,,,,,IDR,SCHEDULE_DATA_NOT_FOUND,0,Gateway returned no schedule data for route
5435,171,Kupang,Raijua,Nusa Tenggara Timur,Kendaraan,20,Golongan VII,GOL VII,2026-08-23,,,,,,IDR,SCHEDULE_DATA_NOT_FOUND,0,Gateway returned no schedule data for route
5435,171,Kupang,Raijua,Nusa Tenggara Timur,Kendaraan,21,Golongan VIII,GOL VIII,2026-08-23,,,,,,IDR,SCHEDULE_DATA_NOT_FOUND,0,Gateway returned no schedule data for route
5435,171,Kupang,Raijua,Nusa Tenggara Timur,Kendaraan,22,Golongan IX,GOL IX,2026-08-23,,,,,,IDR,SCHEDULE_DATA_NOT_FOUND,0,Gateway returned no schedule data for route
5435,171,Kupang,Raijua,Nusa Tenggara Timur,Pejalan Kaki,7,Dewasa Ekonomi,DEWASA,2026-08-23,,,,,,IDR,SCHEDULE_DATA_NOT_FOUND,0,Gateway returned no schedule data for route
5435,171,Kupang,Raijua,Nusa Tenggara Timur,Pejalan Kaki,8,Anak - Anak Ekonomi,ANAK,2026-08-23,,,,,,IDR,SCHEDULE_DATA_NOT_FOUND,0,Gateway returned no schedule data for route
5436,174,Kalabahi,Solor,Nusa Tenggara Timur,Kendaraan,11,Golongan I,GOL I,2026-08-23,,,,,,IDR,SCHEDULE_DATA_NOT_FOUND,0,Gateway returned no schedule data for route
5436,174,Kalabahi,Solor,Nusa Tenggara Timur,Kendaraan,12,Golongan II ,GOL II,2026-08-23,,,,,,IDR,SCHEDULE_DATA_NOT_FOUND,0,Gateway returned no schedule data for route
5436,174,Kalabahi,Solor,Nusa Tenggara Timur,Kendaraan,13,Golongan III,GOL III,2026-08-23,,,,,,IDR,SCHEDULE_DATA_NOT_FOUND,0,Gateway returned no schedule data for route
5436,174,Kalabahi,Solor,Nusa Tenggara Timur,Kendaraan,14,Golongan IV - Penumpang,GOL IV A,2026-08-23,,,,,,IDR,SCHEDULE_DATA_NOT_FOUND,0,Gateway returned no schedule data for route
5436,174,Kalabahi,Solor,Nusa Tenggara Timur,Kendaraan,15,Golongan IV - Barang,GOL IV B,2026-08-23,,,,,,IDR,SCHEDULE_DATA_NOT_FOUND,0,Gateway returned no schedule data for route
5436,174,Kalabahi,Solor,Nusa Tenggara Timur,Kendaraan,16,Golongan V - Penumpang,GOL V A,2026-08-23,,,,,,IDR,SCHEDULE_DATA_NOT_FOUND,0,Gateway returned no schedule data for route
5436,174,Kalabahi,Solor,Nusa Tenggara Timur,Kendaraan,17,Golongan V - Barang,GOL V B,2026-08-23,,,,,,IDR,SCHEDULE_DATA_NOT_FOUND,0,Gateway returned no schedule data for route
5436,174,Kalabahi,Solor,Nusa Tenggara Timur,Kendaraan,18,Golongan VI - Penumpang,GOL VI A,2026-08-23,,,,,,IDR,SCHEDULE_DATA_NOT_FOUND,0,Gateway returned no schedule data for route
5436,174,Kalabahi,Solor,Nusa Tenggara Timur,Kendaraan,19,Golongan VI - Barang,GOL VI B,2026-08-23,,,,,,IDR,SCHEDULE_DATA_NOT_FOUND,0,Gateway returned no schedule data for route
5436,174,Kalabahi,Solor,Nusa Tenggara Timur,Kendaraan,20,Golongan VII,GOL VII,2026-08-23,,,,,,IDR,SCHEDULE_DATA_NOT_FOUND,0,Gateway returned no schedule data for route
5436,174,Kalabahi,Solor,Nusa Tenggara Timur,Kendaraan,21,Golongan VIII,GOL VIII,2026-08-23,,,,,,IDR,SCHEDULE_DATA_NOT_FOUND,0,Gateway returned no schedule data for route
5436,174,Kalabahi,Solor,Nusa Tenggara Timur,Kendaraan,22,Golongan IX,GOL IX,2026-08-23,,,,,,IDR,SCHEDULE_DATA_NOT_FOUND,0,Gateway returned no schedule data for route
5436,174,Kalabahi,Solor,Nusa Tenggara Timur,Pejalan Kaki,7,Dewasa Ekonomi,DEWASA,2026-08-23,,,,,,IDR,SCHEDULE_DATA_NOT_FOUND,0,Gateway returned no schedule data for route
5436,174,Kalabahi,Solor,Nusa Tenggara Timur,Pejalan Kaki,8,Anak - Anak Ekonomi,ANAK,2026-08-23,,,,,,IDR,SCHEDULE_DATA_NOT_FOUND,0,Gateway returned no schedule data for route
5437,174,Kalabahi,Lewoleba,Nusa Tenggara Timur,Kendaraan,11,Golongan I,GOL I,2026-08-23,,,,,,IDR,SCHEDULE_DATA_NOT_FOUND,0,Gateway returned no schedule data for route
5437,174,Kalabahi,Lewoleba,Nusa Tenggara Timur,Kendaraan,12,Golongan II ,GOL II,2026-08-23,,,,,,IDR,SCHEDULE_DATA_NOT_FOUND,0,Gateway returned no schedule data for route
5437,174,Kalabahi,Lewoleba,Nusa Tenggara Timur,Kendaraan,13,Golongan III,GOL III,2026-08-23,,,,,,IDR,SCHEDULE_DATA_NOT_FOUND,0,Gateway returned no schedule data for route
5437,174,Kalabahi,Lewoleba,Nusa Tenggara Timur,Kendaraan,14,Golongan IV - Penumpang,GOL IV A,2026-08-23,,,,,,IDR,SCHEDULE_DATA_NOT_FOUND,0,Gateway returned no schedule data for route
5437,174,Kalabahi,Lewoleba,Nusa Tenggara Timur,Kendaraan,15,Golongan IV - Barang,GOL IV B,2026-08-23,,,,,,IDR,SCHEDULE_DATA_NOT_FOUND,0,Gateway returned no schedule data for route
5437,174,Kalabahi,Lewoleba,Nusa Tenggara Timur,Kendaraan,16,Golongan V - Penumpang,GOL V A,2026-08-23,,,,,,IDR,SCHEDULE_DATA_NOT_FOUND,0,Gateway returned no schedule data for route
5437,174,Kalabahi,Lewoleba,Nusa Tenggara Timur,Kendaraan,17,Golongan V - Barang,GOL V B,2026-08-23,,,,,,IDR,SCHEDULE_DATA_NOT_FOUND,0,Gateway returned no schedule data for route
5437,174,Kalabahi,Lewoleba,Nusa Tenggara Timur,Kendaraan,18,Golongan VI - Penumpang,GOL VI A,2026-08-23,,,,,,IDR,SCHEDULE_DATA_NOT_FOUND,0,Gateway returned no schedule data for route
5437,174,Kalabahi,Lewoleba,Nusa Tenggara Timur,Kendaraan,19,Golongan VI - Barang,GOL VI B,2026-08-23,,,,,,IDR,SCHEDULE_DATA_NOT_FOUND,0,Gateway returned no schedule data for route
5437,174,Kalabahi,Lewoleba,Nusa Tenggara Timur,Kendaraan,20,Golongan VII,GOL VII,2026-08-23,,,,,,IDR,SCHEDULE_DATA_NOT_FOUND,0,Gateway returned no schedule data for route
5437,174,Kalabahi,Lewoleba,Nusa Tenggara Timur,Kendaraan,21,Golongan VIII,GOL VIII,2026-08-23,,,,,,IDR,SCHEDULE_DATA_NOT_FOUND,0,Gateway returned no schedule data for route
5437,174,Kalabahi,Lewoleba,Nusa Tenggara Timur,Kendaraan,22,Golongan IX,GOL IX,2026-08-23,,,,,,IDR,SCHEDULE_DATA_NOT_FOUND,0,Gateway returned no schedule data for route
5437,174,Kalabahi,Lewoleba,Nusa Tenggara Timur,Pejalan Kaki,7,Dewasa Ekonomi,DEWASA,2026-08-23,,,,,,IDR,SCHEDULE_DATA_NOT_FOUND,0,Gateway returned no schedule data for route
5437,174,Kalabahi,Lewoleba,Nusa Tenggara Timur,Pejalan Kaki,8,Anak - Anak Ekonomi,ANAK,2026-08-23,,,,,,IDR,SCHEDULE_DATA_NOT_FOUND,0,Gateway returned no schedule data for route
5438,174,Kalabahi,Baranusa,Nusa Tenggara Timur,Kendaraan,11,Golongan I,GOL I,2026-08-23,,,,,,IDR,SCHEDULE_DATA_NOT_FOUND,0,Gateway returned no schedule data for route
5438,174,Kalabahi,Baranusa,Nusa Tenggara Timur,Kendaraan,12,Golongan II ,GOL II,2026-08-23,,,,,,IDR,SCHEDULE_DATA_NOT_FOUND,0,Gateway returned no schedule data for route
5438,174,Kalabahi,Baranusa,Nusa Tenggara Timur,Kendaraan,13,Golongan III,GOL III,2026-08-23,,,,,,IDR,SCHEDULE_DATA_NOT_FOUND,0,Gateway returned no schedule data for route
5438,174,Kalabahi,Baranusa,Nusa Tenggara Timur,Kendaraan,14,Golongan IV - Penumpang,GOL IV A,2026-08-23,,,,,,IDR,SCHEDULE_DATA_NOT_FOUND,0,Gateway returned no schedule data for route
5438,174,Kalabahi,Baranusa,Nusa Tenggara Timur,Kendaraan,15,Golongan IV - Barang,GOL IV B,2026-08-23,,,,,,IDR,SCHEDULE_DATA_NOT_FOUND,0,Gateway returned no schedule data for route
5438,174,Kalabahi,Baranusa,Nusa Tenggara Timur,Kendaraan,16,Golongan V - Penumpang,GOL V A,2026-08-23,,,,,,IDR,SCHEDULE_DATA_NOT_FOUND,0,Gateway returned no schedule data for route
5438,174,Kalabahi,Baranusa,Nusa Tenggara Timur,Kendaraan,17,Golongan V - Barang,GOL V B,2026-08-23,,,,,,IDR,SCHEDULE_DATA_NOT_FOUND,0,Gateway returned no schedule data for route
5438,174,Kalabahi,Baranusa,Nusa Tenggara Timur,Kendaraan,18,Golongan VI - Penumpang,GOL VI A,2026-08-23,,,,,,IDR,SCHEDULE_DATA_NOT_FOUND,0,Gateway returned no schedule data for route
5438,174,Kalabahi,Baranusa,Nusa Tenggara Timur,Kendaraan,19,Golongan VI - Barang,GOL VI B,2026-08-23,,,,,,IDR,SCHEDULE_DATA_NOT_FOUND,0,Gateway returned no schedule data for route
5438,174,Kalabahi,Baranusa,Nusa Tenggara Timur,Kendaraan,20,Golongan VII,GOL VII,2026-08-23,,,,,,IDR,SCHEDULE_DATA_NOT_FOUND,0,Gateway returned no schedule data for route
5438,174,Kalabahi,Baranusa,Nusa Tenggara Timur,Kendaraan,21,Golongan VIII,GOL VIII,2026-08-23,,,,,,IDR,SCHEDULE_DATA_NOT_FOUND,0,Gateway returned no schedule data for route
5438,174,Kalabahi,Baranusa,Nusa Tenggara Timur,Kendaraan,22,Golongan IX,GOL IX,2026-08-23,,,,,,IDR,SCHEDULE_DATA_NOT_FOUND,0,Gateway returned no schedule data for route
5438,174,Kalabahi,Baranusa,Nusa Tenggara Timur,Pejalan Kaki,7,Dewasa Ekonomi,DEWASA,2026-08-23,,,,,,IDR,SCHEDULE_DATA_NOT_FOUND,0,Gateway returned no schedule data for route
5438,174,Kalabahi,Baranusa,Nusa Tenggara Timur,Pejalan Kaki,8,Anak - Anak Ekonomi,ANAK,2026-08-23,,,,,,IDR,SCHEDULE_DATA_NOT_FOUND,0,Gateway returned no schedule data for route
5439,175,Aimere,Waingapu,Nusa Tenggara Timur,Kendaraan,11,Golongan I,GOL I,2026-08-23,,,,,,IDR,SCHEDULE_DATA_NOT_FOUND,0,Gateway returned no schedule data for route
5439,175,Aimere,Waingapu,Nusa Tenggara Timur,Kendaraan,12,Golongan II ,GOL II,2026-08-23,,,,,,IDR,SCHEDULE_DATA_NOT_FOUND,0,Gateway returned no schedule data for route
5439,175,Aimere,Waingapu,Nusa Tenggara Timur,Kendaraan,13,Golongan III,GOL III,2026-08-23,,,,,,IDR,SCHEDULE_DATA_NOT_FOUND,0,Gateway returned no schedule data for route
5439,175,Aimere,Waingapu,Nusa Tenggara Timur,Kendaraan,14,Golongan IV - Penumpang,GOL IV A,2026-08-23,,,,,,IDR,SCHEDULE_DATA_NOT_FOUND,0,Gateway returned no schedule data for route
5439,175,Aimere,Waingapu,Nusa Tenggara Timur,Kendaraan,15,Golongan IV - Barang,GOL IV B,2026-08-23,,,,,,IDR,SCHEDULE_DATA_NOT_FOUND,0,Gateway returned no schedule data for route
5439,175,Aimere,Waingapu,Nusa Tenggara Timur,Kendaraan,16,Golongan V - Penumpang,GOL V A,2026-08-23,,,,,,IDR,SCHEDULE_DATA_NOT_FOUND,0,Gateway returned no schedule data for route
5439,175,Aimere,Waingapu,Nusa Tenggara Timur,Kendaraan,17,Golongan V - Barang,GOL V B,2026-08-23,,,,,,IDR,SCHEDULE_DATA_NOT_FOUND,0,Gateway returned no schedule data for route
5439,175,Aimere,Waingapu,Nusa Tenggara Timur,Kendaraan,18,Golongan VI - Penumpang,GOL VI A,2026-08-23,,,,,,IDR,SCHEDULE_DATA_NOT_FOUND,0,Gateway returned no schedule data for route
5439,175,Aimere,Waingapu,Nusa Tenggara Timur,Kendaraan,19,Golongan VI - Barang,GOL VI B,2026-08-23,,,,,,IDR,SCHEDULE_DATA_NOT_FOUND,0,Gateway returned no schedule data for route
5439,175,Aimere,Waingapu,Nusa Tenggara Timur,Kendaraan,20,Golongan VII,GOL VII,2026-08-23,,,,,,IDR,SCHEDULE_DATA_NOT_FOUND,0,Gateway returned no schedule data for route
5439,175,Aimere,Waingapu,Nusa Tenggara Timur,Kendaraan,21,Golongan VIII,GOL VIII,2026-08-23,,,,,,IDR,SCHEDULE_DATA_NOT_FOUND,0,Gateway returned no schedule data for route
5439,175,Aimere,Waingapu,Nusa Tenggara Timur,Kendaraan,22,Golongan IX,GOL IX,2026-08-23,,,,,,IDR,SCHEDULE_DATA_NOT_FOUND,0,Gateway returned no schedule data for route
5439,175,Aimere,Waingapu,Nusa Tenggara Timur,Pejalan Kaki,5,Dewasa Bisnis I,DEWASA,2026-08-23,,,,,,IDR,SCHEDULE_DATA_NOT_FOUND,0,Gateway returned no schedule data for route
5439,175,Aimere,Waingapu,Nusa Tenggara Timur,Pejalan Kaki,6,Anak - Anak Bisnis I,ANAK,2026-08-23,,,,,,IDR,SCHEDULE_DATA_NOT_FOUND,0,Gateway returned no schedule data for route
5439,175,Aimere,Waingapu,Nusa Tenggara Timur,Pejalan Kaki,7,Dewasa Ekonomi,DEWASA,2026-08-23,,,,,,IDR,SCHEDULE_DATA_NOT_FOUND,0,Gateway returned no schedule data for route
5439,175,Aimere,Waingapu,Nusa Tenggara Timur,Pejalan Kaki,8,Anak - Anak Ekonomi,ANAK,2026-08-23,,,,,,IDR,SCHEDULE_DATA_NOT_FOUND,0,Gateway returned no schedule data for route
5442,177,Waingapu,Aimere,Nusa Tenggara Timur,Kendaraan,11,Golongan I,GOL I,2026-08-23,,,,,,IDR,SCHEDULE_DATA_NOT_FOUND,0,Gateway returned no schedule data for route
5442,177,Waingapu,Aimere,Nusa Tenggara Timur,Kendaraan,12,Golongan II ,GOL II,2026-08-23,,,,,,IDR,SCHEDULE_DATA_NOT_FOUND,0,Gateway returned no schedule data for route
5442,177,Waingapu,Aimere,Nusa Tenggara Timur,Kendaraan,13,Golongan III,GOL III,2026-08-23,,,,,,IDR,SCHEDULE_DATA_NOT_FOUND,0,Gateway returned no schedule data for route
5442,177,Waingapu,Aimere,Nusa Tenggara Timur,Kendaraan,14,Golongan IV - Penumpang,GOL IV A,2026-08-23,,,,,,IDR,SCHEDULE_DATA_NOT_FOUND,0,Gateway returned no schedule data for route
5442,177,Waingapu,Aimere,Nusa Tenggara Timur,Kendaraan,15,Golongan IV - Barang,GOL IV B,2026-08-23,,,,,,IDR,SCHEDULE_DATA_NOT_FOUND,0,Gateway returned no schedule data for route
5442,177,Waingapu,Aimere,Nusa Tenggara Timur,Kendaraan,16,Golongan V - Penumpang,GOL V A,2026-08-23,,,,,,IDR,SCHEDULE_DATA_NOT_FOUND,0,Gateway returned no schedule data for route
5442,177,Waingapu,Aimere,Nusa Tenggara Timur,Kendaraan,17,Golongan V - Barang,GOL V B,2026-08-23,,,,,,IDR,SCHEDULE_DATA_NOT_FOUND,0,Gateway returned no schedule data for route
5442,177,Waingapu,Aimere,Nusa Tenggara Timur,Kendaraan,18,Golongan VI - Penumpang,GOL VI A,2026-08-23,,,,,,IDR,SCHEDULE_DATA_NOT_FOUND,0,Gateway returned no schedule data for route
5442,177,Waingapu,Aimere,Nusa Tenggara Timur,Kendaraan,19,Golongan VI - Barang,GOL VI B,2026-08-23,,,,,,IDR,SCHEDULE_DATA_NOT_FOUND,0,Gateway returned no schedule data for route
5442,177,Waingapu,Aimere,Nusa Tenggara Timur,Kendaraan,20,Golongan VII,GOL VII,2026-08-23,,,,,,IDR,SCHEDULE_DATA_NOT_FOUND,0,Gateway returned no schedule data for route
5442,177,Waingapu,Aimere,Nusa Tenggara Timur,Kendaraan,21,Golongan VIII,GOL VIII,2026-08-23,,,,,,IDR,SCHEDULE_DATA_NOT_FOUND,0,Gateway returned no schedule data for route
5442,177,Waingapu,Aimere,Nusa Tenggara Timur,Kendaraan,22,Golongan IX,GOL IX,2026-08-23,,,,,,IDR,SCHEDULE_DATA_NOT_FOUND,0,Gateway returned no schedule data for route
5442,177,Waingapu,Aimere,Nusa Tenggara Timur,Pejalan Kaki,5,Dewasa Bisnis I,DEWASA,2026-08-23,,,,,,IDR,SCHEDULE_DATA_NOT_FOUND,0,Gateway returned no schedule data for route
5442,177,Waingapu,Aimere,Nusa Tenggara Timur,Pejalan Kaki,6,Anak - Anak Bisnis I,ANAK,2026-08-23,,,,,,IDR,SCHEDULE_DATA_NOT_FOUND,0,Gateway returned no schedule data for route
5442,177,Waingapu,Aimere,Nusa Tenggara Timur,Pejalan Kaki,7,Dewasa Ekonomi,DEWASA,2026-08-23,,,,,,IDR,SCHEDULE_DATA_NOT_FOUND,0,Gateway returned no schedule data for route
5442,177,Waingapu,Aimere,Nusa Tenggara Timur,Pejalan Kaki,8,Anak - Anak Ekonomi,ANAK,2026-08-23,,,,,,IDR,SCHEDULE_DATA_NOT_FOUND,0,Gateway returned no schedule data for route
5443,177,Waingapu,Ende,Nusa Tenggara Timur,Kendaraan,11,Golongan I,GOL I,2026-08-23,,,,,,IDR,SCHEDULE_DATA_NOT_FOUND,0,Gateway returned no schedule data for route
5443,177,Waingapu,Ende,Nusa Tenggara Timur,Kendaraan,12,Golongan II ,GOL II,2026-08-23,,,,,,IDR,SCHEDULE_DATA_NOT_FOUND,0,Gateway returned no schedule data for route
5443,177,Waingapu,Ende,Nusa Tenggara Timur,Kendaraan,13,Golongan III,GOL III,2026-08-23,,,,,,IDR,SCHEDULE_DATA_NOT_FOUND,0,Gateway returned no schedule data for route
5443,177,Waingapu,Ende,Nusa Tenggara Timur,Kendaraan,14,Golongan IV - Penumpang,GOL IV A,2026-08-23,,,,,,IDR,SCHEDULE_DATA_NOT_FOUND,0,Gateway returned no schedule data for route
5443,177,Waingapu,Ende,Nusa Tenggara Timur,Kendaraan,15,Golongan IV - Barang,GOL IV B,2026-08-23,,,,,,IDR,SCHEDULE_DATA_NOT_FOUND,0,Gateway returned no schedule data for route
5443,177,Waingapu,Ende,Nusa Tenggara Timur,Kendaraan,16,Golongan V - Penumpang,GOL V A,2026-08-23,,,,,,IDR,SCHEDULE_DATA_NOT_FOUND,0,Gateway returned no schedule data for route
5443,177,Waingapu,Ende,Nusa Tenggara Timur,Kendaraan,17,Golongan V - Barang,GOL V B,2026-08-23,,,,,,IDR,SCHEDULE_DATA_NOT_FOUND,0,Gateway returned no schedule data for route
5443,177,Waingapu,Ende,Nusa Tenggara Timur,Kendaraan,18,Golongan VI - Penumpang,GOL VI A,2026-08-23,,,,,,IDR,SCHEDULE_DATA_NOT_FOUND,0,Gateway returned no schedule data for route
5443,177,Waingapu,Ende,Nusa Tenggara Timur,Kendaraan,19,Golongan VI - Barang,GOL VI B,2026-08-23,,,,,,IDR,SCHEDULE_DATA_NOT_FOUND,0,Gateway returned no schedule data for route
5443,177,Waingapu,Ende,Nusa Tenggara Timur,Kendaraan,20,Golongan VII,GOL VII,2026-08-23,,,,,,IDR,SCHEDULE_DATA_NOT_FOUND,0,Gateway returned no schedule data for route
5443,177,Waingapu,Ende,Nusa Tenggara Timur,Kendaraan,21,Golongan VIII,GOL VIII,2026-08-23,,,,,,IDR,SCHEDULE_DATA_NOT_FOUND,0,Gateway returned no schedule data for route
5443,177,Waingapu,Ende,Nusa Tenggara Timur,Kendaraan,22,Golongan IX,GOL IX,2026-08-23,,,,,,IDR,SCHEDULE_DATA_NOT_FOUND,0,Gateway returned no schedule data for route
5443,177,Waingapu,Ende,Nusa Tenggara Timur,Pejalan Kaki,7,Dewasa Ekonomi,DEWASA,2026-08-23,,,,,,IDR,SCHEDULE_DATA_NOT_FOUND,0,Gateway returned no schedule data for route
5471,174,Kalabahi,Bakalang,Nusa Tenggara Timur,Kendaraan,11,Golongan I,GOL I,2026-08-23,,,,,,IDR,SCHEDULE_DATA_NOT_FOUND,0,Gateway returned no schedule data for route
5471,174,Kalabahi,Bakalang,Nusa Tenggara Timur,Kendaraan,12,Golongan II ,GOL II,2026-08-23,,,,,,IDR,SCHEDULE_DATA_NOT_FOUND,0,Gateway returned no schedule data for route
5471,174,Kalabahi,Bakalang,Nusa Tenggara Timur,Kendaraan,13,Golongan III,GOL III,2026-08-23,,,,,,IDR,SCHEDULE_DATA_NOT_FOUND,0,Gateway returned no schedule data for route
5471,174,Kalabahi,Bakalang,Nusa Tenggara Timur,Kendaraan,14,Golongan IV - Penumpang,GOL IV A,2026-08-23,,,,,,IDR,SCHEDULE_DATA_NOT_FOUND,0,Gateway returned no schedule data for route
5471,174,Kalabahi,Bakalang,Nusa Tenggara Timur,Kendaraan,15,Golongan IV - Barang,GOL IV B,2026-08-23,,,,,,IDR,SCHEDULE_DATA_NOT_FOUND,0,Gateway returned no schedule data for route
5471,174,Kalabahi,Bakalang,Nusa Tenggara Timur,Kendaraan,16,Golongan V - Penumpang,GOL V A,2026-08-23,,,,,,IDR,SCHEDULE_DATA_NOT_FOUND,0,Gateway returned no schedule data for route
5471,174,Kalabahi,Bakalang,Nusa Tenggara Timur,Kendaraan,17,Golongan V - Barang,GOL V B,2026-08-23,,,,,,IDR,SCHEDULE_DATA_NOT_FOUND,0,Gateway returned no schedule data for route
5471,174,Kalabahi,Bakalang,Nusa Tenggara Timur,Kendaraan,18,Golongan VI - Penumpang,GOL VI A,2026-08-23,,,,,,IDR,SCHEDULE_DATA_NOT_FOUND,0,Gateway returned no schedule data for route
5471,174,Kalabahi,Bakalang,Nusa Tenggara Timur,Kendaraan,19,Golongan VI - Barang,GOL VI B,2026-08-23,,,,,,IDR,SCHEDULE_DATA_NOT_FOUND,0,Gateway returned no schedule data for route
5471,174,Kalabahi,Bakalang,Nusa Tenggara Timur,Kendaraan,20,Golongan VII,GOL VII,2026-08-23,,,,,,IDR,SCHEDULE_DATA_NOT_FOUND,0,Gateway returned no schedule data for route
5471,174,Kalabahi,Bakalang,Nusa Tenggara Timur,Kendaraan,21,Golongan VIII,GOL VIII,2026-08-23,,,,,,IDR,SCHEDULE_DATA_NOT_FOUND,0,Gateway returned no schedule data for route
5471,174,Kalabahi,Bakalang,Nusa Tenggara Timur,Kendaraan,22,Golongan IX,GOL IX,2026-08-23,,,,,,IDR,SCHEDULE_DATA_NOT_FOUND,0,Gateway returned no schedule data for route
5471,174,Kalabahi,Bakalang,Nusa Tenggara Timur,Pejalan Kaki,7,Dewasa Ekonomi,DEWASA,2026-08-23,,,,,,IDR,SCHEDULE_DATA_NOT_FOUND,0,Gateway returned no schedule data for route
5471,174,Kalabahi,Bakalang,Nusa Tenggara Timur,Pejalan Kaki,8,Anak - Anak Ekonomi,ANAK,2026-08-23,,,,,,IDR,SCHEDULE_DATA_NOT_FOUND,0,Gateway returned no schedule data for route
5476,173,Larantuka,Waiwerang,Nusa Tenggara Timur,Kendaraan,11,Golongan I,GOL I,2026-08-23,,,,,,IDR,SCHEDULE_DATA_NOT_FOUND,0,Gateway returned no schedule data for route
5476,173,Larantuka,Waiwerang,Nusa Tenggara Timur,Kendaraan,12,Golongan II ,GOL II,2026-08-23,,,,,,IDR,SCHEDULE_DATA_NOT_FOUND,0,Gateway returned no schedule data for route
5476,173,Larantuka,Waiwerang,Nusa Tenggara Timur,Kendaraan,13,Golongan III,GOL III,2026-08-23,,,,,,IDR,SCHEDULE_DATA_NOT_FOUND,0,Gateway returned no schedule data for route
5476,173,Larantuka,Waiwerang,Nusa Tenggara Timur,Kendaraan,14,Golongan IV - Penumpang,GOL IV A,2026-08-23,,,,,,IDR,SCHEDULE_DATA_NOT_FOUND,0,Gateway returned no schedule data for route
5476,173,Larantuka,Waiwerang,Nusa Tenggara Timur,Kendaraan,15,Golongan IV - Barang,GOL IV B,2026-08-23,,,,,,IDR,SCHEDULE_DATA_NOT_FOUND,0,Gateway returned no schedule data for route
5476,173,Larantuka,Waiwerang,Nusa Tenggara Timur,Kendaraan,16,Golongan V - Penumpang,GOL V A,2026-08-23,,,,,,IDR,SCHEDULE_DATA_NOT_FOUND,0,Gateway returned no schedule data for route
5476,173,Larantuka,Waiwerang,Nusa Tenggara Timur,Kendaraan,17,Golongan V - Barang,GOL V B,2026-08-23,,,,,,IDR,SCHEDULE_DATA_NOT_FOUND,0,Gateway returned no schedule data for route
5476,173,Larantuka,Waiwerang,Nusa Tenggara Timur,Kendaraan,18,Golongan VI - Penumpang,GOL VI A,2026-08-23,,,,,,IDR,SCHEDULE_DATA_NOT_FOUND,0,Gateway returned no schedule data for route
5476,173,Larantuka,Waiwerang,Nusa Tenggara Timur,Kendaraan,19,Golongan VI - Barang,GOL VI B,2026-08-23,,,,,,IDR,SCHEDULE_DATA_NOT_FOUND,0,Gateway returned no schedule data for route
5476,173,Larantuka,Waiwerang,Nusa Tenggara Timur,Kendaraan,20,Golongan VII,GOL VII,2026-08-23,,,,,,IDR,SCHEDULE_DATA_NOT_FOUND,0,Gateway returned no schedule data for route
5476,173,Larantuka,Waiwerang,Nusa Tenggara Timur,Kendaraan,21,Golongan VIII,GOL VIII,2026-08-23,,,,,,IDR,SCHEDULE_DATA_NOT_FOUND,0,Gateway returned no schedule data for route
5476,173,Larantuka,Waiwerang,Nusa Tenggara Timur,Kendaraan,22,Golongan IX,GOL IX,2026-08-23,,,,,,IDR,SCHEDULE_DATA_NOT_FOUND,0,Gateway returned no schedule data for route
5484,94,Hunimua,Waipirit,Maluku,Kendaraan,11,Golongan I,GOL I,2026-08-23,01:30,2627160930380753292,0,26990,26990,IDR,OK,200,Ship schedule found.
5484,94,Hunimua,Waipirit,Maluku,Kendaraan,12,Golongan II ,GOL II,2026-08-23,01:30,2627160930380753292,100,63000,63000,IDR,OK,200,Ship schedule found.
5484,94,Hunimua,Waipirit,Maluku,Kendaraan,13,Golongan III,GOL III,2026-08-23,01:30,2627160930380753292,3,81510,81510,IDR,OK,200,Ship schedule found.
5484,94,Hunimua,Waipirit,Maluku,Kendaraan,14,Golongan IV - Penumpang,GOL IV A,2026-08-23,01:30,2627160930380753292,10,303445,303445,IDR,OK,200,Ship schedule found.
5484,94,Hunimua,Waipirit,Maluku,Kendaraan,15,Golongan IV - Barang,GOL IV B,2026-08-23,01:30,2627160930380753292,10,299959,299959,IDR,OK,200,Ship schedule found.
5484,94,Hunimua,Waipirit,Maluku,Kendaraan,16,Golongan V - Penumpang,GOL V A,2026-08-23,01:30,2627160930380753292,6,414475,414475,IDR,OK,200,Ship schedule found.
5484,94,Hunimua,Waipirit,Maluku,Kendaraan,17,Golongan V - Barang,GOL V B,2026-08-23,01:30,2627160930380753292,10,436231,436231,IDR,OK,200,Ship schedule found.
5484,94,Hunimua,Waipirit,Maluku,Kendaraan,18,Golongan VI - Penumpang,GOL VI A,2026-08-23,01:30,2627160930380753292,6,592150,592150,IDR,OK,200,Ship schedule found.
5484,94,Hunimua,Waipirit,Maluku,Kendaraan,19,Golongan VI - Barang,GOL VI B,2026-08-23,01:30,2627160930380753292,6,577962,577962,IDR,OK,200,Ship schedule found.
5484,94,Hunimua,Waipirit,Maluku,Kendaraan,20,Golongan VII,GOL VII,2026-08-23,01:30,2627160930380753292,3,904597,904597,IDR,OK,200,Ship schedule found.
5484,94,Hunimua,Waipirit,Maluku,Kendaraan,21,Golongan VIII,GOL VIII,2026-08-23,01:30,2627160930380753292,3,1191060,1191060,IDR,OK,200,Ship schedule found.
5484,94,Hunimua,Waipirit,Maluku,Kendaraan,22,Golongan IX,GOL IX,2026-08-23,01:30,2627160930380753292,3,1824130,1824130,IDR,OK,200,Ship schedule found.
5484,94,Hunimua,Waipirit,Maluku,Pejalan Kaki,3,Dewasa Eksekutif,DEWASA,2026-08-23,01:30,2627160930380753292,0,58600,58600,IDR,OK,200,Ship schedule found.
5484,94,Hunimua,Waipirit,Maluku,Pejalan Kaki,5,Dewasa Bisnis I,DEWASA,2026-08-23,01:30,2627160930380753292,0,39600,39600,IDR,OK,200,Ship schedule found.
5484,94,Hunimua,Waipirit,Maluku,Pejalan Kaki,504,Bayi Bisnis,BAYI,2026-08-23,01:30,2627160930380753292,0,6600,6600,IDR,OK,200,Ship schedule found.
5484,94,Hunimua,Waipirit,Maluku,Pejalan Kaki,505,Bayi Eksekutif,BAYI,2026-08-23,01:30,2627160930380753292,0,9600,9600,IDR,OK,200,Ship schedule found.
5484,94,Hunimua,Waipirit,Maluku,Pejalan Kaki,7,Dewasa Ekonomi,DEWASA,2026-08-23,01:30,2627160930380753292,100,27500,27500,IDR,OK,200,Ship schedule found.
5484,94,Hunimua,Waipirit,Maluku,Pejalan Kaki,9,Bayi Ekonomi,BAYI,2026-08-23,01:30,2627160930380753292,6,2700,2700,IDR,OK,200,Ship schedule found.
5485,95,Waipirit,Hunimua,Maluku,Kendaraan,11,Golongan I,GOL I,2026-08-23,05:00,2627160930380747735,0,26990,26990,IDR,OK,200,Ship schedule found.
5485,95,Waipirit,Hunimua,Maluku,Kendaraan,12,Golongan II ,GOL II,2026-08-23,05:00,2627160930380747735,150,63000,63000,IDR,OK,200,Ship schedule found.
5485,95,Waipirit,Hunimua,Maluku,Kendaraan,13,Golongan III,GOL III,2026-08-23,05:00,2627160930380747735,0,81510,81510,IDR,OK,200,Ship schedule found.
5485,95,Waipirit,Hunimua,Maluku,Kendaraan,14,Golongan IV - Penumpang,GOL IV A,2026-08-23,05:00,2627160930380747735,15,303445,303445,IDR,OK,200,Ship schedule found.
5485,95,Waipirit,Hunimua,Maluku,Kendaraan,15,Golongan IV - Barang,GOL IV B,2026-08-23,05:00,2627160930380747735,15,299959,299959,IDR,OK,200,Ship schedule found.
5485,95,Waipirit,Hunimua,Maluku,Kendaraan,16,Golongan V - Penumpang,GOL V A,2026-08-23,05:00,2627160930380747735,5,414475,414475,IDR,OK,200,Ship schedule found.
5485,95,Waipirit,Hunimua,Maluku,Kendaraan,17,Golongan V - Barang,GOL V B,2026-08-23,05:00,2627160930380747735,12,436231,436231,IDR,OK,200,Ship schedule found.
5485,95,Waipirit,Hunimua,Maluku,Kendaraan,18,Golongan VI - Penumpang,GOL VI A,2026-08-23,05:00,2627160930380747735,5,592150,592150,IDR,OK,200,Ship schedule found.
5485,95,Waipirit,Hunimua,Maluku,Kendaraan,19,Golongan VI - Barang,GOL VI B,2026-08-23,05:00,2627160930380747735,5,577962,577962,IDR,OK,200,Ship schedule found.
5485,95,Waipirit,Hunimua,Maluku,Kendaraan,20,Golongan VII,GOL VII,2026-08-23,05:00,2627160930380747735,3,904597,904597,IDR,OK,200,Ship schedule found.
5485,95,Waipirit,Hunimua,Maluku,Kendaraan,21,Golongan VIII,GOL VIII,2026-08-23,05:00,2627160930380747735,3,1191060,1191060,IDR,OK,200,Ship schedule found.
5485,95,Waipirit,Hunimua,Maluku,Kendaraan,22,Golongan IX,GOL IX,2026-08-23,05:00,2627160930380747735,3,1824130,1824130,IDR,OK,200,Ship schedule found.
5485,95,Waipirit,Hunimua,Maluku,Pejalan Kaki,1,Dewasa,DEWASA,2026-08-23,05:00,2627160930380747735,,,,IDR,HTTP_400,400,"{""status"": ""false"", ""message"": ""Ship schedule not found."", ""data"": null}"
5485,95,Waipirit,Hunimua,Maluku,Pejalan Kaki,3,Dewasa Eksekutif,DEWASA,2026-08-23,05:00,2627160930380747735,0,58600,58600,IDR,OK,200,Ship schedule found.
5485,95,Waipirit,Hunimua,Maluku,Pejalan Kaki,5,Dewasa Bisnis I,DEWASA,2026-08-23,05:00,2627160930380747735,0,39600,39600,IDR,OK,200,Ship schedule found.
5485,95,Waipirit,Hunimua,Maluku,Pejalan Kaki,504,Bayi Bisnis,BAYI,2026-08-23,05:00,2627160930380747735,0,6600,6600,IDR,OK,200,Ship schedule found.
5485,95,Waipirit,Hunimua,Maluku,Pejalan Kaki,505,Bayi Eksekutif,BAYI,2026-08-23,05:00,2627160930380747735,0,9600,9600,IDR,OK,200,Ship schedule found.
5485,95,Waipirit,Hunimua,Maluku,Pejalan Kaki,7,Dewasa Ekonomi,DEWASA,2026-08-23,05:00,2627160930380747735,150,27500,27500,IDR,OK,200,Ship schedule found.
5485,95,Waipirit,Hunimua,Maluku,Pejalan Kaki,9,Bayi Ekonomi,BAYI,2026-08-23,05:00,2627160930380747735,5,2700,2700,IDR,OK,200,Ship schedule found.
5486,88,Galala,Namlea,Maluku,Kendaraan,11,Golongan I,GOL I,2026-08-23,20:00,2627160930380750526,0,69990,69990,IDR,OK,200,Ship schedule found.
5486,88,Galala,Namlea,Maluku,Kendaraan,12,Golongan II ,GOL II,2026-08-23,20:00,2627160930380750526,0,218435,218435,IDR,OK,200,Ship schedule found.
5486,88,Galala,Namlea,Maluku,Kendaraan,13,Golongan III,GOL III,2026-08-23,20:00,2627160930380750526,0,202910,202910,IDR,OK,200,Ship schedule found.
5486,88,Galala,Namlea,Maluku,Kendaraan,14,Golongan IV - Penumpang,GOL IV A,2026-08-23,20:00,2627160930380750526,0,1006779,1006779,IDR,OK,200,Ship schedule found.
5486,88,Galala,Namlea,Maluku,Kendaraan,15,Golongan IV - Barang,GOL IV B,2026-08-23,20:00,2627160930380750526,0,1042995,1042995,IDR,OK,200,Ship schedule found.
5486,88,Galala,Namlea,Maluku,Kendaraan,16,Golongan V - Penumpang,GOL V A,2026-08-23,20:00,2627160930380750526,0,1244020,1244020,IDR,OK,200,Ship schedule found.
5486,88,Galala,Namlea,Maluku,Kendaraan,17,Golongan V - Barang,GOL V B,2026-08-23,20:00,2627160930380750526,0,1515200,1515200,IDR,OK,200,Ship schedule found.
5486,88,Galala,Namlea,Maluku,Kendaraan,18,Golongan VI - Penumpang,GOL VI A,2026-08-23,20:00,2627160930380750526,0,1773995,1773995,IDR,OK,200,Ship schedule found.
5486,88,Galala,Namlea,Maluku,Kendaraan,19,Golongan VI - Barang,GOL VI B,2026-08-23,20:00,2627160930380750526,0,1884255,1884255,IDR,OK,200,Ship schedule found.
5486,88,Galala,Namlea,Maluku,Kendaraan,20,Golongan VII,GOL VII,2026-08-23,20:00,2627160930380750526,0,2466755,2466755,IDR,OK,200,Ship schedule found.
5486,88,Galala,Namlea,Maluku,Kendaraan,21,Golongan VIII,GOL VIII,2026-08-23,20:00,2627160930380750526,0,2808695,2808695,IDR,OK,200,Ship schedule found.
5486,88,Galala,Namlea,Maluku,Kendaraan,22,Golongan IX,GOL IX,2026-08-23,20:00,2627160930380750526,0,7588695,7588695,IDR,OK,200,Ship schedule found.
5486,88,Galala,Namlea,Maluku,Pejalan Kaki,5,Dewasa Bisnis I,DEWASA,2026-08-23,20:00,2627160930380750526,0,163000,163000,IDR,OK,200,Ship schedule found.
5486,88,Galala,Namlea,Maluku,Pejalan Kaki,504,Bayi Bisnis,BAYI,2026-08-23,20:00,2627160930380750526,0,21000,21000,IDR,OK,200,Ship schedule found.
5486,88,Galala,Namlea,Maluku,Pejalan Kaki,7,Dewasa Ekonomi,DEWASA,2026-08-23,20:00,2627160930380750526,0,123600,123600,IDR,OK,200,Ship schedule found.
5486,88,Galala,Namlea,Maluku,Pejalan Kaki,9,Bayi Ekonomi,BAYI,2026-08-23,20:00,2627160930380750526,0,13800,13800,IDR,OK,200,Ship schedule found.
5487,89,Namlea,Galala,Maluku,Kendaraan,11,Golongan I,GOL I,2026-08-23,20:00,2627160930380750596,0,69990,69990,IDR,OK,200,Ship schedule found.
5487,89,Namlea,Galala,Maluku,Kendaraan,12,Golongan II ,GOL II,2026-08-23,20:00,2627160930380750596,0,218435,218435,IDR,OK,200,Ship schedule found.
5487,89,Namlea,Galala,Maluku,Kendaraan,13,Golongan III,GOL III,2026-08-23,20:00,2627160930380750596,0,202910,202910,IDR,OK,200,Ship schedule found.
5487,89,Namlea,Galala,Maluku,Kendaraan,14,Golongan IV - Penumpang,GOL IV A,2026-08-23,20:00,2627160930380750596,0,1006779,1006779,IDR,OK,200,Ship schedule found.
5487,89,Namlea,Galala,Maluku,Kendaraan,15,Golongan IV - Barang,GOL IV B,2026-08-23,20:00,2627160930380750596,0,1042995,1042995,IDR,OK,200,Ship schedule found.
5487,89,Namlea,Galala,Maluku,Kendaraan,16,Golongan V - Penumpang,GOL V A,2026-08-23,20:00,2627160930380750596,0,1244020,1244020,IDR,OK,200,Ship schedule found.
5487,89,Namlea,Galala,Maluku,Kendaraan,17,Golongan V - Barang,GOL V B,2026-08-23,20:00,2627160930380750596,0,1515200,1515200,IDR,OK,200,Ship schedule found.
5487,89,Namlea,Galala,Maluku,Kendaraan,18,Golongan VI - Penumpang,GOL VI A,2026-08-23,20:00,2627160930380750596,0,1773995,1773995,IDR,OK,200,Ship schedule found.
5487,89,Namlea,Galala,Maluku,Kendaraan,19,Golongan VI - Barang,GOL VI B,2026-08-23,20:00,2627160930380750596,0,1884255,1884255,IDR,OK,200,Ship schedule found.
5487,89,Namlea,Galala,Maluku,Kendaraan,20,Golongan VII,GOL VII,2026-08-23,20:00,2627160930380750596,0,2466755,2466755,IDR,OK,200,Ship schedule found.
5487,89,Namlea,Galala,Maluku,Kendaraan,21,Golongan VIII,GOL VIII,2026-08-23,20:00,2627160930380750596,0,2808695,2808695,IDR,OK,200,Ship schedule found.
5487,89,Namlea,Galala,Maluku,Kendaraan,22,Golongan IX,GOL IX,2026-08-23,20:00,2627160930380750596,0,7588695,7588695,IDR,OK,200,Ship schedule found.
5487,89,Namlea,Galala,Maluku,Pejalan Kaki,5,Dewasa Bisnis I,DEWASA,2026-08-23,20:00,2627160930380750596,0,163000,163000,IDR,OK,200,Ship schedule found.
5487,89,Namlea,Galala,Maluku,Pejalan Kaki,504,Bayi Bisnis,BAYI,2026-08-23,20:00,2627160930380750596,0,21000,21000,IDR,OK,200,Ship schedule found.
5487,89,Namlea,Galala,Maluku,Pejalan Kaki,7,Dewasa Ekonomi,DEWASA,2026-08-23,20:00,2627160930380750596,0,123600,123600,IDR,OK,200,Ship schedule found.
5487,89,Namlea,Galala,Maluku,Pejalan Kaki,9,Bayi Ekonomi,BAYI,2026-08-23,20:00,2627160930380750596,0,13800,13800,IDR,OK,200,Ship schedule found.
5488,175,Aimere,Kupang,Nusa Tenggara Timur,Kendaraan,11,Golongan I,GOL I,2026-08-23,,,,,,IDR,SCHEDULE_DATA_NOT_FOUND,0,Gateway returned no schedule data for route
5488,175,Aimere,Kupang,Nusa Tenggara Timur,Kendaraan,12,Golongan II ,GOL II,2026-08-23,,,,,,IDR,SCHEDULE_DATA_NOT_FOUND,0,Gateway returned no schedule data for route
5488,175,Aimere,Kupang,Nusa Tenggara Timur,Kendaraan,13,Golongan III,GOL III,2026-08-23,,,,,,IDR,SCHEDULE_DATA_NOT_FOUND,0,Gateway returned no schedule data for route
5488,175,Aimere,Kupang,Nusa Tenggara Timur,Kendaraan,14,Golongan IV - Penumpang,GOL IV A,2026-08-23,,,,,,IDR,SCHEDULE_DATA_NOT_FOUND,0,Gateway returned no schedule data for route
5488,175,Aimere,Kupang,Nusa Tenggara Timur,Kendaraan,15,Golongan IV - Barang,GOL IV B,2026-08-23,,,,,,IDR,SCHEDULE_DATA_NOT_FOUND,0,Gateway returned no schedule data for route
5488,175,Aimere,Kupang,Nusa Tenggara Timur,Kendaraan,16,Golongan V - Penumpang,GOL V A,2026-08-23,,,,,,IDR,SCHEDULE_DATA_NOT_FOUND,0,Gateway returned no schedule data for route
5488,175,Aimere,Kupang,Nusa Tenggara Timur,Kendaraan,17,Golongan V - Barang,GOL V B,2026-08-23,,,,,,IDR,SCHEDULE_DATA_NOT_FOUND,0,Gateway returned no schedule data for route
5488,175,Aimere,Kupang,Nusa Tenggara Timur,Kendaraan,18,Golongan VI - Penumpang,GOL VI A,2026-08-23,,,,,,IDR,SCHEDULE_DATA_NOT_FOUND,0,Gateway returned no schedule data for route
5488,175,Aimere,Kupang,Nusa Tenggara Timur,Kendaraan,19,Golongan VI - Barang,GOL VI B,2026-08-23,,,,,,IDR,SCHEDULE_DATA_NOT_FOUND,0,Gateway returned no schedule data for route
5488,175,Aimere,Kupang,Nusa Tenggara Timur,Kendaraan,20,Golongan VII,GOL VII,2026-08-23,,,,,,IDR,SCHEDULE_DATA_NOT_FOUND,0,Gateway returned no schedule data for route
5488,175,Aimere,Kupang,Nusa Tenggara Timur,Kendaraan,21,Golongan VIII,GOL VIII,2026-08-23,,,,,,IDR,SCHEDULE_DATA_NOT_FOUND,0,Gateway returned no schedule data for route
5488,175,Aimere,Kupang,Nusa Tenggara Timur,Kendaraan,22,Golongan IX,GOL IX,2026-08-23,,,,,,IDR,SCHEDULE_DATA_NOT_FOUND,0,Gateway returned no schedule data for route
5488,175,Aimere,Kupang,Nusa Tenggara Timur,Pejalan Kaki,30,Dewasa Bisnis II,DEWASA,2026-08-23,,,,,,IDR,SCHEDULE_DATA_NOT_FOUND,0,Gateway returned no schedule data for route
5488,175,Aimere,Kupang,Nusa Tenggara Timur,Pejalan Kaki,31,Anak - Anak Bisnis II,ANAK,2026-08-23,,,,,,IDR,SCHEDULE_DATA_NOT_FOUND,0,Gateway returned no schedule data for route
5488,175,Aimere,Kupang,Nusa Tenggara Timur,Pejalan Kaki,5,Dewasa Bisnis I,DEWASA,2026-08-23,,,,,,IDR,SCHEDULE_DATA_NOT_FOUND,0,Gateway returned no schedule data for route
5488,175,Aimere,Kupang,Nusa Tenggara Timur,Pejalan Kaki,7,Dewasa Ekonomi,DEWASA,2026-08-23,,,,,,IDR,SCHEDULE_DATA_NOT_FOUND,0,Gateway returned no schedule data for route
5488,175,Aimere,Kupang,Nusa Tenggara Timur,Pejalan Kaki,8,Anak - Anak Ekonomi,ANAK,2026-08-23,,,,,,IDR,SCHEDULE_DATA_NOT_FOUND,0,Gateway returned no schedule data for route
5489,54,Penajam,Kariangau,Kalimantan Timur,Kendaraan,11,Golongan I,GOL I,2026-08-23,00:00,2627160930380725058,100,18690,18690,IDR,OK,200,Ship schedule found.
5489,54,Penajam,Kariangau,Kalimantan Timur,Kendaraan,12,Golongan II ,GOL II,2026-08-23,00:00,2627160930380725058,100,50300,50300,IDR,OK,200,Ship schedule found.
5489,54,Penajam,Kariangau,Kalimantan Timur,Kendaraan,13,Golongan III,GOL III,2026-08-23,00:00,2627160930380725058,100,89010,89010,IDR,OK,200,Ship schedule found.
5489,54,Penajam,Kariangau,Kalimantan Timur,Kendaraan,14,Golongan IV - Penumpang,GOL IV A,2026-08-23,00:00,2627160930380725058,100,325985,325985,IDR,OK,200,Ship schedule found.
5489,54,Penajam,Kariangau,Kalimantan Timur,Kendaraan,15,Golongan IV - Barang,GOL IV B,2026-08-23,00:00,2627160930380725058,100,291845,291845,IDR,OK,200,Ship schedule found.
5489,54,Penajam,Kariangau,Kalimantan Timur,Kendaraan,16,Golongan V - Penumpang,GOL V A,2026-08-23,00:00,2627160930380725058,100,609215,609215,IDR,OK,200,Ship schedule found.
5489,54,Penajam,Kariangau,Kalimantan Timur,Kendaraan,17,Golongan V - Barang,GOL V B,2026-08-23,00:00,2627160930380725058,100,548855,548855,IDR,OK,200,Ship schedule found.
5489,54,Penajam,Kariangau,Kalimantan Timur,Kendaraan,18,Golongan VI - Penumpang,GOL VI A,2026-08-23,00:00,2627160930380725058,100,895875,895875,IDR,OK,200,Ship schedule found.
5489,54,Penajam,Kariangau,Kalimantan Timur,Kendaraan,19,Golongan VI - Barang,GOL VI B,2026-08-23,00:00,2627160930380725058,100,876155,876155,IDR,OK,200,Ship schedule found.
5489,54,Penajam,Kariangau,Kalimantan Timur,Kendaraan,20,Golongan VII,GOL VII,2026-08-23,00:00,2627160930380725058,100,1077305,1077305,IDR,OK,200,Ship schedule found.
5489,54,Penajam,Kariangau,Kalimantan Timur,Kendaraan,21,Golongan VIII,GOL VIII,2026-08-23,00:00,2627160930380725058,100,1474975,1474975,IDR,OK,200,Ship schedule found.
5489,54,Penajam,Kariangau,Kalimantan Timur,Kendaraan,22,Golongan IX,GOL IX,2026-08-23,00:00,2627160930380725058,100,1683275,1683275,IDR,OK,200,Ship schedule found.
5489,54,Penajam,Kariangau,Kalimantan Timur,Kendaraan,514,Golongan BBM 5 TON,GOL V B,2026-08-23,00:00,2627160930380725058,0,1054500,1054500,IDR,OK,200,Ship schedule found.
5489,54,Penajam,Kariangau,Kalimantan Timur,Kendaraan,515,Golongan BBM 10 TON,GOL VI B,2026-08-23,00:00,2627160930380725058,0,1424500,1424500,IDR,OK,200,Ship schedule found.
5489,54,Penajam,Kariangau,Kalimantan Timur,Kendaraan,516,Golongan BBM 16 TON,GOL VII B,2026-08-23,00:00,2627160930380725058,0,2097000,2097000,IDR,OK,200,Ship schedule found.
5489,54,Penajam,Kariangau,Kalimantan Timur,Pejalan Kaki,7,Dewasa Ekonomi,DEWASA,2026-08-23,00:00,2627160930380725058,100,19600,19600,IDR,OK,200,Ship schedule found.
5489,54,Penajam,Kariangau,Kalimantan Timur,Pejalan Kaki,9,Bayi Ekonomi,BAYI,2026-08-23,00:00,2627160930380725058,100,4900,4900,IDR,OK,200,Ship schedule found.
5491,19,Telaga Punggur,Tanjung Uban,Kepulauan Riau,Kendaraan,11,Golongan I,GOL I,2026-08-23,06:00,2627160930380737922,5,22000,22000,IDR,OK,200,Ship schedule found.
5491,19,Telaga Punggur,Tanjung Uban,Kepulauan Riau,Kendaraan,12,Golongan II ,GOL II,2026-08-23,06:00,2627160930380737922,5,51000,51000,IDR,OK,200,Ship schedule found.
5491,19,Telaga Punggur,Tanjung Uban,Kepulauan Riau,Kendaraan,13,Golongan III,GOL III,2026-08-23,06:00,2627160930380737922,1,216000,216000,IDR,OK,200,Ship schedule found.
5491,19,Telaga Punggur,Tanjung Uban,Kepulauan Riau,Kendaraan,14,Golongan IV - Penumpang,GOL IV A,2026-08-23,06:00,2627160930380737922,20,309000,309000,IDR,OK,200,Ship schedule found.
5491,19,Telaga Punggur,Tanjung Uban,Kepulauan Riau,Kendaraan,15,Golongan IV - Barang,GOL IV B,2026-08-23,06:00,2627160930380737922,5,268000,268000,IDR,OK,200,Ship schedule found.
5491,19,Telaga Punggur,Tanjung Uban,Kepulauan Riau,Kendaraan,16,Golongan V - Penumpang,GOL V A,2026-08-23,06:00,2627160930380737922,0,565000,565000,IDR,OK,200,Ship schedule found.
5491,19,Telaga Punggur,Tanjung Uban,Kepulauan Riau,Kendaraan,17,Golongan V - Barang,GOL V B,2026-08-23,06:00,2627160930380737922,5,471000,471000,IDR,OK,200,Ship schedule found.
5491,19,Telaga Punggur,Tanjung Uban,Kepulauan Riau,Kendaraan,18,Golongan VI - Penumpang,GOL VI A,2026-08-23,06:00,2627160930380737922,0,821000,821000,IDR,OK,200,Ship schedule found.
5491,19,Telaga Punggur,Tanjung Uban,Kepulauan Riau,Kendaraan,19,Golongan VI - Barang,GOL VI B,2026-08-23,06:00,2627160930380737922,1,728000,728000,IDR,OK,200,Ship schedule found.
5491,19,Telaga Punggur,Tanjung Uban,Kepulauan Riau,Kendaraan,20,Golongan VII,GOL VII,2026-08-23,06:00,2627160930380737922,0,931000,931000,IDR,OK,200,Ship schedule found.
5491,19,Telaga Punggur,Tanjung Uban,Kepulauan Riau,Kendaraan,21,Golongan VIII,GOL VIII,2026-08-23,06:00,2627160930380737922,0,1371000,1371000,IDR,OK,200,Ship schedule found.
5491,19,Telaga Punggur,Tanjung Uban,Kepulauan Riau,Kendaraan,22,Golongan IX,GOL IX,2026-08-23,06:00,2627160930380737922,0,2307000,2307000,IDR,OK,200,Ship schedule found.
5491,19,Telaga Punggur,Tanjung Uban,Kepulauan Riau,Pejalan Kaki,7,Dewasa Ekonomi,DEWASA,2026-08-23,06:00,2627160930380737922,141,27000,27000,IDR,OK,200,Ship schedule found.
5491,19,Telaga Punggur,Tanjung Uban,Kepulauan Riau,Pejalan Kaki,9,Bayi Ekonomi,BAYI,2026-08-23,06:00,2627160930380737922,7,2000,2000,IDR,OK,200,Ship schedule found.
5492,19,Telaga Punggur,Tanjung Balai Karimun,Kepulauan Riau,Kendaraan,11,Golongan I,GOL I,2026-08-23,,,,,,IDR,NO_SCHEDULE_FOR_DATE,0,No departure slots found for date 2026-08-23 (3 total across other dates)
5492,19,Telaga Punggur,Tanjung Balai Karimun,Kepulauan Riau,Kendaraan,12,Golongan II ,GOL II,2026-08-23,,,,,,IDR,NO_SCHEDULE_FOR_DATE,0,No departure slots found for date 2026-08-23 (3 total across other dates)
5492,19,Telaga Punggur,Tanjung Balai Karimun,Kepulauan Riau,Kendaraan,13,Golongan III,GOL III,2026-08-23,,,,,,IDR,NO_SCHEDULE_FOR_DATE,0,No departure slots found for date 2026-08-23 (3 total across other dates)
5492,19,Telaga Punggur,Tanjung Balai Karimun,Kepulauan Riau,Kendaraan,14,Golongan IV - Penumpang,GOL IV A,2026-08-23,,,,,,IDR,NO_SCHEDULE_FOR_DATE,0,No departure slots found for date 2026-08-23 (3 total across other dates)
5492,19,Telaga Punggur,Tanjung Balai Karimun,Kepulauan Riau,Kendaraan,15,Golongan IV - Barang,GOL IV B,2026-08-23,,,,,,IDR,NO_SCHEDULE_FOR_DATE,0,No departure slots found for date 2026-08-23 (3 total across other dates)
5492,19,Telaga Punggur,Tanjung Balai Karimun,Kepulauan Riau,Kendaraan,16,Golongan V - Penumpang,GOL V A,2026-08-23,,,,,,IDR,NO_SCHEDULE_FOR_DATE,0,No departure slots found for date 2026-08-23 (3 total across other dates)
5492,19,Telaga Punggur,Tanjung Balai Karimun,Kepulauan Riau,Kendaraan,17,Golongan V - Barang,GOL V B,2026-08-23,,,,,,IDR,NO_SCHEDULE_FOR_DATE,0,No departure slots found for date 2026-08-23 (3 total across other dates)
5492,19,Telaga Punggur,Tanjung Balai Karimun,Kepulauan Riau,Kendaraan,18,Golongan VI - Penumpang,GOL VI A,2026-08-23,,,,,,IDR,NO_SCHEDULE_FOR_DATE,0,No departure slots found for date 2026-08-23 (3 total across other dates)
5492,19,Telaga Punggur,Tanjung Balai Karimun,Kepulauan Riau,Kendaraan,19,Golongan VI - Barang,GOL VI B,2026-08-23,,,,,,IDR,NO_SCHEDULE_FOR_DATE,0,No departure slots found for date 2026-08-23 (3 total across other dates)
5492,19,Telaga Punggur,Tanjung Balai Karimun,Kepulauan Riau,Kendaraan,20,Golongan VII,GOL VII,2026-08-23,,,,,,IDR,NO_SCHEDULE_FOR_DATE,0,No departure slots found for date 2026-08-23 (3 total across other dates)
5492,19,Telaga Punggur,Tanjung Balai Karimun,Kepulauan Riau,Kendaraan,21,Golongan VIII,GOL VIII,2026-08-23,,,,,,IDR,NO_SCHEDULE_FOR_DATE,0,No departure slots found for date 2026-08-23 (3 total across other dates)
5492,19,Telaga Punggur,Tanjung Balai Karimun,Kepulauan Riau,Kendaraan,22,Golongan IX,GOL IX,2026-08-23,,,,,,IDR,NO_SCHEDULE_FOR_DATE,0,No departure slots found for date 2026-08-23 (3 total across other dates)
5492,19,Telaga Punggur,Tanjung Balai Karimun,Kepulauan Riau,Pejalan Kaki,7,Dewasa Ekonomi,DEWASA,2026-08-23,,,,,,IDR,NO_SCHEDULE_FOR_DATE,0,No departure slots found for date 2026-08-23 (3 total across other dates)
5492,19,Telaga Punggur,Tanjung Balai Karimun,Kepulauan Riau,Pejalan Kaki,9,Bayi Ekonomi,BAYI,2026-08-23,,,,,,IDR,NO_SCHEDULE_FOR_DATE,0,No departure slots found for date 2026-08-23 (3 total across other dates)
5493,19,Telaga Punggur,Dabo,Kepulauan Riau,Kendaraan,11,Golongan I,GOL I,2026-08-23,,,,,,IDR,NO_SCHEDULE_FOR_DATE,0,No departure slots found for date 2026-08-23 (1 total across other dates)
5493,19,Telaga Punggur,Dabo,Kepulauan Riau,Kendaraan,12,Golongan II ,GOL II,2026-08-23,,,,,,IDR,NO_SCHEDULE_FOR_DATE,0,No departure slots found for date 2026-08-23 (1 total across other dates)
5493,19,Telaga Punggur,Dabo,Kepulauan Riau,Kendaraan,13,Golongan III,GOL III,2026-08-23,,,,,,IDR,NO_SCHEDULE_FOR_DATE,0,No departure slots found for date 2026-08-23 (1 total across other dates)
5493,19,Telaga Punggur,Dabo,Kepulauan Riau,Kendaraan,14,Golongan IV - Penumpang,GOL IV A,2026-08-23,,,,,,IDR,NO_SCHEDULE_FOR_DATE,0,No departure slots found for date 2026-08-23 (1 total across other dates)
5493,19,Telaga Punggur,Dabo,Kepulauan Riau,Kendaraan,15,Golongan IV - Barang,GOL IV B,2026-08-23,,,,,,IDR,NO_SCHEDULE_FOR_DATE,0,No departure slots found for date 2026-08-23 (1 total across other dates)
5493,19,Telaga Punggur,Dabo,Kepulauan Riau,Kendaraan,16,Golongan V - Penumpang,GOL V A,2026-08-23,,,,,,IDR,NO_SCHEDULE_FOR_DATE,0,No departure slots found for date 2026-08-23 (1 total across other dates)
5493,19,Telaga Punggur,Dabo,Kepulauan Riau,Kendaraan,17,Golongan V - Barang,GOL V B,2026-08-23,,,,,,IDR,NO_SCHEDULE_FOR_DATE,0,No departure slots found for date 2026-08-23 (1 total across other dates)
5493,19,Telaga Punggur,Dabo,Kepulauan Riau,Kendaraan,18,Golongan VI - Penumpang,GOL VI A,2026-08-23,,,,,,IDR,NO_SCHEDULE_FOR_DATE,0,No departure slots found for date 2026-08-23 (1 total across other dates)
5493,19,Telaga Punggur,Dabo,Kepulauan Riau,Kendaraan,19,Golongan VI - Barang,GOL VI B,2026-08-23,,,,,,IDR,NO_SCHEDULE_FOR_DATE,0,No departure slots found for date 2026-08-23 (1 total across other dates)
5493,19,Telaga Punggur,Dabo,Kepulauan Riau,Kendaraan,20,Golongan VII,GOL VII,2026-08-23,,,,,,IDR,NO_SCHEDULE_FOR_DATE,0,No departure slots found for date 2026-08-23 (1 total across other dates)
5493,19,Telaga Punggur,Dabo,Kepulauan Riau,Kendaraan,21,Golongan VIII,GOL VIII,2026-08-23,,,,,,IDR,NO_SCHEDULE_FOR_DATE,0,No departure slots found for date 2026-08-23 (1 total across other dates)
5493,19,Telaga Punggur,Dabo,Kepulauan Riau,Kendaraan,22,Golongan IX,GOL IX,2026-08-23,,,,,,IDR,NO_SCHEDULE_FOR_DATE,0,No departure slots found for date 2026-08-23 (1 total across other dates)
5493,19,Telaga Punggur,Dabo,Kepulauan Riau,Pejalan Kaki,7,Dewasa Ekonomi,DEWASA,2026-08-23,,,,,,IDR,NO_SCHEDULE_FOR_DATE,0,No departure slots found for date 2026-08-23 (1 total across other dates)
5493,19,Telaga Punggur,Dabo,Kepulauan Riau,Pejalan Kaki,9,Bayi Ekonomi,BAYI,2026-08-23,,,,,,IDR,NO_SCHEDULE_FOR_DATE,0,No departure slots found for date 2026-08-23 (1 total across other dates)
5496,19,Telaga Punggur,Mengkapan,Riau,Kendaraan,11,Golongan I,GOL I,2026-08-23,14:00,2627160930380748940,0,155200,155200,IDR,OK,200,Ship schedule found.
5496,19,Telaga Punggur,Mengkapan,Riau,Kendaraan,12,Golongan II ,GOL II,2026-08-23,14:00,2627160930380748940,27,296900,296900,IDR,OK,200,Ship schedule found.
5496,19,Telaga Punggur,Mengkapan,Riau,Kendaraan,13,Golongan III,GOL III,2026-08-23,14:00,2627160930380748940,0,524400,524400,IDR,OK,200,Ship schedule found.
5496,19,Telaga Punggur,Mengkapan,Riau,Kendaraan,14,Golongan IV - Penumpang,GOL IV A,2026-08-23,14:00,2627160930380748940,14,1948700,1948700,IDR,OK,200,Ship schedule found.
5496,19,Telaga Punggur,Mengkapan,Riau,Kendaraan,15,Golongan IV - Barang,GOL IV B,2026-08-23,14:00,2627160930380748940,5,1782500,1782500,IDR,OK,200,Ship schedule found.
5496,19,Telaga Punggur,Mengkapan,Riau,Kendaraan,16,Golongan V - Penumpang,GOL V A,2026-08-23,14:00,2627160930380748940,0,3524700,3524700,IDR,OK,200,Ship schedule found.
5496,19,Telaga Punggur,Mengkapan,Riau,Kendaraan,17,Golongan V - Barang,GOL V B,2026-08-23,14:00,2627160930380748940,5,2974000,2974000,IDR,OK,200,Ship schedule found.
5496,19,Telaga Punggur,Mengkapan,Riau,Kendaraan,18,Golongan VI - Penumpang,GOL VI A,2026-08-23,14:00,2627160930380748940,0,5511400,5511400,IDR,OK,200,Ship schedule found.
5496,19,Telaga Punggur,Mengkapan,Riau,Kendaraan,19,Golongan VI - Barang,GOL VI B,2026-08-23,14:00,2627160930380748940,0,4582300,4582300,IDR,OK,200,Ship schedule found.
5496,19,Telaga Punggur,Mengkapan,Riau,Kendaraan,20,Golongan VII,GOL VII,2026-08-23,14:00,2627160930380748940,0,5674400,5674400,IDR,OK,200,Ship schedule found.
5496,19,Telaga Punggur,Mengkapan,Riau,Kendaraan,21,Golongan VIII,GOL VIII,2026-08-23,14:00,2627160930380748940,0,8082700,8082700,IDR,OK,200,Ship schedule found.
5496,19,Telaga Punggur,Mengkapan,Riau,Kendaraan,22,Golongan IX,GOL IX,2026-08-23,14:00,2627160930380748940,0,11678400,11678400,IDR,OK,200,Ship schedule found.
5496,19,Telaga Punggur,Mengkapan,Riau,Pejalan Kaki,7,Dewasa Ekonomi,DEWASA,2026-08-23,14:00,2627160930380748940,174,134200,134200,IDR,OK,200,Ship schedule found.
5496,19,Telaga Punggur,Mengkapan,Riau,Pejalan Kaki,9,Bayi Ekonomi,BAYI,2026-08-23,14:00,2627160930380748940,10,13200,13200,IDR,OK,200,Ship schedule found.
5505,26,Tanjung Uban,Telaga Punggur,Kepulauan Riau,Kendaraan,11,Golongan I,GOL I,2026-08-23,06:00,2627160930380738325,5,22000,22000,IDR,OK,200,Ship schedule found.
5505,26,Tanjung Uban,Telaga Punggur,Kepulauan Riau,Kendaraan,12,Golongan II ,GOL II,2026-08-23,06:00,2627160930380738325,29,51000,51000,IDR,OK,200,Ship schedule found.
5505,26,Tanjung Uban,Telaga Punggur,Kepulauan Riau,Kendaraan,13,Golongan III,GOL III,2026-08-23,06:00,2627160930380738325,1,216000,216000,IDR,OK,200,Ship schedule found.
5505,26,Tanjung Uban,Telaga Punggur,Kepulauan Riau,Kendaraan,14,Golongan IV - Penumpang,GOL IV A,2026-08-23,06:00,2627160930380738325,19,309000,309000,IDR,OK,200,Ship schedule found.
5505,26,Tanjung Uban,Telaga Punggur,Kepulauan Riau,Kendaraan,15,Golongan IV - Barang,GOL IV B,2026-08-23,06:00,2627160930380738325,5,268000,268000,IDR,OK,200,Ship schedule found.
5505,26,Tanjung Uban,Telaga Punggur,Kepulauan Riau,Kendaraan,16,Golongan V - Penumpang,GOL V A,2026-08-23,06:00,2627160930380738325,0,565000,565000,IDR,OK,200,Ship schedule found.
5505,26,Tanjung Uban,Telaga Punggur,Kepulauan Riau,Kendaraan,17,Golongan V - Barang,GOL V B,2026-08-23,06:00,2627160930380738325,4,471000,471000,IDR,OK,200,Ship schedule found.
5505,26,Tanjung Uban,Telaga Punggur,Kepulauan Riau,Kendaraan,18,Golongan VI - Penumpang,GOL VI A,2026-08-23,06:00,2627160930380738325,0,821000,821000,IDR,OK,200,Ship schedule found.
5505,26,Tanjung Uban,Telaga Punggur,Kepulauan Riau,Kendaraan,19,Golongan VI - Barang,GOL VI B,2026-08-23,06:00,2627160930380738325,1,728000,728000,IDR,OK,200,Ship schedule found.
5505,26,Tanjung Uban,Telaga Punggur,Kepulauan Riau,Kendaraan,20,Golongan VII,GOL VII,2026-08-23,06:00,2627160930380738325,0,931000,931000,IDR,OK,200,Ship schedule found.
5505,26,Tanjung Uban,Telaga Punggur,Kepulauan Riau,Kendaraan,21,Golongan VIII,GOL VIII,2026-08-23,06:00,2627160930380738325,0,1371000,1371000,IDR,OK,200,Ship schedule found.
5505,26,Tanjung Uban,Telaga Punggur,Kepulauan Riau,Kendaraan,22,Golongan IX,GOL IX,2026-08-23,06:00,2627160930380738325,0,2307000,2307000,IDR,OK,200,Ship schedule found.
5505,26,Tanjung Uban,Telaga Punggur,Kepulauan Riau,Pejalan Kaki,7,Dewasa Ekonomi,DEWASA,2026-08-23,06:00,2627160930380738325,179,27000,27000,IDR,OK,200,Ship schedule found.
5505,26,Tanjung Uban,Telaga Punggur,Kepulauan Riau,Pejalan Kaki,9,Bayi Ekonomi,BAYI,2026-08-23,06:00,2627160930380738325,10,2000,2000,IDR,OK,200,Ship schedule found.
55052,55,Tarakan,Sebawang,Kalimantan Utara,Kendaraan,11,Golongan I,GOL I,2026-08-23,,,,,,IDR,NO_SCHEDULE_FOR_DATE,0,No departure slots found for date 2026-08-23 (1 total across other dates)
55052,55,Tarakan,Sebawang,Kalimantan Utara,Kendaraan,12,Golongan II ,GOL II,2026-08-23,,,,,,IDR,NO_SCHEDULE_FOR_DATE,0,No departure slots found for date 2026-08-23 (1 total across other dates)
55052,55,Tarakan,Sebawang,Kalimantan Utara,Kendaraan,13,Golongan III,GOL III,2026-08-23,,,,,,IDR,NO_SCHEDULE_FOR_DATE,0,No departure slots found for date 2026-08-23 (1 total across other dates)
55052,55,Tarakan,Sebawang,Kalimantan Utara,Kendaraan,14,Golongan IV - Penumpang,GOL IV A,2026-08-23,,,,,,IDR,NO_SCHEDULE_FOR_DATE,0,No departure slots found for date 2026-08-23 (1 total across other dates)
55052,55,Tarakan,Sebawang,Kalimantan Utara,Kendaraan,15,Golongan IV - Barang,GOL IV B,2026-08-23,,,,,,IDR,NO_SCHEDULE_FOR_DATE,0,No departure slots found for date 2026-08-23 (1 total across other dates)
55052,55,Tarakan,Sebawang,Kalimantan Utara,Kendaraan,16,Golongan V - Penumpang,GOL V A,2026-08-23,,,,,,IDR,NO_SCHEDULE_FOR_DATE,0,No departure slots found for date 2026-08-23 (1 total across other dates)
55052,55,Tarakan,Sebawang,Kalimantan Utara,Kendaraan,17,Golongan V - Barang,GOL V B,2026-08-23,,,,,,IDR,NO_SCHEDULE_FOR_DATE,0,No departure slots found for date 2026-08-23 (1 total across other dates)
55052,55,Tarakan,Sebawang,Kalimantan Utara,Kendaraan,18,Golongan VI - Penumpang,GOL VI A,2026-08-23,,,,,,IDR,NO_SCHEDULE_FOR_DATE,0,No departure slots found for date 2026-08-23 (1 total across other dates)
55052,55,Tarakan,Sebawang,Kalimantan Utara,Kendaraan,19,Golongan VI - Barang,GOL VI B,2026-08-23,,,,,,IDR,NO_SCHEDULE_FOR_DATE,0,No departure slots found for date 2026-08-23 (1 total across other dates)
55052,55,Tarakan,Sebawang,Kalimantan Utara,Kendaraan,20,Golongan VII,GOL VII,2026-08-23,,,,,,IDR,NO_SCHEDULE_FOR_DATE,0,No departure slots found for date 2026-08-23 (1 total across other dates)
55052,55,Tarakan,Sebawang,Kalimantan Utara,Kendaraan,21,Golongan VIII,GOL VIII,2026-08-23,,,,,,IDR,NO_SCHEDULE_FOR_DATE,0,No departure slots found for date 2026-08-23 (1 total across other dates)
55052,55,Tarakan,Sebawang,Kalimantan Utara,Kendaraan,22,Golongan IX,GOL IX,2026-08-23,,,,,,IDR,NO_SCHEDULE_FOR_DATE,0,No departure slots found for date 2026-08-23 (1 total across other dates)
55052,55,Tarakan,Sebawang,Kalimantan Utara,Pejalan Kaki,7,Dewasa Ekonomi,DEWASA,2026-08-23,,,,,,IDR,NO_SCHEDULE_FOR_DATE,0,No departure slots found for date 2026-08-23 (1 total across other dates)
55052,55,Tarakan,Sebawang,Kalimantan Utara,Pejalan Kaki,9,Bayi Ekonomi,BAYI,2026-08-23,,,,,,IDR,NO_SCHEDULE_FOR_DATE,0,No departure slots found for date 2026-08-23 (1 total across other dates)
55057,55,Tarakan,Nunukan,Kalimantan Utara,Kendaraan,11,Golongan I,GOL I,2026-08-23,,,,,,IDR,SCHEDULE_DATA_NOT_FOUND,0,Gateway returned no schedule data for route
55057,55,Tarakan,Nunukan,Kalimantan Utara,Kendaraan,12,Golongan II ,GOL II,2026-08-23,,,,,,IDR,SCHEDULE_DATA_NOT_FOUND,0,Gateway returned no schedule data for route
55057,55,Tarakan,Nunukan,Kalimantan Utara,Kendaraan,13,Golongan III,GOL III,2026-08-23,,,,,,IDR,SCHEDULE_DATA_NOT_FOUND,0,Gateway returned no schedule data for route
55057,55,Tarakan,Nunukan,Kalimantan Utara,Kendaraan,14,Golongan IV - Penumpang,GOL IV A,2026-08-23,,,,,,IDR,SCHEDULE_DATA_NOT_FOUND,0,Gateway returned no schedule data for route
55057,55,Tarakan,Nunukan,Kalimantan Utara,Kendaraan,15,Golongan IV - Barang,GOL IV B,2026-08-23,,,,,,IDR,SCHEDULE_DATA_NOT_FOUND,0,Gateway returned no schedule data for route
55057,55,Tarakan,Nunukan,Kalimantan Utara,Kendaraan,16,Golongan V - Penumpang,GOL V A,2026-08-23,,,,,,IDR,SCHEDULE_DATA_NOT_FOUND,0,Gateway returned no schedule data for route
55057,55,Tarakan,Nunukan,Kalimantan Utara,Kendaraan,17,Golongan V - Barang,GOL V B,2026-08-23,,,,,,IDR,SCHEDULE_DATA_NOT_FOUND,0,Gateway returned no schedule data for route
55057,55,Tarakan,Nunukan,Kalimantan Utara,Kendaraan,18,Golongan VI - Penumpang,GOL VI A,2026-08-23,,,,,,IDR,SCHEDULE_DATA_NOT_FOUND,0,Gateway returned no schedule data for route
55057,55,Tarakan,Nunukan,Kalimantan Utara,Kendaraan,19,Golongan VI - Barang,GOL VI B,2026-08-23,,,,,,IDR,SCHEDULE_DATA_NOT_FOUND,0,Gateway returned no schedule data for route
55057,55,Tarakan,Nunukan,Kalimantan Utara,Kendaraan,20,Golongan VII,GOL VII,2026-08-23,,,,,,IDR,SCHEDULE_DATA_NOT_FOUND,0,Gateway returned no schedule data for route
55057,55,Tarakan,Nunukan,Kalimantan Utara,Kendaraan,21,Golongan VIII,GOL VIII,2026-08-23,,,,,,IDR,SCHEDULE_DATA_NOT_FOUND,0,Gateway returned no schedule data for route
55057,55,Tarakan,Nunukan,Kalimantan Utara,Kendaraan,22,Golongan IX,GOL IX,2026-08-23,,,,,,IDR,SCHEDULE_DATA_NOT_FOUND,0,Gateway returned no schedule data for route
55057,55,Tarakan,Nunukan,Kalimantan Utara,Pejalan Kaki,7,Dewasa Ekonomi,DEWASA,2026-08-23,,,,,,IDR,SCHEDULE_DATA_NOT_FOUND,0,Gateway returned no schedule data for route
55057,55,Tarakan,Nunukan,Kalimantan Utara,Pejalan Kaki,9,Bayi Ekonomi,BAYI,2026-08-23,,,,,,IDR,SCHEDULE_DATA_NOT_FOUND,0,Gateway returned no schedule data for route
55059,55,Tarakan,Toli Toli,Sulawesi Tengah,Kendaraan,11,Golongan I,GOL I,2026-08-23,,,,,,IDR,SCHEDULE_DATA_NOT_FOUND,0,Gateway returned no schedule data for route
55059,55,Tarakan,Toli Toli,Sulawesi Tengah,Kendaraan,12,Golongan II ,GOL II,2026-08-23,,,,,,IDR,SCHEDULE_DATA_NOT_FOUND,0,Gateway returned no schedule data for route
55059,55,Tarakan,Toli Toli,Sulawesi Tengah,Kendaraan,13,Golongan III,GOL III,2026-08-23,,,,,,IDR,SCHEDULE_DATA_NOT_FOUND,0,Gateway returned no schedule data for route
55059,55,Tarakan,Toli Toli,Sulawesi Tengah,Kendaraan,14,Golongan IV - Penumpang,GOL IV A,2026-08-23,,,,,,IDR,SCHEDULE_DATA_NOT_FOUND,0,Gateway returned no schedule data for route
55059,55,Tarakan,Toli Toli,Sulawesi Tengah,Kendaraan,15,Golongan IV - Barang,GOL IV B,2026-08-23,,,,,,IDR,SCHEDULE_DATA_NOT_FOUND,0,Gateway returned no schedule data for route
55059,55,Tarakan,Toli Toli,Sulawesi Tengah,Kendaraan,16,Golongan V - Penumpang,GOL V A,2026-08-23,,,,,,IDR,SCHEDULE_DATA_NOT_FOUND,0,Gateway returned no schedule data for route
55059,55,Tarakan,Toli Toli,Sulawesi Tengah,Kendaraan,17,Golongan V - Barang,GOL V B,2026-08-23,,,,,,IDR,SCHEDULE_DATA_NOT_FOUND,0,Gateway returned no schedule data for route
55059,55,Tarakan,Toli Toli,Sulawesi Tengah,Kendaraan,18,Golongan VI - Penumpang,GOL VI A,2026-08-23,,,,,,IDR,SCHEDULE_DATA_NOT_FOUND,0,Gateway returned no schedule data for route
55059,55,Tarakan,Toli Toli,Sulawesi Tengah,Kendaraan,19,Golongan VI - Barang,GOL VI B,2026-08-23,,,,,,IDR,SCHEDULE_DATA_NOT_FOUND,0,Gateway returned no schedule data for route
55059,55,Tarakan,Toli Toli,Sulawesi Tengah,Kendaraan,20,Golongan VII,GOL VII,2026-08-23,,,,,,IDR,SCHEDULE_DATA_NOT_FOUND,0,Gateway returned no schedule data for route
55059,55,Tarakan,Toli Toli,Sulawesi Tengah,Kendaraan,21,Golongan VIII,GOL VIII,2026-08-23,,,,,,IDR,SCHEDULE_DATA_NOT_FOUND,0,Gateway returned no schedule data for route
55059,55,Tarakan,Toli Toli,Sulawesi Tengah,Kendaraan,22,Golongan IX,GOL IX,2026-08-23,,,,,,IDR,SCHEDULE_DATA_NOT_FOUND,0,Gateway returned no schedule data for route
55059,55,Tarakan,Toli Toli,Sulawesi Tengah,Pejalan Kaki,7,Dewasa Ekonomi,DEWASA,2026-08-23,,,,,,IDR,SCHEDULE_DATA_NOT_FOUND,0,Gateway returned no schedule data for route
55059,55,Tarakan,Toli Toli,Sulawesi Tengah,Pejalan Kaki,9,Bayi Ekonomi,BAYI,2026-08-23,,,,,,IDR,SCHEDULE_DATA_NOT_FOUND,0,Gateway returned no schedule data for route
5510,348,Ajibata,Ambarita,Sumatera Utara,Kendaraan,11,Golongan I,GOL I,2026-08-23,07:00,2627160930380753097,5,22300,22300,IDR,OK,200,Ship schedule found.
5510,348,Ajibata,Ambarita,Sumatera Utara,Kendaraan,12,Golongan II ,GOL II,2026-08-23,07:00,2627160930380753097,4,39900,39900,IDR,OK,200,Ship schedule found.
5510,348,Ajibata,Ambarita,Sumatera Utara,Kendaraan,13,Golongan III,GOL III,2026-08-23,07:00,2627160930380753097,5,79100,79100,IDR,OK,200,Ship schedule found.
5510,348,Ajibata,Ambarita,Sumatera Utara,Kendaraan,14,Golongan IV - Penumpang,GOL IV A,2026-08-23,07:00,2627160930380753097,19,232700,232700,IDR,OK,200,Ship schedule found.
5510,348,Ajibata,Ambarita,Sumatera Utara,Kendaraan,15,Golongan IV - Barang,GOL IV B,2026-08-23,07:00,2627160930380753097,2,187200,187200,IDR,OK,200,Ship schedule found.
5510,348,Ajibata,Ambarita,Sumatera Utara,Kendaraan,16,Golongan V - Penumpang,GOL V A,2026-08-23,07:00,2627160930380753097,0,422900,422900,IDR,OK,200,Ship schedule found.
5510,348,Ajibata,Ambarita,Sumatera Utara,Kendaraan,17,Golongan V - Barang,GOL V B,2026-08-23,07:00,2627160930380753097,2,332300,332300,IDR,OK,200,Ship schedule found.
5510,348,Ajibata,Ambarita,Sumatera Utara,Kendaraan,18,Golongan VI - Penumpang,GOL VI A,2026-08-23,07:00,2627160930380753097,1,684800,684800,IDR,OK,200,Ship schedule found.
5510,348,Ajibata,Ambarita,Sumatera Utara,Kendaraan,19,Golongan VI - Barang,GOL VI B,2026-08-23,07:00,2627160930380753097,0,540800,540800,IDR,OK,200,Ship schedule found.
5510,348,Ajibata,Ambarita,Sumatera Utara,Kendaraan,20,Golongan VII,GOL VII,2026-08-23,07:00,2627160930380753097,0,769900,769900,IDR,OK,200,Ship schedule found.
5510,348,Ajibata,Ambarita,Sumatera Utara,Kendaraan,21,Golongan VIII,GOL VIII,2026-08-23,07:00,2627160930380753097,0,1058200,1058200,IDR,OK,200,Ship schedule found.
5510,348,Ajibata,Ambarita,Sumatera Utara,Kendaraan,22,Golongan IX,GOL IX,2026-08-23,07:00,2627160930380753097,0,1449200,1449200,IDR,OK,200,Ship schedule found.
5510,348,Ajibata,Ambarita,Sumatera Utara,Pejalan Kaki,7,Dewasa Ekonomi,DEWASA,2026-08-23,07:00,2627160930380753097,169,16700,16700,IDR,OK,200,Ship schedule found.
5510,348,Ajibata,Ambarita,Sumatera Utara,Pejalan Kaki,9,Bayi Ekonomi,BAYI,2026-08-23,07:00,2627160930380753097,40,7000,7000,IDR,OK,200,Ship schedule found.
5511,349,Ambarita,Ajibata,Sumatera Utara,Kendaraan,11,Golongan I,GOL I,2026-08-23,07:30,2627160930380753205,0,22300,22300,IDR,OK,200,Ship schedule found.
5511,349,Ambarita,Ajibata,Sumatera Utara,Kendaraan,12,Golongan II ,GOL II,2026-08-23,07:30,2627160930380753205,5,39900,39900,IDR,OK,200,Ship schedule found.
5511,349,Ambarita,Ajibata,Sumatera Utara,Kendaraan,13,Golongan III,GOL III,2026-08-23,07:30,2627160930380753205,5,79100,79100,IDR,OK,200,Ship schedule found.
5511,349,Ambarita,Ajibata,Sumatera Utara,Kendaraan,14,Golongan IV - Penumpang,GOL IV A,2026-08-23,07:30,2627160930380753205,33,232700,232700,IDR,OK,200,Ship schedule found.
5511,349,Ambarita,Ajibata,Sumatera Utara,Kendaraan,15,Golongan IV - Barang,GOL IV B,2026-08-23,07:30,2627160930380753205,0,187200,187200,IDR,OK,200,Ship schedule found.
5511,349,Ambarita,Ajibata,Sumatera Utara,Kendaraan,16,Golongan V - Penumpang,GOL V A,2026-08-23,07:30,2627160930380753205,2,422900,422900,IDR,OK,200,Ship schedule found.
5511,349,Ambarita,Ajibata,Sumatera Utara,Kendaraan,17,Golongan V - Barang,GOL V B,2026-08-23,07:30,2627160930380753205,0,332300,332300,IDR,OK,200,Ship schedule found.
5511,349,Ambarita,Ajibata,Sumatera Utara,Kendaraan,18,Golongan VI - Penumpang,GOL VI A,2026-08-23,07:30,2627160930380753205,0,684800,684800,IDR,OK,200,Ship schedule found.
5511,349,Ambarita,Ajibata,Sumatera Utara,Kendaraan,19,Golongan VI - Barang,GOL VI B,2026-08-23,07:30,2627160930380753205,0,540800,540800,IDR,OK,200,Ship schedule found.
5511,349,Ambarita,Ajibata,Sumatera Utara,Kendaraan,20,Golongan VII,GOL VII,2026-08-23,07:30,2627160930380753205,0,769900,769900,IDR,OK,200,Ship schedule found.
5511,349,Ambarita,Ajibata,Sumatera Utara,Kendaraan,21,Golongan VIII,GOL VIII,2026-08-23,07:30,2627160930380753205,0,1058200,1058200,IDR,OK,200,Ship schedule found.
5511,349,Ambarita,Ajibata,Sumatera Utara,Kendaraan,22,Golongan IX,GOL IX,2026-08-23,07:30,2627160930380753205,0,1449200,1449200,IDR,OK,200,Ship schedule found.
5511,349,Ambarita,Ajibata,Sumatera Utara,Pejalan Kaki,7,Dewasa Ekonomi,DEWASA,2026-08-23,07:30,2627160930380753205,243,16700,16700,IDR,OK,200,Ship schedule found.
5511,349,Ambarita,Ajibata,Sumatera Utara,Pejalan Kaki,9,Bayi Ekonomi,BAYI,2026-08-23,07:30,2627160930380753205,50,7000,7000,IDR,OK,200,Ship schedule found.
5513,200,Sape,Labuan Bajo,Nusa Tenggara Timur,Kendaraan,11,Golongan I,GOL I,2026-08-23,,,,,,IDR,SCHEDULE_DATA_NOT_FOUND,0,Gateway returned no schedule data for route
5513,200,Sape,Labuan Bajo,Nusa Tenggara Timur,Kendaraan,12,Golongan II ,GOL II,2026-08-23,,,,,,IDR,SCHEDULE_DATA_NOT_FOUND,0,Gateway returned no schedule data for route
5513,200,Sape,Labuan Bajo,Nusa Tenggara Timur,Kendaraan,13,Golongan III,GOL III,2026-08-23,,,,,,IDR,SCHEDULE_DATA_NOT_FOUND,0,Gateway returned no schedule data for route
5513,200,Sape,Labuan Bajo,Nusa Tenggara Timur,Kendaraan,14,Golongan IV - Penumpang,GOL IV A,2026-08-23,,,,,,IDR,SCHEDULE_DATA_NOT_FOUND,0,Gateway returned no schedule data for route
5513,200,Sape,Labuan Bajo,Nusa Tenggara Timur,Kendaraan,15,Golongan IV - Barang,GOL IV B,2026-08-23,,,,,,IDR,SCHEDULE_DATA_NOT_FOUND,0,Gateway returned no schedule data for route
5513,200,Sape,Labuan Bajo,Nusa Tenggara Timur,Kendaraan,16,Golongan V - Penumpang,GOL V A,2026-08-23,,,,,,IDR,SCHEDULE_DATA_NOT_FOUND,0,Gateway returned no schedule data for route
5513,200,Sape,Labuan Bajo,Nusa Tenggara Timur,Kendaraan,17,Golongan V - Barang,GOL V B,2026-08-23,,,,,,IDR,SCHEDULE_DATA_NOT_FOUND,0,Gateway returned no schedule data for route
5513,200,Sape,Labuan Bajo,Nusa Tenggara Timur,Kendaraan,18,Golongan VI - Penumpang,GOL VI A,2026-08-23,,,,,,IDR,SCHEDULE_DATA_NOT_FOUND,0,Gateway returned no schedule data for route
5513,200,Sape,Labuan Bajo,Nusa Tenggara Timur,Kendaraan,19,Golongan VI - Barang,GOL VI B,2026-08-23,,,,,,IDR,SCHEDULE_DATA_NOT_FOUND,0,Gateway returned no schedule data for route
5513,200,Sape,Labuan Bajo,Nusa Tenggara Timur,Kendaraan,20,Golongan VII,GOL VII,2026-08-23,,,,,,IDR,SCHEDULE_DATA_NOT_FOUND,0,Gateway returned no schedule data for route
5513,200,Sape,Labuan Bajo,Nusa Tenggara Timur,Kendaraan,21,Golongan VIII,GOL VIII,2026-08-23,,,,,,IDR,SCHEDULE_DATA_NOT_FOUND,0,Gateway returned no schedule data for route
5513,200,Sape,Labuan Bajo,Nusa Tenggara Timur,Kendaraan,22,Golongan IX,GOL IX,2026-08-23,,,,,,IDR,SCHEDULE_DATA_NOT_FOUND,0,Gateway returned no schedule data for route
5513,200,Sape,Labuan Bajo,Nusa Tenggara Timur,Pejalan Kaki,504,Bayi Bisnis,BAYI,2026-08-23,,,,,,IDR,SCHEDULE_DATA_NOT_FOUND,0,Gateway returned no schedule data for route
5513,200,Sape,Labuan Bajo,Nusa Tenggara Timur,Pejalan Kaki,7,Dewasa Ekonomi,DEWASA,2026-08-23,,,,,,IDR,SCHEDULE_DATA_NOT_FOUND,0,Gateway returned no schedule data for route
5513,200,Sape,Labuan Bajo,Nusa Tenggara Timur,Pejalan Kaki,9,Bayi Ekonomi,BAYI,2026-08-23,,,,,,IDR,SCHEDULE_DATA_NOT_FOUND,0,Gateway returned no schedule data for route
5514,199,Labuan Bajo,Sape,Nusa Tenggara Barat,Kendaraan,11,Golongan I,GOL I,2026-08-23,,,,,,IDR,SCHEDULE_DATA_NOT_FOUND,0,Gateway returned no schedule data for route
5514,199,Labuan Bajo,Sape,Nusa Tenggara Barat,Kendaraan,12,Golongan II ,GOL II,2026-08-23,,,,,,IDR,SCHEDULE_DATA_NOT_FOUND,0,Gateway returned no schedule data for route
5514,199,Labuan Bajo,Sape,Nusa Tenggara Barat,Kendaraan,13,Golongan III,GOL III,2026-08-23,,,,,,IDR,SCHEDULE_DATA_NOT_FOUND,0,Gateway returned no schedule data for route
5514,199,Labuan Bajo,Sape,Nusa Tenggara Barat,Kendaraan,14,Golongan IV - Penumpang,GOL IV A,2026-08-23,,,,,,IDR,SCHEDULE_DATA_NOT_FOUND,0,Gateway returned no schedule data for route
5514,199,Labuan Bajo,Sape,Nusa Tenggara Barat,Kendaraan,15,Golongan IV - Barang,GOL IV B,2026-08-23,,,,,,IDR,SCHEDULE_DATA_NOT_FOUND,0,Gateway returned no schedule data for route
5514,199,Labuan Bajo,Sape,Nusa Tenggara Barat,Kendaraan,16,Golongan V - Penumpang,GOL V A,2026-08-23,,,,,,IDR,SCHEDULE_DATA_NOT_FOUND,0,Gateway returned no schedule data for route
5514,199,Labuan Bajo,Sape,Nusa Tenggara Barat,Kendaraan,17,Golongan V - Barang,GOL V B,2026-08-23,,,,,,IDR,SCHEDULE_DATA_NOT_FOUND,0,Gateway returned no schedule data for route
5514,199,Labuan Bajo,Sape,Nusa Tenggara Barat,Kendaraan,18,Golongan VI - Penumpang,GOL VI A,2026-08-23,,,,,,IDR,SCHEDULE_DATA_NOT_FOUND,0,Gateway returned no schedule data for route
5514,199,Labuan Bajo,Sape,Nusa Tenggara Barat,Kendaraan,19,Golongan VI - Barang,GOL VI B,2026-08-23,,,,,,IDR,SCHEDULE_DATA_NOT_FOUND,0,Gateway returned no schedule data for route
5514,199,Labuan Bajo,Sape,Nusa Tenggara Barat,Kendaraan,20,Golongan VII,GOL VII,2026-08-23,,,,,,IDR,SCHEDULE_DATA_NOT_FOUND,0,Gateway returned no schedule data for route
5514,199,Labuan Bajo,Sape,Nusa Tenggara Barat,Kendaraan,21,Golongan VIII,GOL VIII,2026-08-23,,,,,,IDR,SCHEDULE_DATA_NOT_FOUND,0,Gateway returned no schedule data for route
5514,199,Labuan Bajo,Sape,Nusa Tenggara Barat,Kendaraan,22,Golongan IX,GOL IX,2026-08-23,,,,,,IDR,SCHEDULE_DATA_NOT_FOUND,0,Gateway returned no schedule data for route
5514,199,Labuan Bajo,Sape,Nusa Tenggara Barat,Pejalan Kaki,7,Dewasa Ekonomi,DEWASA,2026-08-23,,,,,,IDR,SCHEDULE_DATA_NOT_FOUND,0,Gateway returned no schedule data for route
5514,199,Labuan Bajo,Sape,Nusa Tenggara Barat,Pejalan Kaki,9,Bayi Ekonomi,BAYI,2026-08-23,,,,,,IDR,SCHEDULE_DATA_NOT_FOUND,0,Gateway returned no schedule data for route
5515,26,Tanjung Uban,Matak,Kepulauan Riau,Kendaraan,11,Golongan I,GOL I,2026-08-23,,,,,,IDR,SCHEDULE_DATA_NOT_FOUND,0,Gateway returned no schedule data for route
5515,26,Tanjung Uban,Matak,Kepulauan Riau,Kendaraan,12,Golongan II ,GOL II,2026-08-23,,,,,,IDR,SCHEDULE_DATA_NOT_FOUND,0,Gateway returned no schedule data for route
5515,26,Tanjung Uban,Matak,Kepulauan Riau,Kendaraan,13,Golongan III,GOL III,2026-08-23,,,,,,IDR,SCHEDULE_DATA_NOT_FOUND,0,Gateway returned no schedule data for route
5515,26,Tanjung Uban,Matak,Kepulauan Riau,Kendaraan,14,Golongan IV - Penumpang,GOL IV A,2026-08-23,,,,,,IDR,SCHEDULE_DATA_NOT_FOUND,0,Gateway returned no schedule data for route
5515,26,Tanjung Uban,Matak,Kepulauan Riau,Kendaraan,15,Golongan IV - Barang,GOL IV B,2026-08-23,,,,,,IDR,SCHEDULE_DATA_NOT_FOUND,0,Gateway returned no schedule data for route
5515,26,Tanjung Uban,Matak,Kepulauan Riau,Kendaraan,16,Golongan V - Penumpang,GOL V A,2026-08-23,,,,,,IDR,SCHEDULE_DATA_NOT_FOUND,0,Gateway returned no schedule data for route
5515,26,Tanjung Uban,Matak,Kepulauan Riau,Kendaraan,17,Golongan V - Barang,GOL V B,2026-08-23,,,,,,IDR,SCHEDULE_DATA_NOT_FOUND,0,Gateway returned no schedule data for route
5515,26,Tanjung Uban,Matak,Kepulauan Riau,Kendaraan,18,Golongan VI - Penumpang,GOL VI A,2026-08-23,,,,,,IDR,SCHEDULE_DATA_NOT_FOUND,0,Gateway returned no schedule data for route
5515,26,Tanjung Uban,Matak,Kepulauan Riau,Kendaraan,19,Golongan VI - Barang,GOL VI B,2026-08-23,,,,,,IDR,SCHEDULE_DATA_NOT_FOUND,0,Gateway returned no schedule data for route
5515,26,Tanjung Uban,Matak,Kepulauan Riau,Kendaraan,20,Golongan VII,GOL VII,2026-08-23,,,,,,IDR,SCHEDULE_DATA_NOT_FOUND,0,Gateway returned no schedule data for route
5515,26,Tanjung Uban,Matak,Kepulauan Riau,Kendaraan,21,Golongan VIII,GOL VIII,2026-08-23,,,,,,IDR,SCHEDULE_DATA_NOT_FOUND,0,Gateway returned no schedule data for route
5515,26,Tanjung Uban,Matak,Kepulauan Riau,Kendaraan,22,Golongan IX,GOL IX,2026-08-23,,,,,,IDR,SCHEDULE_DATA_NOT_FOUND,0,Gateway returned no schedule data for route
5515,26,Tanjung Uban,Matak,Kepulauan Riau,Pejalan Kaki,7,Dewasa Ekonomi,DEWASA,2026-08-23,,,,,,IDR,SCHEDULE_DATA_NOT_FOUND,0,Gateway returned no schedule data for route
5515,26,Tanjung Uban,Matak,Kepulauan Riau,Pejalan Kaki,9,Bayi Ekonomi,BAYI,2026-08-23,,,,,,IDR,SCHEDULE_DATA_NOT_FOUND,0,Gateway returned no schedule data for route
5516,26,Tanjung Uban,Tambelan,Kepulauan Riau,Kendaraan,11,Golongan I,GOL I,2026-08-23,22:00,2627160930380754186,5,162000,162000,IDR,OK,200,Ship schedule found.
5516,26,Tanjung Uban,Tambelan,Kepulauan Riau,Kendaraan,12,Golongan II ,GOL II,2026-08-23,22:00,2627160930380754186,30,291000,291000,IDR,OK,200,Ship schedule found.
5516,26,Tanjung Uban,Tambelan,Kepulauan Riau,Kendaraan,13,Golongan III,GOL III,2026-08-23,22:00,2627160930380754186,5,620000,620000,IDR,OK,200,Ship schedule found.
5516,26,Tanjung Uban,Tambelan,Kepulauan Riau,Kendaraan,14,Golongan IV - Penumpang,GOL IV A,2026-08-23,22:00,2627160930380754186,5,2279000,2279000,IDR,OK,200,Ship schedule found.
5516,26,Tanjung Uban,Tambelan,Kepulauan Riau,Kendaraan,15,Golongan IV - Barang,GOL IV B,2026-08-23,22:00,2627160930380754186,5,2347000,2347000,IDR,OK,200,Ship schedule found.
5516,26,Tanjung Uban,Tambelan,Kepulauan Riau,Kendaraan,16,Golongan V - Penumpang,GOL V A,2026-08-23,22:00,2627160930380754186,0,4323000,4323000,IDR,OK,200,Ship schedule found.
5516,26,Tanjung Uban,Tambelan,Kepulauan Riau,Kendaraan,17,Golongan V - Barang,GOL V B,2026-08-23,22:00,2627160930380754186,10,4331000,4331000,IDR,OK,200,Ship schedule found.
5516,26,Tanjung Uban,Tambelan,Kepulauan Riau,Kendaraan,18,Golongan VI - Penumpang,GOL VI A,2026-08-23,22:00,2627160930380754186,0,7185000,7185000,IDR,OK,200,Ship schedule found.
5516,26,Tanjung Uban,Tambelan,Kepulauan Riau,Kendaraan,19,Golongan VI - Barang,GOL VI B,2026-08-23,22:00,2627160930380754186,1,7240000,7240000,IDR,OK,200,Ship schedule found.
5516,26,Tanjung Uban,Tambelan,Kepulauan Riau,Kendaraan,20,Golongan VII,GOL VII,2026-08-23,22:00,2627160930380754186,0,10518000,10518000,IDR,OK,200,Ship schedule found.
5516,26,Tanjung Uban,Tambelan,Kepulauan Riau,Kendaraan,21,Golongan VIII,GOL VIII,2026-08-23,22:00,2627160930380754186,0,14665000,14665000,IDR,OK,200,Ship schedule found.
5516,26,Tanjung Uban,Tambelan,Kepulauan Riau,Kendaraan,22,Golongan IX,GOL IX,2026-08-23,22:00,2627160930380754186,0,21152000,21152000,IDR,OK,200,Ship schedule found.
5516,26,Tanjung Uban,Tambelan,Kepulauan Riau,Pejalan Kaki,7,Dewasa Ekonomi,DEWASA,2026-08-23,22:00,2627160930380754186,200,153000,153000,IDR,OK,200,Ship schedule found.
5516,26,Tanjung Uban,Tambelan,Kepulauan Riau,Pejalan Kaki,9,Bayi Ekonomi,BAYI,2026-08-23,22:00,2627160930380754186,10,15000,15000,IDR,OK,200,Ship schedule found.
5641002,564,Jangkar,Kalianget,Jawa Timur,Kendaraan,11,Golongan I,GOL I,2026-08-23,,,,,,IDR,NO_SCHEDULE_FOR_DATE,0,No departure slots found for date 2026-08-23 (1 total across other dates)
5641002,564,Jangkar,Kalianget,Jawa Timur,Kendaraan,12,Golongan II ,GOL II,2026-08-23,,,,,,IDR,NO_SCHEDULE_FOR_DATE,0,No departure slots found for date 2026-08-23 (1 total across other dates)
5641002,564,Jangkar,Kalianget,Jawa Timur,Kendaraan,13,Golongan III,GOL III,2026-08-23,,,,,,IDR,NO_SCHEDULE_FOR_DATE,0,No departure slots found for date 2026-08-23 (1 total across other dates)
5641002,564,Jangkar,Kalianget,Jawa Timur,Kendaraan,14,Golongan IV - Penumpang,GOL IV A,2026-08-23,,,,,,IDR,NO_SCHEDULE_FOR_DATE,0,No departure slots found for date 2026-08-23 (1 total across other dates)
5641002,564,Jangkar,Kalianget,Jawa Timur,Kendaraan,15,Golongan IV - Barang,GOL IV B,2026-08-23,,,,,,IDR,NO_SCHEDULE_FOR_DATE,0,No departure slots found for date 2026-08-23 (1 total across other dates)
5641002,564,Jangkar,Kalianget,Jawa Timur,Kendaraan,16,Golongan V - Penumpang,GOL V A,2026-08-23,,,,,,IDR,NO_SCHEDULE_FOR_DATE,0,No departure slots found for date 2026-08-23 (1 total across other dates)
5641002,564,Jangkar,Kalianget,Jawa Timur,Kendaraan,17,Golongan V - Barang,GOL V B,2026-08-23,,,,,,IDR,NO_SCHEDULE_FOR_DATE,0,No departure slots found for date 2026-08-23 (1 total across other dates)
5641002,564,Jangkar,Kalianget,Jawa Timur,Kendaraan,18,Golongan VI - Penumpang,GOL VI A,2026-08-23,,,,,,IDR,NO_SCHEDULE_FOR_DATE,0,No departure slots found for date 2026-08-23 (1 total across other dates)
5641002,564,Jangkar,Kalianget,Jawa Timur,Kendaraan,19,Golongan VI - Barang,GOL VI B,2026-08-23,,,,,,IDR,NO_SCHEDULE_FOR_DATE,0,No departure slots found for date 2026-08-23 (1 total across other dates)
5641002,564,Jangkar,Kalianget,Jawa Timur,Kendaraan,20,Golongan VII,GOL VII,2026-08-23,,,,,,IDR,NO_SCHEDULE_FOR_DATE,0,No departure slots found for date 2026-08-23 (1 total across other dates)
5641002,564,Jangkar,Kalianget,Jawa Timur,Kendaraan,21,Golongan VIII,GOL VIII,2026-08-23,,,,,,IDR,NO_SCHEDULE_FOR_DATE,0,No departure slots found for date 2026-08-23 (1 total across other dates)
5641002,564,Jangkar,Kalianget,Jawa Timur,Kendaraan,22,Golongan IX,GOL IX,2026-08-23,,,,,,IDR,NO_SCHEDULE_FOR_DATE,0,No departure slots found for date 2026-08-23 (1 total across other dates)
5641002,564,Jangkar,Kalianget,Jawa Timur,Pejalan Kaki,7,Dewasa Ekonomi,DEWASA,2026-08-23,,,,,,IDR,NO_SCHEDULE_FOR_DATE,0,No departure slots found for date 2026-08-23 (1 total across other dates)
5641002,564,Jangkar,Kalianget,Jawa Timur,Pejalan Kaki,9,Bayi Ekonomi,BAYI,2026-08-23,,,,,,IDR,NO_SCHEDULE_FOR_DATE,0,No departure slots found for date 2026-08-23 (1 total across other dates)
5641003,564,Jangkar,Kangean,Jawa Timur,Kendaraan,11,Golongan I,GOL I,2026-08-23,,,,,,IDR,SCHEDULE_DATA_NOT_FOUND,0,Gateway returned no schedule data for route
5641003,564,Jangkar,Kangean,Jawa Timur,Kendaraan,12,Golongan II ,GOL II,2026-08-23,,,,,,IDR,SCHEDULE_DATA_NOT_FOUND,0,Gateway returned no schedule data for route
5641003,564,Jangkar,Kangean,Jawa Timur,Kendaraan,13,Golongan III,GOL III,2026-08-23,,,,,,IDR,SCHEDULE_DATA_NOT_FOUND,0,Gateway returned no schedule data for route
5641003,564,Jangkar,Kangean,Jawa Timur,Kendaraan,14,Golongan IV - Penumpang,GOL IV A,2026-08-23,,,,,,IDR,SCHEDULE_DATA_NOT_FOUND,0,Gateway returned no schedule data for route
5641003,564,Jangkar,Kangean,Jawa Timur,Kendaraan,15,Golongan IV - Barang,GOL IV B,2026-08-23,,,,,,IDR,SCHEDULE_DATA_NOT_FOUND,0,Gateway returned no schedule data for route
5641003,564,Jangkar,Kangean,Jawa Timur,Kendaraan,16,Golongan V - Penumpang,GOL V A,2026-08-23,,,,,,IDR,SCHEDULE_DATA_NOT_FOUND,0,Gateway returned no schedule data for route
5641003,564,Jangkar,Kangean,Jawa Timur,Kendaraan,17,Golongan V - Barang,GOL V B,2026-08-23,,,,,,IDR,SCHEDULE_DATA_NOT_FOUND,0,Gateway returned no schedule data for route
5641003,564,Jangkar,Kangean,Jawa Timur,Kendaraan,18,Golongan VI - Penumpang,GOL VI A,2026-08-23,,,,,,IDR,SCHEDULE_DATA_NOT_FOUND,0,Gateway returned no schedule data for route
5641003,564,Jangkar,Kangean,Jawa Timur,Kendaraan,19,Golongan VI - Barang,GOL VI B,2026-08-23,,,,,,IDR,SCHEDULE_DATA_NOT_FOUND,0,Gateway returned no schedule data for route
5641003,564,Jangkar,Kangean,Jawa Timur,Kendaraan,20,Golongan VII,GOL VII,2026-08-23,,,,,,IDR,SCHEDULE_DATA_NOT_FOUND,0,Gateway returned no schedule data for route
5641003,564,Jangkar,Kangean,Jawa Timur,Kendaraan,21,Golongan VIII,GOL VIII,2026-08-23,,,,,,IDR,SCHEDULE_DATA_NOT_FOUND,0,Gateway returned no schedule data for route
5641003,564,Jangkar,Kangean,Jawa Timur,Kendaraan,22,Golongan IX,GOL IX,2026-08-23,,,,,,IDR,SCHEDULE_DATA_NOT_FOUND,0,Gateway returned no schedule data for route
5641003,564,Jangkar,Kangean,Jawa Timur,Pejalan Kaki,5,Dewasa Bisnis I,DEWASA,2026-08-23,,,,,,IDR,SCHEDULE_DATA_NOT_FOUND,0,Gateway returned no schedule data for route
5641003,564,Jangkar,Kangean,Jawa Timur,Pejalan Kaki,504,Bayi Bisnis,BAYI,2026-08-23,,,,,,IDR,SCHEDULE_DATA_NOT_FOUND,0,Gateway returned no schedule data for route
5641003,564,Jangkar,Kangean,Jawa Timur,Pejalan Kaki,7,Dewasa Ekonomi,DEWASA,2026-08-23,,,,,,IDR,SCHEDULE_DATA_NOT_FOUND,0,Gateway returned no schedule data for route
5641003,564,Jangkar,Kangean,Jawa Timur,Pejalan Kaki,9,Bayi Ekonomi,BAYI,2026-08-23,,,,,,IDR,SCHEDULE_DATA_NOT_FOUND,0,Gateway returned no schedule data for route
5641004,564,Jangkar,Sapudi,Jawa Timur,Kendaraan,11,Golongan I,GOL I,2026-08-23,,,,,,IDR,NO_SCHEDULE_FOR_DATE,0,No departure slots found for date 2026-08-23 (1 total across other dates)
5641004,564,Jangkar,Sapudi,Jawa Timur,Kendaraan,12,Golongan II ,GOL II,2026-08-23,,,,,,IDR,NO_SCHEDULE_FOR_DATE,0,No departure slots found for date 2026-08-23 (1 total across other dates)
5641004,564,Jangkar,Sapudi,Jawa Timur,Kendaraan,13,Golongan III,GOL III,2026-08-23,,,,,,IDR,NO_SCHEDULE_FOR_DATE,0,No departure slots found for date 2026-08-23 (1 total across other dates)
5641004,564,Jangkar,Sapudi,Jawa Timur,Kendaraan,14,Golongan IV - Penumpang,GOL IV A,2026-08-23,,,,,,IDR,NO_SCHEDULE_FOR_DATE,0,No departure slots found for date 2026-08-23 (1 total across other dates)
5641004,564,Jangkar,Sapudi,Jawa Timur,Kendaraan,15,Golongan IV - Barang,GOL IV B,2026-08-23,,,,,,IDR,NO_SCHEDULE_FOR_DATE,0,No departure slots found for date 2026-08-23 (1 total across other dates)
5641004,564,Jangkar,Sapudi,Jawa Timur,Kendaraan,16,Golongan V - Penumpang,GOL V A,2026-08-23,,,,,,IDR,NO_SCHEDULE_FOR_DATE,0,No departure slots found for date 2026-08-23 (1 total across other dates)
5641004,564,Jangkar,Sapudi,Jawa Timur,Kendaraan,17,Golongan V - Barang,GOL V B,2026-08-23,,,,,,IDR,NO_SCHEDULE_FOR_DATE,0,No departure slots found for date 2026-08-23 (1 total across other dates)
5641004,564,Jangkar,Sapudi,Jawa Timur,Kendaraan,18,Golongan VI - Penumpang,GOL VI A,2026-08-23,,,,,,IDR,NO_SCHEDULE_FOR_DATE,0,No departure slots found for date 2026-08-23 (1 total across other dates)
5641004,564,Jangkar,Sapudi,Jawa Timur,Kendaraan,19,Golongan VI - Barang,GOL VI B,2026-08-23,,,,,,IDR,NO_SCHEDULE_FOR_DATE,0,No departure slots found for date 2026-08-23 (1 total across other dates)
5641004,564,Jangkar,Sapudi,Jawa Timur,Kendaraan,20,Golongan VII,GOL VII,2026-08-23,,,,,,IDR,NO_SCHEDULE_FOR_DATE,0,No departure slots found for date 2026-08-23 (1 total across other dates)
5641004,564,Jangkar,Sapudi,Jawa Timur,Kendaraan,21,Golongan VIII,GOL VIII,2026-08-23,,,,,,IDR,NO_SCHEDULE_FOR_DATE,0,No departure slots found for date 2026-08-23 (1 total across other dates)
5641004,564,Jangkar,Sapudi,Jawa Timur,Kendaraan,22,Golongan IX,GOL IX,2026-08-23,,,,,,IDR,NO_SCHEDULE_FOR_DATE,0,No departure slots found for date 2026-08-23 (1 total across other dates)
5641004,564,Jangkar,Sapudi,Jawa Timur,Pejalan Kaki,7,Dewasa Ekonomi,DEWASA,2026-08-23,,,,,,IDR,NO_SCHEDULE_FOR_DATE,0,No departure slots found for date 2026-08-23 (1 total across other dates)
5641004,564,Jangkar,Sapudi,Jawa Timur,Pejalan Kaki,9,Bayi Ekonomi,BAYI,2026-08-23,,,,,,IDR,NO_SCHEDULE_FOR_DATE,0,No departure slots found for date 2026-08-23 (1 total across other dates)
5641005,564,Jangkar,Raas,Jawa Timur,Kendaraan,11,Golongan I,GOL I,2026-08-23,,,,,,IDR,SCHEDULE_DATA_NOT_FOUND,0,Gateway returned no schedule data for route
5641005,564,Jangkar,Raas,Jawa Timur,Kendaraan,12,Golongan II ,GOL II,2026-08-23,,,,,,IDR,SCHEDULE_DATA_NOT_FOUND,0,Gateway returned no schedule data for route
5641005,564,Jangkar,Raas,Jawa Timur,Kendaraan,13,Golongan III,GOL III,2026-08-23,,,,,,IDR,SCHEDULE_DATA_NOT_FOUND,0,Gateway returned no schedule data for route
5641005,564,Jangkar,Raas,Jawa Timur,Kendaraan,14,Golongan IV - Penumpang,GOL IV A,2026-08-23,,,,,,IDR,SCHEDULE_DATA_NOT_FOUND,0,Gateway returned no schedule data for route
5641005,564,Jangkar,Raas,Jawa Timur,Kendaraan,15,Golongan IV - Barang,GOL IV B,2026-08-23,,,,,,IDR,SCHEDULE_DATA_NOT_FOUND,0,Gateway returned no schedule data for route
5641005,564,Jangkar,Raas,Jawa Timur,Kendaraan,16,Golongan V - Penumpang,GOL V A,2026-08-23,,,,,,IDR,SCHEDULE_DATA_NOT_FOUND,0,Gateway returned no schedule data for route
5641005,564,Jangkar,Raas,Jawa Timur,Kendaraan,17,Golongan V - Barang,GOL V B,2026-08-23,,,,,,IDR,SCHEDULE_DATA_NOT_FOUND,0,Gateway returned no schedule data for route
5641005,564,Jangkar,Raas,Jawa Timur,Kendaraan,18,Golongan VI - Penumpang,GOL VI A,2026-08-23,,,,,,IDR,SCHEDULE_DATA_NOT_FOUND,0,Gateway returned no schedule data for route
5641005,564,Jangkar,Raas,Jawa Timur,Kendaraan,19,Golongan VI - Barang,GOL VI B,2026-08-23,,,,,,IDR,SCHEDULE_DATA_NOT_FOUND,0,Gateway returned no schedule data for route
5641005,564,Jangkar,Raas,Jawa Timur,Kendaraan,20,Golongan VII,GOL VII,2026-08-23,,,,,,IDR,SCHEDULE_DATA_NOT_FOUND,0,Gateway returned no schedule data for route
5641005,564,Jangkar,Raas,Jawa Timur,Kendaraan,21,Golongan VIII,GOL VIII,2026-08-23,,,,,,IDR,SCHEDULE_DATA_NOT_FOUND,0,Gateway returned no schedule data for route
5641005,564,Jangkar,Raas,Jawa Timur,Kendaraan,22,Golongan IX,GOL IX,2026-08-23,,,,,,IDR,SCHEDULE_DATA_NOT_FOUND,0,Gateway returned no schedule data for route
5641005,564,Jangkar,Raas,Jawa Timur,Pejalan Kaki,7,Dewasa Ekonomi,DEWASA,2026-08-23,,,,,,IDR,SCHEDULE_DATA_NOT_FOUND,0,Gateway returned no schedule data for route
5641005,564,Jangkar,Raas,Jawa Timur,Pejalan Kaki,9,Bayi Ekonomi,BAYI,2026-08-23,,,,,,IDR,SCHEDULE_DATA_NOT_FOUND,0,Gateway returned no schedule data for route
564565,564,Jangkar,Lembar,Nusa Tenggara Barat,Kendaraan,11,Golongan I,GOL I,2026-08-23,,,,,,IDR,NO_SCHEDULE_FOR_DATE,0,No departure slots found for date 2026-08-23 (1 total across other dates)
564565,564,Jangkar,Lembar,Nusa Tenggara Barat,Kendaraan,12,Golongan II ,GOL II,2026-08-23,,,,,,IDR,NO_SCHEDULE_FOR_DATE,0,No departure slots found for date 2026-08-23 (1 total across other dates)
564565,564,Jangkar,Lembar,Nusa Tenggara Barat,Kendaraan,13,Golongan III,GOL III,2026-08-23,,,,,,IDR,NO_SCHEDULE_FOR_DATE,0,No departure slots found for date 2026-08-23 (1 total across other dates)
564565,564,Jangkar,Lembar,Nusa Tenggara Barat,Kendaraan,14,Golongan IV - Penumpang,GOL IV A,2026-08-23,,,,,,IDR,NO_SCHEDULE_FOR_DATE,0,No departure slots found for date 2026-08-23 (1 total across other dates)
564565,564,Jangkar,Lembar,Nusa Tenggara Barat,Kendaraan,15,Golongan IV - Barang,GOL IV B,2026-08-23,,,,,,IDR,NO_SCHEDULE_FOR_DATE,0,No departure slots found for date 2026-08-23 (1 total across other dates)
564565,564,Jangkar,Lembar,Nusa Tenggara Barat,Kendaraan,16,Golongan V - Penumpang,GOL V A,2026-08-23,,,,,,IDR,NO_SCHEDULE_FOR_DATE,0,No departure slots found for date 2026-08-23 (1 total across other dates)
564565,564,Jangkar,Lembar,Nusa Tenggara Barat,Kendaraan,17,Golongan V - Barang,GOL V B,2026-08-23,,,,,,IDR,NO_SCHEDULE_FOR_DATE,0,No departure slots found for date 2026-08-23 (1 total across other dates)
564565,564,Jangkar,Lembar,Nusa Tenggara Barat,Kendaraan,18,Golongan VI - Penumpang,GOL VI A,2026-08-23,,,,,,IDR,NO_SCHEDULE_FOR_DATE,0,No departure slots found for date 2026-08-23 (1 total across other dates)
564565,564,Jangkar,Lembar,Nusa Tenggara Barat,Kendaraan,19,Golongan VI - Barang,GOL VI B,2026-08-23,,,,,,IDR,NO_SCHEDULE_FOR_DATE,0,No departure slots found for date 2026-08-23 (1 total across other dates)
564565,564,Jangkar,Lembar,Nusa Tenggara Barat,Kendaraan,20,Golongan VII,GOL VII,2026-08-23,,,,,,IDR,NO_SCHEDULE_FOR_DATE,0,No departure slots found for date 2026-08-23 (1 total across other dates)
564565,564,Jangkar,Lembar,Nusa Tenggara Barat,Kendaraan,21,Golongan VIII,GOL VIII,2026-08-23,,,,,,IDR,NO_SCHEDULE_FOR_DATE,0,No departure slots found for date 2026-08-23 (1 total across other dates)
564565,564,Jangkar,Lembar,Nusa Tenggara Barat,Kendaraan,22,Golongan IX,GOL IX,2026-08-23,,,,,,IDR,NO_SCHEDULE_FOR_DATE,0,No departure slots found for date 2026-08-23 (1 total across other dates)
564565,564,Jangkar,Lembar,Nusa Tenggara Barat,Pejalan Kaki,7,Dewasa Ekonomi,DEWASA,2026-08-23,,,,,,IDR,NO_SCHEDULE_FOR_DATE,0,No departure slots found for date 2026-08-23 (1 total across other dates)
564565,564,Jangkar,Lembar,Nusa Tenggara Barat,Pejalan Kaki,9,Bayi Ekonomi,BAYI,2026-08-23,,,,,,IDR,NO_SCHEDULE_FOR_DATE,0,No departure slots found for date 2026-08-23 (1 total across other dates)
569570,569,Tanjung Api Api,Tanjung Kalian,Bangka Belitung,Kendaraan,11,Golongan I,GOL I,2026-08-23,07:00,2627160930380748626,15,74500,74500,IDR,OK,200,Ship schedule found.
569570,569,Tanjung Api Api,Tanjung Kalian,Bangka Belitung,Kendaraan,12,Golongan II ,GOL II,2026-08-23,07:00,2627160930380748626,12,138000,138000,IDR,OK,200,Ship schedule found.
569570,569,Tanjung Api Api,Tanjung Kalian,Bangka Belitung,Kendaraan,13,Golongan III,GOL III,2026-08-23,07:00,2627160930380748626,15,231600,231600,IDR,OK,200,Ship schedule found.
569570,569,Tanjung Api Api,Tanjung Kalian,Bangka Belitung,Kendaraan,14,Golongan IV - Penumpang,GOL IV A,2026-08-23,07:00,2627160930380748626,15,1051200,1051200,IDR,OK,200,Ship schedule found.
569570,569,Tanjung Api Api,Tanjung Kalian,Bangka Belitung,Kendaraan,15,Golongan IV - Barang,GOL IV B,2026-08-23,07:00,2627160930380748626,12,912221,912221,IDR,OK,200,Ship schedule found.
569570,569,Tanjung Api Api,Tanjung Kalian,Bangka Belitung,Kendaraan,16,Golongan V - Penumpang,GOL V A,2026-08-23,07:00,2627160930380748626,2,1864200,1864200,IDR,OK,200,Ship schedule found.
569570,569,Tanjung Api Api,Tanjung Kalian,Bangka Belitung,Kendaraan,17,Golongan V - Barang,GOL V B,2026-08-23,07:00,2627160930380748626,12,1700200,1700200,IDR,OK,200,Ship schedule found.
569570,569,Tanjung Api Api,Tanjung Kalian,Bangka Belitung,Kendaraan,18,Golongan VI - Penumpang,GOL VI A,2026-08-23,07:00,2627160930380748626,2,3045500,3045500,IDR,OK,200,Ship schedule found.
569570,569,Tanjung Api Api,Tanjung Kalian,Bangka Belitung,Kendaraan,19,Golongan VI - Barang,GOL VI B,2026-08-23,07:00,2627160930380748626,2,2599200,2599200,IDR,OK,200,Ship schedule found.
569570,569,Tanjung Api Api,Tanjung Kalian,Bangka Belitung,Kendaraan,20,Golongan VII,GOL VII,2026-08-23,07:00,2627160930380748626,2,3093500,3093500,IDR,OK,200,Ship schedule found.
569570,569,Tanjung Api Api,Tanjung Kalian,Bangka Belitung,Kendaraan,21,Golongan VIII,GOL VIII,2026-08-23,07:00,2627160930380748626,2,4454800,4454800,IDR,OK,200,Ship schedule found.
569570,569,Tanjung Api Api,Tanjung Kalian,Bangka Belitung,Kendaraan,22,Golongan IX,GOL IX,2026-08-23,07:00,2627160930380748626,0,6125000,6125000,IDR,OK,200,Ship schedule found.
569570,569,Tanjung Api Api,Tanjung Kalian,Bangka Belitung,Pejalan Kaki,7,Dewasa Ekonomi,DEWASA,2026-08-23,07:00,2627160930380748626,171,58100,58100,IDR,OK,200,Ship schedule found.
569570,569,Tanjung Api Api,Tanjung Kalian,Bangka Belitung,Pejalan Kaki,9,Bayi Ekonomi,BAYI,2026-08-23,07:00,2627160930380748626,15,7400,7400,IDR,OK,200,Ship schedule found.
58,106,Bastiong,Babang,Maluku Utara,Kendaraan,11,Golongan I,GOL I,2026-08-23,,,,,,IDR,SCHEDULE_DATA_NOT_FOUND,0,Gateway returned no schedule data for route
58,106,Bastiong,Babang,Maluku Utara,Kendaraan,12,Golongan II ,GOL II,2026-08-23,,,,,,IDR,SCHEDULE_DATA_NOT_FOUND,0,Gateway returned no schedule data for route
58,106,Bastiong,Babang,Maluku Utara,Kendaraan,13,Golongan III,GOL III,2026-08-23,,,,,,IDR,SCHEDULE_DATA_NOT_FOUND,0,Gateway returned no schedule data for route
58,106,Bastiong,Babang,Maluku Utara,Kendaraan,14,Golongan IV - Penumpang,GOL IV A,2026-08-23,,,,,,IDR,SCHEDULE_DATA_NOT_FOUND,0,Gateway returned no schedule data for route
58,106,Bastiong,Babang,Maluku Utara,Kendaraan,15,Golongan IV - Barang,GOL IV B,2026-08-23,,,,,,IDR,SCHEDULE_DATA_NOT_FOUND,0,Gateway returned no schedule data for route
58,106,Bastiong,Babang,Maluku Utara,Kendaraan,16,Golongan V - Penumpang,GOL V A,2026-08-23,,,,,,IDR,SCHEDULE_DATA_NOT_FOUND,0,Gateway returned no schedule data for route
58,106,Bastiong,Babang,Maluku Utara,Kendaraan,17,Golongan V - Barang,GOL V B,2026-08-23,,,,,,IDR,SCHEDULE_DATA_NOT_FOUND,0,Gateway returned no schedule data for route
58,106,Bastiong,Babang,Maluku Utara,Kendaraan,18,Golongan VI - Penumpang,GOL VI A,2026-08-23,,,,,,IDR,SCHEDULE_DATA_NOT_FOUND,0,Gateway returned no schedule data for route
58,106,Bastiong,Babang,Maluku Utara,Kendaraan,19,Golongan VI - Barang,GOL VI B,2026-08-23,,,,,,IDR,SCHEDULE_DATA_NOT_FOUND,0,Gateway returned no schedule data for route
58,106,Bastiong,Babang,Maluku Utara,Kendaraan,20,Golongan VII,GOL VII,2026-08-23,,,,,,IDR,SCHEDULE_DATA_NOT_FOUND,0,Gateway returned no schedule data for route
58,106,Bastiong,Babang,Maluku Utara,Kendaraan,21,Golongan VIII,GOL VIII,2026-08-23,,,,,,IDR,SCHEDULE_DATA_NOT_FOUND,0,Gateway returned no schedule data for route
58,106,Bastiong,Babang,Maluku Utara,Kendaraan,22,Golongan IX,GOL IX,2026-08-23,,,,,,IDR,SCHEDULE_DATA_NOT_FOUND,0,Gateway returned no schedule data for route
58,106,Bastiong,Babang,Maluku Utara,Pejalan Kaki,7,Dewasa Ekonomi,DEWASA,2026-08-23,,,,,,IDR,SCHEDULE_DATA_NOT_FOUND,0,Gateway returned no schedule data for route
58,106,Bastiong,Babang,Maluku Utara,Pejalan Kaki,9,Bayi Ekonomi,BAYI,2026-08-23,,,,,,IDR,SCHEDULE_DATA_NOT_FOUND,0,Gateway returned no schedule data for route
83313,83,Batulicin,Garongkong,Sulawesi Selatan,Kendaraan,11,Golongan I,GOL I,2026-08-23,,,,,,IDR,SCHEDULE_DATA_NOT_FOUND,0,Gateway returned no schedule data for route
83313,83,Batulicin,Garongkong,Sulawesi Selatan,Kendaraan,12,Golongan II ,GOL II,2026-08-23,,,,,,IDR,SCHEDULE_DATA_NOT_FOUND,0,Gateway returned no schedule data for route
83313,83,Batulicin,Garongkong,Sulawesi Selatan,Kendaraan,13,Golongan III,GOL III,2026-08-23,,,,,,IDR,SCHEDULE_DATA_NOT_FOUND,0,Gateway returned no schedule data for route
83313,83,Batulicin,Garongkong,Sulawesi Selatan,Kendaraan,14,Golongan IV - Penumpang,GOL IV A,2026-08-23,,,,,,IDR,SCHEDULE_DATA_NOT_FOUND,0,Gateway returned no schedule data for route
83313,83,Batulicin,Garongkong,Sulawesi Selatan,Kendaraan,15,Golongan IV - Barang,GOL IV B,2026-08-23,,,,,,IDR,SCHEDULE_DATA_NOT_FOUND,0,Gateway returned no schedule data for route
83313,83,Batulicin,Garongkong,Sulawesi Selatan,Kendaraan,16,Golongan V - Penumpang,GOL V A,2026-08-23,,,,,,IDR,SCHEDULE_DATA_NOT_FOUND,0,Gateway returned no schedule data for route
83313,83,Batulicin,Garongkong,Sulawesi Selatan,Kendaraan,17,Golongan V - Barang,GOL V B,2026-08-23,,,,,,IDR,SCHEDULE_DATA_NOT_FOUND,0,Gateway returned no schedule data for route
83313,83,Batulicin,Garongkong,Sulawesi Selatan,Kendaraan,18,Golongan VI - Penumpang,GOL VI A,2026-08-23,,,,,,IDR,SCHEDULE_DATA_NOT_FOUND,0,Gateway returned no schedule data for route
83313,83,Batulicin,Garongkong,Sulawesi Selatan,Kendaraan,19,Golongan VI - Barang,GOL VI B,2026-08-23,,,,,,IDR,SCHEDULE_DATA_NOT_FOUND,0,Gateway returned no schedule data for route
83313,83,Batulicin,Garongkong,Sulawesi Selatan,Kendaraan,20,Golongan VII,GOL VII,2026-08-23,,,,,,IDR,SCHEDULE_DATA_NOT_FOUND,0,Gateway returned no schedule data for route
83313,83,Batulicin,Garongkong,Sulawesi Selatan,Kendaraan,21,Golongan VIII,GOL VIII,2026-08-23,,,,,,IDR,SCHEDULE_DATA_NOT_FOUND,0,Gateway returned no schedule data for route
83313,83,Batulicin,Garongkong,Sulawesi Selatan,Kendaraan,22,Golongan IX,GOL IX,2026-08-23,,,,,,IDR,SCHEDULE_DATA_NOT_FOUND,0,Gateway returned no schedule data for route
83313,83,Batulicin,Garongkong,Sulawesi Selatan,Pejalan Kaki,7,Dewasa Ekonomi,DEWASA,2026-08-23,,,,,,IDR,SCHEDULE_DATA_NOT_FOUND,0,Gateway returned no schedule data for route
83313,83,Batulicin,Garongkong,Sulawesi Selatan,Pejalan Kaki,9,Bayi Ekonomi,BAYI,2026-08-23,,,,,,IDR,SCHEDULE_DATA_NOT_FOUND,0,Gateway returned no schedule data for route
8384,83,Batulicin,Tanjung Serdang,Kalimantan Selatan,Kendaraan,11,Golongan I,GOL I,2026-08-23,00:00,2627160930380749548,0,15600,15600,IDR,OK,200,Ship schedule found.
8384,83,Batulicin,Tanjung Serdang,Kalimantan Selatan,Kendaraan,12,Golongan II ,GOL II,2026-08-23,00:00,2627160930380749548,0,31000,31000,IDR,OK,200,Ship schedule found.
8384,83,Batulicin,Tanjung Serdang,Kalimantan Selatan,Kendaraan,13,Golongan III,GOL III,2026-08-23,00:00,2627160930380749548,0,88000,88000,IDR,OK,200,Ship schedule found.
8384,83,Batulicin,Tanjung Serdang,Kalimantan Selatan,Kendaraan,14,Golongan IV - Penumpang,GOL IV A,2026-08-23,00:00,2627160930380749548,0,205000,205000,IDR,OK,200,Ship schedule found.
8384,83,Batulicin,Tanjung Serdang,Kalimantan Selatan,Kendaraan,15,Golongan IV - Barang,GOL IV B,2026-08-23,00:00,2627160930380749548,0,187000,187000,IDR,OK,200,Ship schedule found.
8384,83,Batulicin,Tanjung Serdang,Kalimantan Selatan,Kendaraan,16,Golongan V - Penumpang,GOL V A,2026-08-23,00:00,2627160930380749548,0,345000,345000,IDR,OK,200,Ship schedule found.
8384,83,Batulicin,Tanjung Serdang,Kalimantan Selatan,Kendaraan,17,Golongan V - Barang,GOL V B,2026-08-23,00:00,2627160930380749548,0,315000,315000,IDR,OK,200,Ship schedule found.
8384,83,Batulicin,Tanjung Serdang,Kalimantan Selatan,Kendaraan,18,Golongan VI - Penumpang,GOL VI A,2026-08-23,00:00,2627160930380749548,0,560000,560000,IDR,OK,200,Ship schedule found.
8384,83,Batulicin,Tanjung Serdang,Kalimantan Selatan,Kendaraan,19,Golongan VI - Barang,GOL VI B,2026-08-23,00:00,2627160930380749548,0,555000,555000,IDR,OK,200,Ship schedule found.
8384,83,Batulicin,Tanjung Serdang,Kalimantan Selatan,Kendaraan,20,Golongan VII,GOL VII,2026-08-23,00:00,2627160930380749548,0,705000,705000,IDR,OK,200,Ship schedule found.
8384,83,Batulicin,Tanjung Serdang,Kalimantan Selatan,Kendaraan,21,Golongan VIII,GOL VIII,2026-08-23,00:00,2627160930380749548,0,1090000,1090000,IDR,OK,200,Ship schedule found.
8384,83,Batulicin,Tanjung Serdang,Kalimantan Selatan,Kendaraan,22,Golongan IX,GOL IX,2026-08-23,00:00,2627160930380749548,0,3075000,3075000,IDR,OK,200,Ship schedule found.
8384,83,Batulicin,Tanjung Serdang,Kalimantan Selatan,Pejalan Kaki,7,Dewasa Ekonomi,DEWASA,2026-08-23,00:00,2627160930380749548,0,11000,11000,IDR,OK,200,Ship schedule found.
8384,83,Batulicin,Tanjung Serdang,Kalimantan Selatan,Pejalan Kaki,9,Bayi Ekonomi,BAYI,2026-08-23,00:00,2627160930380749548,0,1500,1500,IDR,OK,200,Ship schedule found.
8483,84,Tanjung Serdang,Batulicin,Kalimantan Selatan,Kendaraan,11,Golongan I,GOL I,2026-08-23,00:00,2627160930380750292,0,15600,15600,IDR,OK,200,Ship schedule found.
8483,84,Tanjung Serdang,Batulicin,Kalimantan Selatan,Kendaraan,12,Golongan II ,GOL II,2026-08-23,00:00,2627160930380750292,0,31000,31000,IDR,OK,200,Ship schedule found.
8483,84,Tanjung Serdang,Batulicin,Kalimantan Selatan,Kendaraan,13,Golongan III,GOL III,2026-08-23,00:00,2627160930380750292,0,88000,88000,IDR,OK,200,Ship schedule found.
8483,84,Tanjung Serdang,Batulicin,Kalimantan Selatan,Kendaraan,14,Golongan IV - Penumpang,GOL IV A,2026-08-23,00:00,2627160930380750292,0,205000,205000,IDR,OK,200,Ship schedule found.
8483,84,Tanjung Serdang,Batulicin,Kalimantan Selatan,Kendaraan,15,Golongan IV - Barang,GOL IV B,2026-08-23,00:00,2627160930380750292,0,187000,187000,IDR,OK,200,Ship schedule found.
8483,84,Tanjung Serdang,Batulicin,Kalimantan Selatan,Kendaraan,16,Golongan V - Penumpang,GOL V A,2026-08-23,00:00,2627160930380750292,0,345000,345000,IDR,OK,200,Ship schedule found.
8483,84,Tanjung Serdang,Batulicin,Kalimantan Selatan,Kendaraan,17,Golongan V - Barang,GOL V B,2026-08-23,00:00,2627160930380750292,0,315000,315000,IDR,OK,200,Ship schedule found.
8483,84,Tanjung Serdang,Batulicin,Kalimantan Selatan,Kendaraan,18,Golongan VI - Penumpang,GOL VI A,2026-08-23,00:00,2627160930380750292,0,560000,560000,IDR,OK,200,Ship schedule found.
8483,84,Tanjung Serdang,Batulicin,Kalimantan Selatan,Kendaraan,19,Golongan VI - Barang,GOL VI B,2026-08-23,00:00,2627160930380750292,0,555000,555000,IDR,OK,200,Ship schedule found.
8483,84,Tanjung Serdang,Batulicin,Kalimantan Selatan,Kendaraan,20,Golongan VII,GOL VII,2026-08-23,00:00,2627160930380750292,0,705000,705000,IDR,OK,200,Ship schedule found.
8483,84,Tanjung Serdang,Batulicin,Kalimantan Selatan,Kendaraan,21,Golongan VIII,GOL VIII,2026-08-23,00:00,2627160930380750292,0,1090000,1090000,IDR,OK,200,Ship schedule found.
8483,84,Tanjung Serdang,Batulicin,Kalimantan Selatan,Kendaraan,22,Golongan IX,GOL IX,2026-08-23,00:00,2627160930380750292,0,3075000,3075000,IDR,OK,200,Ship schedule found.
8483,84,Tanjung Serdang,Batulicin,Kalimantan Selatan,Pejalan Kaki,7,Dewasa Ekonomi,DEWASA,2026-08-23,00:00,2627160930380750292,0,11000,11000,IDR,OK,200,Ship schedule found.
8483,84,Tanjung Serdang,Batulicin,Kalimantan Selatan,Pejalan Kaki,9,Bayi Ekonomi,BAYI,2026-08-23,00:00,2627160930380750292,0,1500,1500,IDR,OK,200,Ship schedule found.
91,105,Bitung,Melonguane,Sulawesi Utara,Kendaraan,11,Golongan I,GOL I,2026-08-23,,,,,,IDR,SCHEDULE_DATA_NOT_FOUND,0,Gateway returned no schedule data for route
91,105,Bitung,Melonguane,Sulawesi Utara,Kendaraan,12,Golongan II ,GOL II,2026-08-23,,,,,,IDR,SCHEDULE_DATA_NOT_FOUND,0,Gateway returned no schedule data for route
91,105,Bitung,Melonguane,Sulawesi Utara,Kendaraan,13,Golongan III,GOL III,2026-08-23,,,,,,IDR,SCHEDULE_DATA_NOT_FOUND,0,Gateway returned no schedule data for route
91,105,Bitung,Melonguane,Sulawesi Utara,Kendaraan,14,Golongan IV - Penumpang,GOL IV A,2026-08-23,,,,,,IDR,SCHEDULE_DATA_NOT_FOUND,0,Gateway returned no schedule data for route
91,105,Bitung,Melonguane,Sulawesi Utara,Kendaraan,15,Golongan IV - Barang,GOL IV B,2026-08-23,,,,,,IDR,SCHEDULE_DATA_NOT_FOUND,0,Gateway returned no schedule data for route
91,105,Bitung,Melonguane,Sulawesi Utara,Kendaraan,16,Golongan V - Penumpang,GOL V A,2026-08-23,,,,,,IDR,SCHEDULE_DATA_NOT_FOUND,0,Gateway returned no schedule data for route
91,105,Bitung,Melonguane,Sulawesi Utara,Kendaraan,17,Golongan V - Barang,GOL V B,2026-08-23,,,,,,IDR,SCHEDULE_DATA_NOT_FOUND,0,Gateway returned no schedule data for route
91,105,Bitung,Melonguane,Sulawesi Utara,Kendaraan,18,Golongan VI - Penumpang,GOL VI A,2026-08-23,,,,,,IDR,SCHEDULE_DATA_NOT_FOUND,0,Gateway returned no schedule data for route
91,105,Bitung,Melonguane,Sulawesi Utara,Kendaraan,19,Golongan VI - Barang,GOL VI B,2026-08-23,,,,,,IDR,SCHEDULE_DATA_NOT_FOUND,0,Gateway returned no schedule data for route
91,105,Bitung,Melonguane,Sulawesi Utara,Kendaraan,20,Golongan VII,GOL VII,2026-08-23,,,,,,IDR,SCHEDULE_DATA_NOT_FOUND,0,Gateway returned no schedule data for route
91,105,Bitung,Melonguane,Sulawesi Utara,Kendaraan,21,Golongan VIII,GOL VIII,2026-08-23,,,,,,IDR,SCHEDULE_DATA_NOT_FOUND,0,Gateway returned no schedule data for route
91,105,Bitung,Melonguane,Sulawesi Utara,Kendaraan,22,Golongan IX,GOL IX,2026-08-23,,,,,,IDR,SCHEDULE_DATA_NOT_FOUND,0,Gateway returned no schedule data for route
91,105,Bitung,Melonguane,Sulawesi Utara,Pejalan Kaki,7,Dewasa Ekonomi,DEWASA,2026-08-23,,,,,,IDR,SCHEDULE_DATA_NOT_FOUND,0,Gateway returned no schedule data for route
91,105,Bitung,Melonguane,Sulawesi Utara,Pejalan Kaki,9,Bayi Ekonomi,BAYI,2026-08-23,,,,,,IDR,SCHEDULE_DATA_NOT_FOUND,0,Gateway returned no schedule data for route
93,105,Bitung,Ternate,Maluku Utara,Kendaraan,11,Golongan I,GOL I,2026-08-23,,,,,,IDR,NO_SCHEDULE_FOR_DATE,0,No departure slots found for date 2026-08-23 (1 total across other dates)
93,105,Bitung,Ternate,Maluku Utara,Kendaraan,12,Golongan II ,GOL II,2026-08-23,,,,,,IDR,NO_SCHEDULE_FOR_DATE,0,No departure slots found for date 2026-08-23 (1 total across other dates)
93,105,Bitung,Ternate,Maluku Utara,Kendaraan,13,Golongan III,GOL III,2026-08-23,,,,,,IDR,NO_SCHEDULE_FOR_DATE,0,No departure slots found for date 2026-08-23 (1 total across other dates)
93,105,Bitung,Ternate,Maluku Utara,Kendaraan,14,Golongan IV - Penumpang,GOL IV A,2026-08-23,,,,,,IDR,NO_SCHEDULE_FOR_DATE,0,No departure slots found for date 2026-08-23 (1 total across other dates)
93,105,Bitung,Ternate,Maluku Utara,Kendaraan,15,Golongan IV - Barang,GOL IV B,2026-08-23,,,,,,IDR,NO_SCHEDULE_FOR_DATE,0,No departure slots found for date 2026-08-23 (1 total across other dates)
93,105,Bitung,Ternate,Maluku Utara,Kendaraan,16,Golongan V - Penumpang,GOL V A,2026-08-23,,,,,,IDR,NO_SCHEDULE_FOR_DATE,0,No departure slots found for date 2026-08-23 (1 total across other dates)
93,105,Bitung,Ternate,Maluku Utara,Kendaraan,17,Golongan V - Barang,GOL V B,2026-08-23,,,,,,IDR,NO_SCHEDULE_FOR_DATE,0,No departure slots found for date 2026-08-23 (1 total across other dates)
93,105,Bitung,Ternate,Maluku Utara,Kendaraan,18,Golongan VI - Penumpang,GOL VI A,2026-08-23,,,,,,IDR,NO_SCHEDULE_FOR_DATE,0,No departure slots found for date 2026-08-23 (1 total across other dates)
93,105,Bitung,Ternate,Maluku Utara,Kendaraan,19,Golongan VI - Barang,GOL VI B,2026-08-23,,,,,,IDR,NO_SCHEDULE_FOR_DATE,0,No departure slots found for date 2026-08-23 (1 total across other dates)
93,105,Bitung,Ternate,Maluku Utara,Kendaraan,20,Golongan VII,GOL VII,2026-08-23,,,,,,IDR,NO_SCHEDULE_FOR_DATE,0,No departure slots found for date 2026-08-23 (1 total across other dates)
93,105,Bitung,Ternate,Maluku Utara,Kendaraan,21,Golongan VIII,GOL VIII,2026-08-23,,,,,,IDR,NO_SCHEDULE_FOR_DATE,0,No departure slots found for date 2026-08-23 (1 total across other dates)
93,105,Bitung,Ternate,Maluku Utara,Kendaraan,22,Golongan IX,GOL IX,2026-08-23,,,,,,IDR,NO_SCHEDULE_FOR_DATE,0,No departure slots found for date 2026-08-23 (1 total across other dates)
93,105,Bitung,Ternate,Maluku Utara,Pejalan Kaki,7,Dewasa Ekonomi,DEWASA,2026-08-23,,,,,,IDR,NO_SCHEDULE_FOR_DATE,0,No departure slots found for date 2026-08-23 (1 total across other dates)
93,105,Bitung,Ternate,Maluku Utara,Pejalan Kaki,9,Bayi Ekonomi,BAYI,2026-08-23,,,,,,IDR,NO_SCHEDULE_FOR_DATE,0,No departure slots found for date 2026-08-23 (1 total across other dates)
96,105,Bitung,Tobelo,Maluku Utara,Kendaraan,11,Golongan I,GOL I,2026-08-23,,,,,,IDR,NO_SCHEDULE_FOR_DATE,0,No departure slots found for date 2026-08-23 (1 total across other dates)
96,105,Bitung,Tobelo,Maluku Utara,Kendaraan,12,Golongan II ,GOL II,2026-08-23,,,,,,IDR,NO_SCHEDULE_FOR_DATE,0,No departure slots found for date 2026-08-23 (1 total across other dates)
96,105,Bitung,Tobelo,Maluku Utara,Kendaraan,13,Golongan III,GOL III,2026-08-23,,,,,,IDR,NO_SCHEDULE_FOR_DATE,0,No departure slots found for date 2026-08-23 (1 total across other dates)
96,105,Bitung,Tobelo,Maluku Utara,Kendaraan,14,Golongan IV - Penumpang,GOL IV A,2026-08-23,,,,,,IDR,NO_SCHEDULE_FOR_DATE,0,No departure slots found for date 2026-08-23 (1 total across other dates)
96,105,Bitung,Tobelo,Maluku Utara,Kendaraan,15,Golongan IV - Barang,GOL IV B,2026-08-23,,,,,,IDR,NO_SCHEDULE_FOR_DATE,0,No departure slots found for date 2026-08-23 (1 total across other dates)
96,105,Bitung,Tobelo,Maluku Utara,Kendaraan,16,Golongan V - Penumpang,GOL V A,2026-08-23,,,,,,IDR,NO_SCHEDULE_FOR_DATE,0,No departure slots found for date 2026-08-23 (1 total across other dates)
96,105,Bitung,Tobelo,Maluku Utara,Kendaraan,17,Golongan V - Barang,GOL V B,2026-08-23,,,,,,IDR,NO_SCHEDULE_FOR_DATE,0,No departure slots found for date 2026-08-23 (1 total across other dates)
96,105,Bitung,Tobelo,Maluku Utara,Kendaraan,18,Golongan VI - Penumpang,GOL VI A,2026-08-23,,,,,,IDR,NO_SCHEDULE_FOR_DATE,0,No departure slots found for date 2026-08-23 (1 total across other dates)
96,105,Bitung,Tobelo,Maluku Utara,Kendaraan,19,Golongan VI - Barang,GOL VI B,2026-08-23,,,,,,IDR,NO_SCHEDULE_FOR_DATE,0,No departure slots found for date 2026-08-23 (1 total across other dates)
96,105,Bitung,Tobelo,Maluku Utara,Kendaraan,20,Golongan VII,GOL VII,2026-08-23,,,,,,IDR,NO_SCHEDULE_FOR_DATE,0,No departure slots found for date 2026-08-23 (1 total across other dates)
96,105,Bitung,Tobelo,Maluku Utara,Kendaraan,21,Golongan VIII,GOL VIII,2026-08-23,,,,,,IDR,NO_SCHEDULE_FOR_DATE,0,No departure slots found for date 2026-08-23 (1 total across other dates)
96,105,Bitung,Tobelo,Maluku Utara,Kendaraan,22,Golongan IX,GOL IX,2026-08-23,,,,,,IDR,NO_SCHEDULE_FOR_DATE,0,No departure slots found for date 2026-08-23 (1 total across other dates)
96,105,Bitung,Tobelo,Maluku Utara,Pejalan Kaki,7,Dewasa Ekonomi,DEWASA,2026-08-23,,,,,,IDR,NO_SCHEDULE_FOR_DATE,0,No departure slots found for date 2026-08-23 (1 total across other dates)
96,105,Bitung,Tobelo,Maluku Utara,Pejalan Kaki,9,Bayi Ekonomi,BAYI,2026-08-23,,,,,,IDR,NO_SCHEDULE_FOR_DATE,0,No departure slots found for date 2026-08-23 (1 total across other dates)
