routeId,originHarbourId,origin,destination,destinationProvince,serviceCategory,serviceId,serviceName,vehicleClass,departDate,departTime,scheduleId,quota,fareAmount,totalPrice,currency,status,statusCode,message
1023206,1023,Pulau Balang Lompo,Maccini Baji,,,,,,2026-08-21,,,,,,IDR,NO_SERVICE_TYPES,0,No service types configured for route
106113,106,Bastiong,Kayoa,Maluku Utara,Kendaraan,11,Golongan I,GOL I,2026-08-21,,,,,,IDR,SCHEDULE_DATA_NOT_FOUND,0,Gateway returned no schedule data for route
106113,106,Bastiong,Kayoa,Maluku Utara,Kendaraan,12,Golongan II ,GOL II,2026-08-21,,,,,,IDR,SCHEDULE_DATA_NOT_FOUND,0,Gateway returned no schedule data for route
106113,106,Bastiong,Kayoa,Maluku Utara,Kendaraan,13,Golongan III,GOL III,2026-08-21,,,,,,IDR,SCHEDULE_DATA_NOT_FOUND,0,Gateway returned no schedule data for route
106113,106,Bastiong,Kayoa,Maluku Utara,Kendaraan,14,Golongan IV - Penumpang,GOL IV A,2026-08-21,,,,,,IDR,SCHEDULE_DATA_NOT_FOUND,0,Gateway returned no schedule data for route
106113,106,Bastiong,Kayoa,Maluku Utara,Kendaraan,15,Golongan IV - Barang,GOL IV B,2026-08-21,,,,,,IDR,SCHEDULE_DATA_NOT_FOUND,0,Gateway returned no schedule data for route
106113,106,Bastiong,Kayoa,Maluku Utara,Kendaraan,16,Golongan V - Penumpang,GOL V A,2026-08-21,,,,,,IDR,SCHEDULE_DATA_NOT_FOUND,0,Gateway returned no schedule data for route
106113,106,Bastiong,Kayoa,Maluku Utara,Kendaraan,17,Golongan V - Barang,GOL V B,2026-08-21,,,,,,IDR,SCHEDULE_DATA_NOT_FOUND,0,Gateway returned no schedule data for route
106113,106,Bastiong,Kayoa,Maluku Utara,Kendaraan,18,Golongan VI - Penumpang,GOL VI A,2026-08-21,,,,,,IDR,SCHEDULE_DATA_NOT_FOUND,0,Gateway returned no schedule data for route
106113,106,Bastiong,Kayoa,Maluku Utara,Kendaraan,19,Golongan VI - Barang,GOL VI B,2026-08-21,,,,,,IDR,SCHEDULE_DATA_NOT_FOUND,0,Gateway returned no schedule data for route
106113,106,Bastiong,Kayoa,Maluku Utara,Kendaraan,20,Golongan VII,GOL VII,2026-08-21,,,,,,IDR,SCHEDULE_DATA_NOT_FOUND,0,Gateway returned no schedule data for route
106113,106,Bastiong,Kayoa,Maluku Utara,Kendaraan,21,Golongan VIII,GOL VIII,2026-08-21,,,,,,IDR,SCHEDULE_DATA_NOT_FOUND,0,Gateway returned no schedule data for route
106113,106,Bastiong,Kayoa,Maluku Utara,Kendaraan,22,Golongan IX,GOL IX,2026-08-21,,,,,,IDR,SCHEDULE_DATA_NOT_FOUND,0,Gateway returned no schedule data for route
106113,106,Bastiong,Kayoa,Maluku Utara,Pejalan Kaki,7,Dewasa Ekonomi,DEWASA,2026-08-21,,,,,,IDR,SCHEDULE_DATA_NOT_FOUND,0,Gateway returned no schedule data for route
106113,106,Bastiong,Kayoa,Maluku Utara,Pejalan Kaki,9,Bayi Ekonomi,BAYI,2026-08-21,,,,,,IDR,SCHEDULE_DATA_NOT_FOUND,0,Gateway returned no schedule data for route
106521,106,Bastiong,Bitung,Sulawesi Utara,Kendaraan,11,Golongan I,GOL I,2026-08-21,,,,,,IDR,NO_SCHEDULE_FOR_DATE,0,No departure slots found for date 2026-08-21 (2 total across other dates)
106521,106,Bastiong,Bitung,Sulawesi Utara,Kendaraan,12,Golongan II ,GOL II,2026-08-21,,,,,,IDR,NO_SCHEDULE_FOR_DATE,0,No departure slots found for date 2026-08-21 (2 total across other dates)
106521,106,Bastiong,Bitung,Sulawesi Utara,Kendaraan,13,Golongan III,GOL III,2026-08-21,,,,,,IDR,NO_SCHEDULE_FOR_DATE,0,No departure slots found for date 2026-08-21 (2 total across other dates)
106521,106,Bastiong,Bitung,Sulawesi Utara,Kendaraan,14,Golongan IV - Penumpang,GOL IV A,2026-08-21,,,,,,IDR,NO_SCHEDULE_FOR_DATE,0,No departure slots found for date 2026-08-21 (2 total across other dates)
106521,106,Bastiong,Bitung,Sulawesi Utara,Kendaraan,15,Golongan IV - Barang,GOL IV B,2026-08-21,,,,,,IDR,NO_SCHEDULE_FOR_DATE,0,No departure slots found for date 2026-08-21 (2 total across other dates)
106521,106,Bastiong,Bitung,Sulawesi Utara,Kendaraan,16,Golongan V - Penumpang,GOL V A,2026-08-21,,,,,,IDR,NO_SCHEDULE_FOR_DATE,0,No departure slots found for date 2026-08-21 (2 total across other dates)
106521,106,Bastiong,Bitung,Sulawesi Utara,Kendaraan,17,Golongan V - Barang,GOL V B,2026-08-21,,,,,,IDR,NO_SCHEDULE_FOR_DATE,0,No departure slots found for date 2026-08-21 (2 total across other dates)
106521,106,Bastiong,Bitung,Sulawesi Utara,Kendaraan,18,Golongan VI - Penumpang,GOL VI A,2026-08-21,,,,,,IDR,NO_SCHEDULE_FOR_DATE,0,No departure slots found for date 2026-08-21 (2 total across other dates)
106521,106,Bastiong,Bitung,Sulawesi Utara,Kendaraan,19,Golongan VI - Barang,GOL VI B,2026-08-21,,,,,,IDR,NO_SCHEDULE_FOR_DATE,0,No departure slots found for date 2026-08-21 (2 total across other dates)
106521,106,Bastiong,Bitung,Sulawesi Utara,Kendaraan,20,Golongan VII,GOL VII,2026-08-21,,,,,,IDR,NO_SCHEDULE_FOR_DATE,0,No departure slots found for date 2026-08-21 (2 total across other dates)
106521,106,Bastiong,Bitung,Sulawesi Utara,Kendaraan,21,Golongan VIII,GOL VIII,2026-08-21,,,,,,IDR,NO_SCHEDULE_FOR_DATE,0,No departure slots found for date 2026-08-21 (2 total across other dates)
106521,106,Bastiong,Bitung,Sulawesi Utara,Kendaraan,22,Golongan IX,GOL IX,2026-08-21,,,,,,IDR,NO_SCHEDULE_FOR_DATE,0,No departure slots found for date 2026-08-21 (2 total across other dates)
106521,106,Bastiong,Bitung,Sulawesi Utara,Pejalan Kaki,7,Dewasa Ekonomi,DEWASA,2026-08-21,,,,,,IDR,NO_SCHEDULE_FOR_DATE,0,No departure slots found for date 2026-08-21 (2 total across other dates)
106521,106,Bastiong,Bitung,Sulawesi Utara,Pejalan Kaki,9,Bayi Ekonomi,BAYI,2026-08-21,,,,,,IDR,NO_SCHEDULE_FOR_DATE,0,No departure slots found for date 2026-08-21 (2 total across other dates)
120,239,Bira,Pamatata,Sulawesi Selatan,Kendaraan,11,Golongan I,GOL I,2026-08-21,04:30,2627160930380750629,1,48300.0,48300.0,IDR,OK,200,Ship schedule found.
120,239,Bira,Pamatata,Sulawesi Selatan,Kendaraan,12,Golongan II ,GOL II,2026-08-21,04:30,2627160930380750629,18,82600.0,82600.0,IDR,OK,200,Ship schedule found.
120,239,Bira,Pamatata,Sulawesi Selatan,Kendaraan,13,Golongan III,GOL III,2026-08-21,04:30,2627160930380750629,1,105500.0,105500.0,IDR,OK,200,Ship schedule found.
120,239,Bira,Pamatata,Sulawesi Selatan,Kendaraan,14,Golongan IV - Penumpang,GOL IV A,2026-08-21,04:30,2627160930380750629,0,595900.0,595900.0,IDR,OK,200,Ship schedule found.
120,239,Bira,Pamatata,Sulawesi Selatan,Kendaraan,15,Golongan IV - Barang,GOL IV B,2026-08-21,04:30,2627160930380750629,0,444600.0,444600.0,IDR,OK,200,Ship schedule found.
120,239,Bira,Pamatata,Sulawesi Selatan,Kendaraan,16,Golongan V - Penumpang,GOL V A,2026-08-21,04:30,2627160930380750629,1,1075900.0,1075900.0,IDR,OK,200,Ship schedule found.
120,239,Bira,Pamatata,Sulawesi Selatan,Kendaraan,17,Golongan V - Barang,GOL V B,2026-08-21,04:30,2627160930380750629,0,643100.0,643100.0,IDR,OK,200,Ship schedule found.
120,239,Bira,Pamatata,Sulawesi Selatan,Kendaraan,18,Golongan VI - Penumpang,GOL VI A,2026-08-21,04:30,2627160930380750629,0,1710700.0,1710700.0,IDR,OK,200,Ship schedule found.
120,239,Bira,Pamatata,Sulawesi Selatan,Kendaraan,19,Golongan VI - Barang,GOL VI B,2026-08-21,04:30,2627160930380750629,0,905000.0,905000.0,IDR,OK,200,Ship schedule found.
120,239,Bira,Pamatata,Sulawesi Selatan,Kendaraan,20,Golongan VII,GOL VII,2026-08-21,04:30,2627160930380750629,0,1351700.0,1351700.0,IDR,OK,200,Ship schedule found.
120,239,Bira,Pamatata,Sulawesi Selatan,Kendaraan,21,Golongan VIII,GOL VIII,2026-08-21,04:30,2627160930380750629,0,1627000.0,1627000.0,IDR,OK,200,Ship schedule found.
120,239,Bira,Pamatata,Sulawesi Selatan,Kendaraan,22,Golongan IX,GOL IX,2026-08-21,04:30,2627160930380750629,0,3415100.0,3415100.0,IDR,OK,200,Ship schedule found.
120,239,Bira,Pamatata,Sulawesi Selatan,Pejalan Kaki,5,Dewasa Bisnis I,DEWASA,2026-08-21,04:30,2627160930380750629,0,44000.0,44000.0,IDR,OK,200,Ship schedule found.
120,239,Bira,Pamatata,Sulawesi Selatan,Pejalan Kaki,504,Bayi Bisnis,BAYI,2026-08-21,04:30,2627160930380750629,0,15500.0,15500.0,IDR,OK,200,Ship schedule found.
120,239,Bira,Pamatata,Sulawesi Selatan,Pejalan Kaki,525,SUPLESI BAYI EKONOMI KE BISNIS,SUPLESI,2026-08-21,04:30,2627160930380750629,0,11800.0,11800.0,IDR,OK,200,Ship schedule found.
120,239,Bira,Pamatata,Sulawesi Selatan,Pejalan Kaki,7,Dewasa Ekonomi,DEWASA,2026-08-21,04:30,2627160930380750629,250,33900.0,33900.0,IDR,OK,200,Ship schedule found.
120,239,Bira,Pamatata,Sulawesi Selatan,Pejalan Kaki,9,Bayi Ekonomi,BAYI,2026-08-21,04:30,2627160930380750629,0,3700.0,3700.0,IDR,OK,200,Ship schedule found.
121,244,Pamatata,Bira,Sulawesi Selatan,Kendaraan,11,Golongan I,GOL I,2026-08-21,04:30,2627160930380750692,0,48300.0,48300.0,IDR,OK,200,Ship schedule found.
121,244,Pamatata,Bira,Sulawesi Selatan,Kendaraan,12,Golongan II ,GOL II,2026-08-21,04:30,2627160930380750692,27,82600.0,82600.0,IDR,OK,200,Ship schedule found.
121,244,Pamatata,Bira,Sulawesi Selatan,Kendaraan,13,Golongan III,GOL III,2026-08-21,04:30,2627160930380750692,0,105500.0,105500.0,IDR,OK,200,Ship schedule found.
121,244,Pamatata,Bira,Sulawesi Selatan,Kendaraan,14,Golongan IV - Penumpang,GOL IV A,2026-08-21,04:30,2627160930380750692,4,595900.0,595900.0,IDR,OK,200,Ship schedule found.
121,244,Pamatata,Bira,Sulawesi Selatan,Kendaraan,15,Golongan IV - Barang,GOL IV B,2026-08-21,04:30,2627160930380750692,0,444600.0,444600.0,IDR,OK,200,Ship schedule found.
121,244,Pamatata,Bira,Sulawesi Selatan,Kendaraan,16,Golongan V - Penumpang,GOL V A,2026-08-21,04:30,2627160930380750692,1,1075900.0,1075900.0,IDR,OK,200,Ship schedule found.
121,244,Pamatata,Bira,Sulawesi Selatan,Kendaraan,17,Golongan V - Barang,GOL V B,2026-08-21,04:30,2627160930380750692,0,643100.0,643100.0,IDR,OK,200,Ship schedule found.
121,244,Pamatata,Bira,Sulawesi Selatan,Kendaraan,18,Golongan VI - Penumpang,GOL VI A,2026-08-21,04:30,2627160930380750692,0,1710700.0,1710700.0,IDR,OK,200,Ship schedule found.
121,244,Pamatata,Bira,Sulawesi Selatan,Kendaraan,19,Golongan VI - Barang,GOL VI B,2026-08-21,04:30,2627160930380750692,0,905000.0,905000.0,IDR,OK,200,Ship schedule found.
121,244,Pamatata,Bira,Sulawesi Selatan,Kendaraan,20,Golongan VII,GOL VII,2026-08-21,04:30,2627160930380750692,0,1351700.0,1351700.0,IDR,OK,200,Ship schedule found.
121,244,Pamatata,Bira,Sulawesi Selatan,Kendaraan,21,Golongan VIII,GOL VIII,2026-08-21,04:30,2627160930380750692,0,1627000.0,1627000.0,IDR,OK,200,Ship schedule found.
121,244,Pamatata,Bira,Sulawesi Selatan,Kendaraan,22,Golongan IX,GOL IX,2026-08-21,04:30,2627160930380750692,0,3415100.0,3415100.0,IDR,OK,200,Ship schedule found.
121,244,Pamatata,Bira,Sulawesi Selatan,Pejalan Kaki,5,Dewasa Bisnis I,DEWASA,2026-08-21,04:30,2627160930380750692,0,44000.0,44000.0,IDR,OK,200,Ship schedule found.
121,244,Pamatata,Bira,Sulawesi Selatan,Pejalan Kaki,504,Bayi Bisnis,BAYI,2026-08-21,04:30,2627160930380750692,0,15500.0,15500.0,IDR,OK,200,Ship schedule found.
121,244,Pamatata,Bira,Sulawesi Selatan,Pejalan Kaki,525,SUPLESI BAYI EKONOMI KE BISNIS,SUPLESI,2026-08-21,04:30,2627160930380750692,0,11800.0,11800.0,IDR,OK,200,Ship schedule found.
121,244,Pamatata,Bira,Sulawesi Selatan,Pejalan Kaki,7,Dewasa Ekonomi,DEWASA,2026-08-21,04:30,2627160930380750692,220,33900.0,33900.0,IDR,OK,200,Ship schedule found.
121,244,Pamatata,Bira,Sulawesi Selatan,Pejalan Kaki,9,Bayi Ekonomi,BAYI,2026-08-21,04:30,2627160930380750692,30,3700.0,3700.0,IDR,OK,200,Ship schedule found.
122,29,Padang,Tua Pejat,Sumatera Barat,Kendaraan,11,Golongan I,GOL I,2026-08-21,,,,,,IDR,NO_SCHEDULE_FOR_DATE,0,No departure slots found for date 2026-08-21 (4 total across other dates)
122,29,Padang,Tua Pejat,Sumatera Barat,Kendaraan,12,Golongan II ,GOL II,2026-08-21,,,,,,IDR,NO_SCHEDULE_FOR_DATE,0,No departure slots found for date 2026-08-21 (4 total across other dates)
122,29,Padang,Tua Pejat,Sumatera Barat,Kendaraan,13,Golongan III,GOL III,2026-08-21,,,,,,IDR,NO_SCHEDULE_FOR_DATE,0,No departure slots found for date 2026-08-21 (4 total across other dates)
122,29,Padang,Tua Pejat,Sumatera Barat,Kendaraan,14,Golongan IV - Penumpang,GOL IV A,2026-08-21,,,,,,IDR,NO_SCHEDULE_FOR_DATE,0,No departure slots found for date 2026-08-21 (4 total across other dates)
122,29,Padang,Tua Pejat,Sumatera Barat,Kendaraan,15,Golongan IV - Barang,GOL IV B,2026-08-21,,,,,,IDR,NO_SCHEDULE_FOR_DATE,0,No departure slots found for date 2026-08-21 (4 total across other dates)
122,29,Padang,Tua Pejat,Sumatera Barat,Kendaraan,16,Golongan V - Penumpang,GOL V A,2026-08-21,,,,,,IDR,NO_SCHEDULE_FOR_DATE,0,No departure slots found for date 2026-08-21 (4 total across other dates)
122,29,Padang,Tua Pejat,Sumatera Barat,Kendaraan,17,Golongan V - Barang,GOL V B,2026-08-21,,,,,,IDR,NO_SCHEDULE_FOR_DATE,0,No departure slots found for date 2026-08-21 (4 total across other dates)
122,29,Padang,Tua Pejat,Sumatera Barat,Kendaraan,18,Golongan VI - Penumpang,GOL VI A,2026-08-21,,,,,,IDR,NO_SCHEDULE_FOR_DATE,0,No departure slots found for date 2026-08-21 (4 total across other dates)
122,29,Padang,Tua Pejat,Sumatera Barat,Kendaraan,19,Golongan VI - Barang,GOL VI B,2026-08-21,,,,,,IDR,NO_SCHEDULE_FOR_DATE,0,No departure slots found for date 2026-08-21 (4 total across other dates)
122,29,Padang,Tua Pejat,Sumatera Barat,Kendaraan,20,Golongan VII,GOL VII,2026-08-21,,,,,,IDR,NO_SCHEDULE_FOR_DATE,0,No departure slots found for date 2026-08-21 (4 total across other dates)
122,29,Padang,Tua Pejat,Sumatera Barat,Kendaraan,21,Golongan VIII,GOL VIII,2026-08-21,,,,,,IDR,NO_SCHEDULE_FOR_DATE,0,No departure slots found for date 2026-08-21 (4 total across other dates)
122,29,Padang,Tua Pejat,Sumatera Barat,Kendaraan,22,Golongan IX,GOL IX,2026-08-21,,,,,,IDR,NO_SCHEDULE_FOR_DATE,0,No departure slots found for date 2026-08-21 (4 total across other dates)
122,29,Padang,Tua Pejat,Sumatera Barat,Pejalan Kaki,7,Dewasa Ekonomi,DEWASA,2026-08-21,,,,,,IDR,NO_SCHEDULE_FOR_DATE,0,No departure slots found for date 2026-08-21 (4 total across other dates)
122,29,Padang,Tua Pejat,Sumatera Barat,Pejalan Kaki,9,Bayi Ekonomi,BAYI,2026-08-21,,,,,,IDR,NO_SCHEDULE_FOR_DATE,0,No departure slots found for date 2026-08-21 (4 total across other dates)
127,31,Tua Pejat,Padang,Sumatera Barat,Kendaraan,11,Golongan I,GOL I,2026-08-21,,,,,,IDR,NO_SCHEDULE_FOR_DATE,0,No departure slots found for date 2026-08-21 (3 total across other dates)
127,31,Tua Pejat,Padang,Sumatera Barat,Kendaraan,12,Golongan II ,GOL II,2026-08-21,,,,,,IDR,NO_SCHEDULE_FOR_DATE,0,No departure slots found for date 2026-08-21 (3 total across other dates)
127,31,Tua Pejat,Padang,Sumatera Barat,Kendaraan,13,Golongan III,GOL III,2026-08-21,,,,,,IDR,NO_SCHEDULE_FOR_DATE,0,No departure slots found for date 2026-08-21 (3 total across other dates)
127,31,Tua Pejat,Padang,Sumatera Barat,Kendaraan,14,Golongan IV - Penumpang,GOL IV A,2026-08-21,,,,,,IDR,NO_SCHEDULE_FOR_DATE,0,No departure slots found for date 2026-08-21 (3 total across other dates)
127,31,Tua Pejat,Padang,Sumatera Barat,Kendaraan,15,Golongan IV - Barang,GOL IV B,2026-08-21,,,,,,IDR,NO_SCHEDULE_FOR_DATE,0,No departure slots found for date 2026-08-21 (3 total across other dates)
127,31,Tua Pejat,Padang,Sumatera Barat,Kendaraan,16,Golongan V - Penumpang,GOL V A,2026-08-21,,,,,,IDR,NO_SCHEDULE_FOR_DATE,0,No departure slots found for date 2026-08-21 (3 total across other dates)
127,31,Tua Pejat,Padang,Sumatera Barat,Kendaraan,17,Golongan V - Barang,GOL V B,2026-08-21,,,,,,IDR,NO_SCHEDULE_FOR_DATE,0,No departure slots found for date 2026-08-21 (3 total across other dates)
127,31,Tua Pejat,Padang,Sumatera Barat,Kendaraan,18,Golongan VI - Penumpang,GOL VI A,2026-08-21,,,,,,IDR,NO_SCHEDULE_FOR_DATE,0,No departure slots found for date 2026-08-21 (3 total across other dates)
127,31,Tua Pejat,Padang,Sumatera Barat,Kendaraan,19,Golongan VI - Barang,GOL VI B,2026-08-21,,,,,,IDR,NO_SCHEDULE_FOR_DATE,0,No departure slots found for date 2026-08-21 (3 total across other dates)
127,31,Tua Pejat,Padang,Sumatera Barat,Kendaraan,20,Golongan VII,GOL VII,2026-08-21,,,,,,IDR,NO_SCHEDULE_FOR_DATE,0,No departure slots found for date 2026-08-21 (3 total across other dates)
127,31,Tua Pejat,Padang,Sumatera Barat,Kendaraan,21,Golongan VIII,GOL VIII,2026-08-21,,,,,,IDR,NO_SCHEDULE_FOR_DATE,0,No departure slots found for date 2026-08-21 (3 total across other dates)
127,31,Tua Pejat,Padang,Sumatera Barat,Kendaraan,22,Golongan IX,GOL IX,2026-08-21,,,,,,IDR,NO_SCHEDULE_FOR_DATE,0,No departure slots found for date 2026-08-21 (3 total across other dates)
127,31,Tua Pejat,Padang,Sumatera Barat,Pejalan Kaki,7,Dewasa Ekonomi,DEWASA,2026-08-21,,,,,,IDR,NO_SCHEDULE_FOR_DATE,0,No departure slots found for date 2026-08-21 (3 total across other dates)
127,31,Tua Pejat,Padang,Sumatera Barat,Pejalan Kaki,9,Bayi Ekonomi,BAYI,2026-08-21,,,,,,IDR,NO_SCHEDULE_FOR_DATE,0,No departure slots found for date 2026-08-21 (3 total across other dates)
1406,171,Kupang,Larantuka,Nusa Tenggara Timur,Kendaraan,11,Golongan I,GOL I,2026-08-21,,,,,,IDR,NO_SCHEDULE_FOR_DATE,0,No departure slots found for date 2026-08-21 (1 total across other dates)
1406,171,Kupang,Larantuka,Nusa Tenggara Timur,Kendaraan,12,Golongan II ,GOL II,2026-08-21,,,,,,IDR,NO_SCHEDULE_FOR_DATE,0,No departure slots found for date 2026-08-21 (1 total across other dates)
1406,171,Kupang,Larantuka,Nusa Tenggara Timur,Kendaraan,13,Golongan III,GOL III,2026-08-21,,,,,,IDR,NO_SCHEDULE_FOR_DATE,0,No departure slots found for date 2026-08-21 (1 total across other dates)
1406,171,Kupang,Larantuka,Nusa Tenggara Timur,Kendaraan,14,Golongan IV - Penumpang,GOL IV A,2026-08-21,,,,,,IDR,NO_SCHEDULE_FOR_DATE,0,No departure slots found for date 2026-08-21 (1 total across other dates)
1406,171,Kupang,Larantuka,Nusa Tenggara Timur,Kendaraan,15,Golongan IV - Barang,GOL IV B,2026-08-21,,,,,,IDR,NO_SCHEDULE_FOR_DATE,0,No departure slots found for date 2026-08-21 (1 total across other dates)
1406,171,Kupang,Larantuka,Nusa Tenggara Timur,Kendaraan,16,Golongan V - Penumpang,GOL V A,2026-08-21,,,,,,IDR,NO_SCHEDULE_FOR_DATE,0,No departure slots found for date 2026-08-21 (1 total across other dates)
1406,171,Kupang,Larantuka,Nusa Tenggara Timur,Kendaraan,17,Golongan V - Barang,GOL V B,2026-08-21,,,,,,IDR,NO_SCHEDULE_FOR_DATE,0,No departure slots found for date 2026-08-21 (1 total across other dates)
1406,171,Kupang,Larantuka,Nusa Tenggara Timur,Kendaraan,18,Golongan VI - Penumpang,GOL VI A,2026-08-21,,,,,,IDR,NO_SCHEDULE_FOR_DATE,0,No departure slots found for date 2026-08-21 (1 total across other dates)
1406,171,Kupang,Larantuka,Nusa Tenggara Timur,Kendaraan,19,Golongan VI - Barang,GOL VI B,2026-08-21,,,,,,IDR,NO_SCHEDULE_FOR_DATE,0,No departure slots found for date 2026-08-21 (1 total across other dates)
1406,171,Kupang,Larantuka,Nusa Tenggara Timur,Kendaraan,20,Golongan VII,GOL VII,2026-08-21,,,,,,IDR,NO_SCHEDULE_FOR_DATE,0,No departure slots found for date 2026-08-21 (1 total across other dates)
1406,171,Kupang,Larantuka,Nusa Tenggara Timur,Kendaraan,21,Golongan VIII,GOL VIII,2026-08-21,,,,,,IDR,NO_SCHEDULE_FOR_DATE,0,No departure slots found for date 2026-08-21 (1 total across other dates)
1406,171,Kupang,Larantuka,Nusa Tenggara Timur,Kendaraan,22,Golongan IX,GOL IX,2026-08-21,,,,,,IDR,NO_SCHEDULE_FOR_DATE,0,No departure slots found for date 2026-08-21 (1 total across other dates)
1406,171,Kupang,Larantuka,Nusa Tenggara Timur,Pejalan Kaki,5,Dewasa Bisnis I,DEWASA,2026-08-21,,,,,,IDR,NO_SCHEDULE_FOR_DATE,0,No departure slots found for date 2026-08-21 (1 total across other dates)
1406,171,Kupang,Larantuka,Nusa Tenggara Timur,Pejalan Kaki,6,Anak - Anak Bisnis I,ANAK,2026-08-21,,,,,,IDR,NO_SCHEDULE_FOR_DATE,0,No departure slots found for date 2026-08-21 (1 total across other dates)
1406,171,Kupang,Larantuka,Nusa Tenggara Timur,Pejalan Kaki,7,Dewasa Ekonomi,DEWASA,2026-08-21,,,,,,IDR,NO_SCHEDULE_FOR_DATE,0,No departure slots found for date 2026-08-21 (1 total across other dates)
1406,171,Kupang,Larantuka,Nusa Tenggara Timur,Pejalan Kaki,8,Anak - Anak Ekonomi,ANAK,2026-08-21,,,,,,IDR,NO_SCHEDULE_FOR_DATE,0,No departure slots found for date 2026-08-21 (1 total across other dates)
1407,173,Larantuka,Kupang,Nusa Tenggara Timur,Kendaraan,11,Golongan I,GOL I,2026-08-21,,,,,,IDR,SCHEDULE_DATA_NOT_FOUND,0,Gateway returned no schedule data for route
1407,173,Larantuka,Kupang,Nusa Tenggara Timur,Kendaraan,12,Golongan II ,GOL II,2026-08-21,,,,,,IDR,SCHEDULE_DATA_NOT_FOUND,0,Gateway returned no schedule data for route
1407,173,Larantuka,Kupang,Nusa Tenggara Timur,Kendaraan,13,Golongan III,GOL III,2026-08-21,,,,,,IDR,SCHEDULE_DATA_NOT_FOUND,0,Gateway returned no schedule data for route
1407,173,Larantuka,Kupang,Nusa Tenggara Timur,Kendaraan,14,Golongan IV - Penumpang,GOL IV A,2026-08-21,,,,,,IDR,SCHEDULE_DATA_NOT_FOUND,0,Gateway returned no schedule data for route
1407,173,Larantuka,Kupang,Nusa Tenggara Timur,Kendaraan,15,Golongan IV - Barang,GOL IV B,2026-08-21,,,,,,IDR,SCHEDULE_DATA_NOT_FOUND,0,Gateway returned no schedule data for route
1407,173,Larantuka,Kupang,Nusa Tenggara Timur,Kendaraan,16,Golongan V - Penumpang,GOL V A,2026-08-21,,,,,,IDR,SCHEDULE_DATA_NOT_FOUND,0,Gateway returned no schedule data for route
1407,173,Larantuka,Kupang,Nusa Tenggara Timur,Kendaraan,17,Golongan V - Barang,GOL V B,2026-08-21,,,,,,IDR,SCHEDULE_DATA_NOT_FOUND,0,Gateway returned no schedule data for route
1407,173,Larantuka,Kupang,Nusa Tenggara Timur,Kendaraan,18,Golongan VI - Penumpang,GOL VI A,2026-08-21,,,,,,IDR,SCHEDULE_DATA_NOT_FOUND,0,Gateway returned no schedule data for route
1407,173,Larantuka,Kupang,Nusa Tenggara Timur,Kendaraan,19,Golongan VI - Barang,GOL VI B,2026-08-21,,,,,,IDR,SCHEDULE_DATA_NOT_FOUND,0,Gateway returned no schedule data for route
1407,173,Larantuka,Kupang,Nusa Tenggara Timur,Kendaraan,20,Golongan VII,GOL VII,2026-08-21,,,,,,IDR,SCHEDULE_DATA_NOT_FOUND,0,Gateway returned no schedule data for route
1407,173,Larantuka,Kupang,Nusa Tenggara Timur,Kendaraan,21,Golongan VIII,GOL VIII,2026-08-21,,,,,,IDR,SCHEDULE_DATA_NOT_FOUND,0,Gateway returned no schedule data for route
1407,173,Larantuka,Kupang,Nusa Tenggara Timur,Kendaraan,22,Golongan IX,GOL IX,2026-08-21,,,,,,IDR,SCHEDULE_DATA_NOT_FOUND,0,Gateway returned no schedule data for route
1407,173,Larantuka,Kupang,Nusa Tenggara Timur,Pejalan Kaki,5,Dewasa Bisnis I,DEWASA,2026-08-21,,,,,,IDR,SCHEDULE_DATA_NOT_FOUND,0,Gateway returned no schedule data for route
1407,173,Larantuka,Kupang,Nusa Tenggara Timur,Pejalan Kaki,6,Anak - Anak Bisnis I,ANAK,2026-08-21,,,,,,IDR,SCHEDULE_DATA_NOT_FOUND,0,Gateway returned no schedule data for route
1407,173,Larantuka,Kupang,Nusa Tenggara Timur,Pejalan Kaki,7,Dewasa Ekonomi,DEWASA,2026-08-21,,,,,,IDR,SCHEDULE_DATA_NOT_FOUND,0,Gateway returned no schedule data for route
1407,173,Larantuka,Kupang,Nusa Tenggara Timur,Pejalan Kaki,8,Anak - Anak Ekonomi,ANAK,2026-08-21,,,,,,IDR,SCHEDULE_DATA_NOT_FOUND,0,Gateway returned no schedule data for route
1514,15,Ulee Lheue,Balohan,Aceh,Kendaraan,11,Golongan I,GOL I,2026-08-21,07:00,2627160930380753768,2,40000.0,40000.0,IDR,OK,200,Ship schedule found.
1514,15,Ulee Lheue,Balohan,Aceh,Kendaraan,12,Golongan II ,GOL II,2026-08-21,07:00,2627160930380753768,66,68000.0,68000.0,IDR,OK,200,Ship schedule found.
1514,15,Ulee Lheue,Balohan,Aceh,Kendaraan,13,Golongan III,GOL III,2026-08-21,07:00,2627160930380753768,2,145000.0,145000.0,IDR,OK,200,Ship schedule found.
1514,15,Ulee Lheue,Balohan,Aceh,Kendaraan,14,Golongan IV - Penumpang,GOL IV A,2026-08-21,07:00,2627160930380753768,0,457000.0,457000.0,IDR,OK,200,Ship schedule found.
1514,15,Ulee Lheue,Balohan,Aceh,Kendaraan,15,Golongan IV - Barang,GOL IV B,2026-08-21,07:00,2627160930380753768,2,349000.0,349000.0,IDR,OK,200,Ship schedule found.
1514,15,Ulee Lheue,Balohan,Aceh,Kendaraan,16,Golongan V - Penumpang,GOL V A,2026-08-21,07:00,2627160930380753768,1,985000.0,985000.0,IDR,OK,200,Ship schedule found.
1514,15,Ulee Lheue,Balohan,Aceh,Kendaraan,17,Golongan V - Barang,GOL V B,2026-08-21,07:00,2627160930380753768,0,627000.0,627000.0,IDR,OK,200,Ship schedule found.
1514,15,Ulee Lheue,Balohan,Aceh,Kendaraan,18,Golongan VI - Penumpang,GOL VI A,2026-08-21,07:00,2627160930380753768,0,1612000.0,1612000.0,IDR,OK,200,Ship schedule found.
1514,15,Ulee Lheue,Balohan,Aceh,Kendaraan,19,Golongan VI - Barang,GOL VI B,2026-08-21,07:00,2627160930380753768,0,934000.0,934000.0,IDR,OK,200,Ship schedule found.
1514,15,Ulee Lheue,Balohan,Aceh,Kendaraan,20,Golongan VII,GOL VII,2026-08-21,07:00,2627160930380753768,0,1289000.0,1289000.0,IDR,OK,200,Ship schedule found.
1514,15,Ulee Lheue,Balohan,Aceh,Kendaraan,21,Golongan VIII,GOL VIII,2026-08-21,07:00,2627160930380753768,0,1704000.0,1704000.0,IDR,OK,200,Ship schedule found.
1514,15,Ulee Lheue,Balohan,Aceh,Kendaraan,22,Golongan IX,GOL IX,2026-08-21,07:00,2627160930380753768,0,2415000.0,2415000.0,IDR,OK,200,Ship schedule found.
1514,15,Ulee Lheue,Balohan,Aceh,Pejalan Kaki,7,Dewasa Ekonomi,DEWASA,2026-08-21,07:00,2627160930380753768,0,35000.0,35000.0,IDR,OK,200,Ship schedule found.
1514,15,Ulee Lheue,Balohan,Aceh,Pejalan Kaki,9,Bayi Ekonomi,BAYI,2026-08-21,07:00,2627160930380753768,9,4200.0,4200.0,IDR,OK,200,Ship schedule found.
1516,14,Balohan,Ulee Lheue,Aceh,Kendaraan,11,Golongan I,GOL I,2026-08-21,10:00,2627160930380753777,2,42000.0,42000.0,IDR,OK,200,Ship schedule found.
1516,14,Balohan,Ulee Lheue,Aceh,Kendaraan,12,Golongan II ,GOL II,2026-08-21,10:00,2627160930380753777,67,70000.0,70000.0,IDR,OK,200,Ship schedule found.
1516,14,Balohan,Ulee Lheue,Aceh,Kendaraan,13,Golongan III,GOL III,2026-08-21,10:00,2627160930380753777,2,147000.0,147000.0,IDR,OK,200,Ship schedule found.
1516,14,Balohan,Ulee Lheue,Aceh,Kendaraan,14,Golongan IV - Penumpang,GOL IV A,2026-08-21,10:00,2627160930380753777,8,459000.0,459000.0,IDR,OK,200,Ship schedule found.
1516,14,Balohan,Ulee Lheue,Aceh,Kendaraan,15,Golongan IV - Barang,GOL IV B,2026-08-21,10:00,2627160930380753777,6,351000.0,351000.0,IDR,OK,200,Ship schedule found.
1516,14,Balohan,Ulee Lheue,Aceh,Kendaraan,16,Golongan V - Penumpang,GOL V A,2026-08-21,10:00,2627160930380753777,0,987000.0,987000.0,IDR,OK,200,Ship schedule found.
1516,14,Balohan,Ulee Lheue,Aceh,Kendaraan,17,Golongan V - Barang,GOL V B,2026-08-21,10:00,2627160930380753777,0,629000.0,629000.0,IDR,OK,200,Ship schedule found.
1516,14,Balohan,Ulee Lheue,Aceh,Kendaraan,18,Golongan VI - Penumpang,GOL VI A,2026-08-21,10:00,2627160930380753777,0,1614000.0,1614000.0,IDR,OK,200,Ship schedule found.
1516,14,Balohan,Ulee Lheue,Aceh,Kendaraan,19,Golongan VI - Barang,GOL VI B,2026-08-21,10:00,2627160930380753777,0,936000.0,936000.0,IDR,OK,200,Ship schedule found.
1516,14,Balohan,Ulee Lheue,Aceh,Kendaraan,20,Golongan VII,GOL VII,2026-08-21,10:00,2627160930380753777,0,1293000.0,1293000.0,IDR,OK,200,Ship schedule found.
1516,14,Balohan,Ulee Lheue,Aceh,Kendaraan,21,Golongan VIII,GOL VIII,2026-08-21,10:00,2627160930380753777,0,1708000.0,1708000.0,IDR,OK,200,Ship schedule found.
1516,14,Balohan,Ulee Lheue,Aceh,Kendaraan,22,Golongan IX,GOL IX,2026-08-21,10:00,2627160930380753777,0,2419000.0,2419000.0,IDR,OK,200,Ship schedule found.
1516,14,Balohan,Ulee Lheue,Aceh,Pejalan Kaki,7,Dewasa Ekonomi,DEWASA,2026-08-21,10:00,2627160930380753777,158,37000.0,37000.0,IDR,OK,200,Ship schedule found.
1516,14,Balohan,Ulee Lheue,Aceh,Pejalan Kaki,9,Bayi Ekonomi,BAYI,2026-08-21,10:00,2627160930380753777,7,6200.0,6200.0,IDR,OK,200,Ship schedule found.
174191,174,Kalabahi,Naikliu,Nusa Tenggara Timur,,,,,2026-08-21,,,,,,IDR,NO_SERVICE_TYPES,0,No service types configured for route
174531,174,Kalabahi,Pura,Nusa Tenggara Timur,Kendaraan,11,Golongan I,GOL I,2026-08-21,,,,,,IDR,SCHEDULE_DATA_NOT_FOUND,0,Gateway returned no schedule data for route
174531,174,Kalabahi,Pura,Nusa Tenggara Timur,Kendaraan,12,Golongan II ,GOL II,2026-08-21,,,,,,IDR,SCHEDULE_DATA_NOT_FOUND,0,Gateway returned no schedule data for route
174531,174,Kalabahi,Pura,Nusa Tenggara Timur,Kendaraan,13,Golongan III,GOL III,2026-08-21,,,,,,IDR,SCHEDULE_DATA_NOT_FOUND,0,Gateway returned no schedule data for route
174531,174,Kalabahi,Pura,Nusa Tenggara Timur,Kendaraan,14,Golongan IV - Penumpang,GOL IV A,2026-08-21,,,,,,IDR,SCHEDULE_DATA_NOT_FOUND,0,Gateway returned no schedule data for route
174531,174,Kalabahi,Pura,Nusa Tenggara Timur,Kendaraan,15,Golongan IV - Barang,GOL IV B,2026-08-21,,,,,,IDR,SCHEDULE_DATA_NOT_FOUND,0,Gateway returned no schedule data for route
174531,174,Kalabahi,Pura,Nusa Tenggara Timur,Kendaraan,16,Golongan V - Penumpang,GOL V A,2026-08-21,,,,,,IDR,SCHEDULE_DATA_NOT_FOUND,0,Gateway returned no schedule data for route
174531,174,Kalabahi,Pura,Nusa Tenggara Timur,Kendaraan,17,Golongan V - Barang,GOL V B,2026-08-21,,,,,,IDR,SCHEDULE_DATA_NOT_FOUND,0,Gateway returned no schedule data for route
174531,174,Kalabahi,Pura,Nusa Tenggara Timur,Kendaraan,18,Golongan VI - Penumpang,GOL VI A,2026-08-21,,,,,,IDR,SCHEDULE_DATA_NOT_FOUND,0,Gateway returned no schedule data for route
174531,174,Kalabahi,Pura,Nusa Tenggara Timur,Kendaraan,19,Golongan VI - Barang,GOL VI B,2026-08-21,,,,,,IDR,SCHEDULE_DATA_NOT_FOUND,0,Gateway returned no schedule data for route
174531,174,Kalabahi,Pura,Nusa Tenggara Timur,Kendaraan,20,Golongan VII,GOL VII,2026-08-21,,,,,,IDR,SCHEDULE_DATA_NOT_FOUND,0,Gateway returned no schedule data for route
174531,174,Kalabahi,Pura,Nusa Tenggara Timur,Kendaraan,21,Golongan VIII,GOL VIII,2026-08-21,,,,,,IDR,SCHEDULE_DATA_NOT_FOUND,0,Gateway returned no schedule data for route
174531,174,Kalabahi,Pura,Nusa Tenggara Timur,Kendaraan,22,Golongan IX,GOL IX,2026-08-21,,,,,,IDR,SCHEDULE_DATA_NOT_FOUND,0,Gateway returned no schedule data for route
174531,174,Kalabahi,Pura,Nusa Tenggara Timur,Pejalan Kaki,7,Dewasa Ekonomi,DEWASA,2026-08-21,,,,,,IDR,SCHEDULE_DATA_NOT_FOUND,0,Gateway returned no schedule data for route
174531,174,Kalabahi,Pura,Nusa Tenggara Timur,Pejalan Kaki,8,Anak - Anak Ekonomi,ANAK,2026-08-21,,,,,,IDR,SCHEDULE_DATA_NOT_FOUND,0,Gateway returned no schedule data for route
177342,177,Waingapu,Raijua,Nusa Tenggara Timur,Kendaraan,11,Golongan I,GOL I,2026-08-21,,,,,,IDR,SCHEDULE_DATA_NOT_FOUND,0,Gateway returned no schedule data for route
177342,177,Waingapu,Raijua,Nusa Tenggara Timur,Kendaraan,12,Golongan II ,GOL II,2026-08-21,,,,,,IDR,SCHEDULE_DATA_NOT_FOUND,0,Gateway returned no schedule data for route
177342,177,Waingapu,Raijua,Nusa Tenggara Timur,Kendaraan,13,Golongan III,GOL III,2026-08-21,,,,,,IDR,SCHEDULE_DATA_NOT_FOUND,0,Gateway returned no schedule data for route
177342,177,Waingapu,Raijua,Nusa Tenggara Timur,Kendaraan,14,Golongan IV - Penumpang,GOL IV A,2026-08-21,,,,,,IDR,SCHEDULE_DATA_NOT_FOUND,0,Gateway returned no schedule data for route
177342,177,Waingapu,Raijua,Nusa Tenggara Timur,Kendaraan,15,Golongan IV - Barang,GOL IV B,2026-08-21,,,,,,IDR,SCHEDULE_DATA_NOT_FOUND,0,Gateway returned no schedule data for route
177342,177,Waingapu,Raijua,Nusa Tenggara Timur,Kendaraan,16,Golongan V - Penumpang,GOL V A,2026-08-21,,,,,,IDR,SCHEDULE_DATA_NOT_FOUND,0,Gateway returned no schedule data for route
177342,177,Waingapu,Raijua,Nusa Tenggara Timur,Kendaraan,17,Golongan V - Barang,GOL V B,2026-08-21,,,,,,IDR,SCHEDULE_DATA_NOT_FOUND,0,Gateway returned no schedule data for route
177342,177,Waingapu,Raijua,Nusa Tenggara Timur,Kendaraan,18,Golongan VI - Penumpang,GOL VI A,2026-08-21,,,,,,IDR,SCHEDULE_DATA_NOT_FOUND,0,Gateway returned no schedule data for route
177342,177,Waingapu,Raijua,Nusa Tenggara Timur,Kendaraan,19,Golongan VI - Barang,GOL VI B,2026-08-21,,,,,,IDR,SCHEDULE_DATA_NOT_FOUND,0,Gateway returned no schedule data for route
177342,177,Waingapu,Raijua,Nusa Tenggara Timur,Kendaraan,20,Golongan VII,GOL VII,2026-08-21,,,,,,IDR,SCHEDULE_DATA_NOT_FOUND,0,Gateway returned no schedule data for route
177342,177,Waingapu,Raijua,Nusa Tenggara Timur,Kendaraan,21,Golongan VIII,GOL VIII,2026-08-21,,,,,,IDR,SCHEDULE_DATA_NOT_FOUND,0,Gateway returned no schedule data for route
177342,177,Waingapu,Raijua,Nusa Tenggara Timur,Kendaraan,22,Golongan IX,GOL IX,2026-08-21,,,,,,IDR,SCHEDULE_DATA_NOT_FOUND,0,Gateway returned no schedule data for route
177342,177,Waingapu,Raijua,Nusa Tenggara Timur,Pejalan Kaki,5,Dewasa Bisnis I,DEWASA,2026-08-21,,,,,,IDR,SCHEDULE_DATA_NOT_FOUND,0,Gateway returned no schedule data for route
177342,177,Waingapu,Raijua,Nusa Tenggara Timur,Pejalan Kaki,6,Anak - Anak Bisnis I,ANAK,2026-08-21,,,,,,IDR,SCHEDULE_DATA_NOT_FOUND,0,Gateway returned no schedule data for route
177342,177,Waingapu,Raijua,Nusa Tenggara Timur,Pejalan Kaki,7,Dewasa Ekonomi,DEWASA,2026-08-21,,,,,,IDR,SCHEDULE_DATA_NOT_FOUND,0,Gateway returned no schedule data for route
177342,177,Waingapu,Raijua,Nusa Tenggara Timur,Pejalan Kaki,8,Anak - Anak Ekonomi,ANAK,2026-08-21,,,,,,IDR,SCHEDULE_DATA_NOT_FOUND,0,Gateway returned no schedule data for route
18,10,Bawean,Gresik,Jawa Timur,Kendaraan,11,Golongan I,GOL I,2026-08-21,,,,,,IDR,NO_SCHEDULE_FOR_DATE,0,No departure slots found for date 2026-08-21 (2 total across other dates)
18,10,Bawean,Gresik,Jawa Timur,Kendaraan,12,Golongan II ,GOL II,2026-08-21,,,,,,IDR,NO_SCHEDULE_FOR_DATE,0,No departure slots found for date 2026-08-21 (2 total across other dates)
18,10,Bawean,Gresik,Jawa Timur,Kendaraan,13,Golongan III,GOL III,2026-08-21,,,,,,IDR,NO_SCHEDULE_FOR_DATE,0,No departure slots found for date 2026-08-21 (2 total across other dates)
18,10,Bawean,Gresik,Jawa Timur,Kendaraan,14,Golongan IV - Penumpang,GOL IV A,2026-08-21,,,,,,IDR,NO_SCHEDULE_FOR_DATE,0,No departure slots found for date 2026-08-21 (2 total across other dates)
18,10,Bawean,Gresik,Jawa Timur,Kendaraan,15,Golongan IV - Barang,GOL IV B,2026-08-21,,,,,,IDR,NO_SCHEDULE_FOR_DATE,0,No departure slots found for date 2026-08-21 (2 total across other dates)
18,10,Bawean,Gresik,Jawa Timur,Kendaraan,16,Golongan V - Penumpang,GOL V A,2026-08-21,,,,,,IDR,NO_SCHEDULE_FOR_DATE,0,No departure slots found for date 2026-08-21 (2 total across other dates)
18,10,Bawean,Gresik,Jawa Timur,Kendaraan,17,Golongan V - Barang,GOL V B,2026-08-21,,,,,,IDR,NO_SCHEDULE_FOR_DATE,0,No departure slots found for date 2026-08-21 (2 total across other dates)
18,10,Bawean,Gresik,Jawa Timur,Kendaraan,18,Golongan VI - Penumpang,GOL VI A,2026-08-21,,,,,,IDR,NO_SCHEDULE_FOR_DATE,0,No departure slots found for date 2026-08-21 (2 total across other dates)
18,10,Bawean,Gresik,Jawa Timur,Kendaraan,19,Golongan VI - Barang,GOL VI B,2026-08-21,,,,,,IDR,NO_SCHEDULE_FOR_DATE,0,No departure slots found for date 2026-08-21 (2 total across other dates)
18,10,Bawean,Gresik,Jawa Timur,Kendaraan,20,Golongan VII,GOL VII,2026-08-21,,,,,,IDR,NO_SCHEDULE_FOR_DATE,0,No departure slots found for date 2026-08-21 (2 total across other dates)
18,10,Bawean,Gresik,Jawa Timur,Kendaraan,21,Golongan VIII,GOL VIII,2026-08-21,,,,,,IDR,NO_SCHEDULE_FOR_DATE,0,No departure slots found for date 2026-08-21 (2 total across other dates)
18,10,Bawean,Gresik,Jawa Timur,Kendaraan,22,Golongan IX,GOL IX,2026-08-21,,,,,,IDR,NO_SCHEDULE_FOR_DATE,0,No departure slots found for date 2026-08-21 (2 total across other dates)
18,10,Bawean,Gresik,Jawa Timur,Pejalan Kaki,5,Dewasa Bisnis I,DEWASA,2026-08-21,,,,,,IDR,NO_SCHEDULE_FOR_DATE,0,No departure slots found for date 2026-08-21 (2 total across other dates)
18,10,Bawean,Gresik,Jawa Timur,Pejalan Kaki,6,Anak - Anak Bisnis I,ANAK,2026-08-21,,,,,,IDR,NO_SCHEDULE_FOR_DATE,0,No departure slots found for date 2026-08-21 (2 total across other dates)
18,10,Bawean,Gresik,Jawa Timur,Pejalan Kaki,7,Dewasa Ekonomi,DEWASA,2026-08-21,,,,,,IDR,NO_SCHEDULE_FOR_DATE,0,No departure slots found for date 2026-08-21 (2 total across other dates)
18,10,Bawean,Gresik,Jawa Timur,Pejalan Kaki,8,Anak - Anak Ekonomi,ANAK,2026-08-21,,,,,,IDR,NO_SCHEDULE_FOR_DATE,0,No departure slots found for date 2026-08-21 (2 total across other dates)
18,10,Bawean,Gresik,Jawa Timur,Pejalan Kaki,9,Bayi Ekonomi,BAYI,2026-08-21,,,,,,IDR,NO_SCHEDULE_FOR_DATE,0,No departure slots found for date 2026-08-21 (2 total across other dates)
182439,9,Paciran,Bahaur,Kalimantan Tengah,Kendaraan,11,Golongan I,GOL I,2026-08-21,,,,,,IDR,NO_SCHEDULE_FOR_DATE,0,No departure slots found for date 2026-08-21 (2 total across other dates)
182439,9,Paciran,Bahaur,Kalimantan Tengah,Kendaraan,12,Golongan II ,GOL II,2026-08-21,,,,,,IDR,NO_SCHEDULE_FOR_DATE,0,No departure slots found for date 2026-08-21 (2 total across other dates)
182439,9,Paciran,Bahaur,Kalimantan Tengah,Kendaraan,13,Golongan III,GOL III,2026-08-21,,,,,,IDR,NO_SCHEDULE_FOR_DATE,0,No departure slots found for date 2026-08-21 (2 total across other dates)
182439,9,Paciran,Bahaur,Kalimantan Tengah,Kendaraan,14,Golongan IV - Penumpang,GOL IV A,2026-08-21,,,,,,IDR,NO_SCHEDULE_FOR_DATE,0,No departure slots found for date 2026-08-21 (2 total across other dates)
182439,9,Paciran,Bahaur,Kalimantan Tengah,Kendaraan,15,Golongan IV - Barang,GOL IV B,2026-08-21,,,,,,IDR,NO_SCHEDULE_FOR_DATE,0,No departure slots found for date 2026-08-21 (2 total across other dates)
182439,9,Paciran,Bahaur,Kalimantan Tengah,Kendaraan,16,Golongan V - Penumpang,GOL V A,2026-08-21,,,,,,IDR,NO_SCHEDULE_FOR_DATE,0,No departure slots found for date 2026-08-21 (2 total across other dates)
182439,9,Paciran,Bahaur,Kalimantan Tengah,Kendaraan,17,Golongan V - Barang,GOL V B,2026-08-21,,,,,,IDR,NO_SCHEDULE_FOR_DATE,0,No departure slots found for date 2026-08-21 (2 total across other dates)
182439,9,Paciran,Bahaur,Kalimantan Tengah,Kendaraan,18,Golongan VI - Penumpang,GOL VI A,2026-08-21,,,,,,IDR,NO_SCHEDULE_FOR_DATE,0,No departure slots found for date 2026-08-21 (2 total across other dates)
182439,9,Paciran,Bahaur,Kalimantan Tengah,Kendaraan,19,Golongan VI - Barang,GOL VI B,2026-08-21,,,,,,IDR,NO_SCHEDULE_FOR_DATE,0,No departure slots found for date 2026-08-21 (2 total across other dates)
182439,9,Paciran,Bahaur,Kalimantan Tengah,Kendaraan,20,Golongan VII,GOL VII,2026-08-21,,,,,,IDR,NO_SCHEDULE_FOR_DATE,0,No departure slots found for date 2026-08-21 (2 total across other dates)
182439,9,Paciran,Bahaur,Kalimantan Tengah,Kendaraan,21,Golongan VIII,GOL VIII,2026-08-21,,,,,,IDR,NO_SCHEDULE_FOR_DATE,0,No departure slots found for date 2026-08-21 (2 total across other dates)
182439,9,Paciran,Bahaur,Kalimantan Tengah,Kendaraan,22,Golongan IX,GOL IX,2026-08-21,,,,,,IDR,NO_SCHEDULE_FOR_DATE,0,No departure slots found for date 2026-08-21 (2 total across other dates)
182439,9,Paciran,Bahaur,Kalimantan Tengah,Pejalan Kaki,7,Dewasa Ekonomi,DEWASA,2026-08-21,,,,,,IDR,NO_SCHEDULE_FOR_DATE,0,No departure slots found for date 2026-08-21 (2 total across other dates)
182439,9,Paciran,Bahaur,Kalimantan Tengah,Pejalan Kaki,9,Bayi Ekonomi,BAYI,2026-08-21,,,,,,IDR,NO_SCHEDULE_FOR_DATE,0,No departure slots found for date 2026-08-21 (2 total across other dates)
19,11,Gresik,Bawean,Jawa Timur,Kendaraan,11,Golongan I,GOL I,2026-08-21,,,,,,IDR,NO_SCHEDULE_FOR_DATE,0,No departure slots found for date 2026-08-21 (3 total across other dates)
19,11,Gresik,Bawean,Jawa Timur,Kendaraan,12,Golongan II ,GOL II,2026-08-21,,,,,,IDR,NO_SCHEDULE_FOR_DATE,0,No departure slots found for date 2026-08-21 (3 total across other dates)
19,11,Gresik,Bawean,Jawa Timur,Kendaraan,13,Golongan III,GOL III,2026-08-21,,,,,,IDR,NO_SCHEDULE_FOR_DATE,0,No departure slots found for date 2026-08-21 (3 total across other dates)
19,11,Gresik,Bawean,Jawa Timur,Kendaraan,14,Golongan IV - Penumpang,GOL IV A,2026-08-21,,,,,,IDR,NO_SCHEDULE_FOR_DATE,0,No departure slots found for date 2026-08-21 (3 total across other dates)
19,11,Gresik,Bawean,Jawa Timur,Kendaraan,15,Golongan IV - Barang,GOL IV B,2026-08-21,,,,,,IDR,NO_SCHEDULE_FOR_DATE,0,No departure slots found for date 2026-08-21 (3 total across other dates)
19,11,Gresik,Bawean,Jawa Timur,Kendaraan,16,Golongan V - Penumpang,GOL V A,2026-08-21,,,,,,IDR,NO_SCHEDULE_FOR_DATE,0,No departure slots found for date 2026-08-21 (3 total across other dates)
19,11,Gresik,Bawean,Jawa Timur,Kendaraan,17,Golongan V - Barang,GOL V B,2026-08-21,,,,,,IDR,NO_SCHEDULE_FOR_DATE,0,No departure slots found for date 2026-08-21 (3 total across other dates)
19,11,Gresik,Bawean,Jawa Timur,Kendaraan,18,Golongan VI - Penumpang,GOL VI A,2026-08-21,,,,,,IDR,NO_SCHEDULE_FOR_DATE,0,No departure slots found for date 2026-08-21 (3 total across other dates)
19,11,Gresik,Bawean,Jawa Timur,Kendaraan,19,Golongan VI - Barang,GOL VI B,2026-08-21,,,,,,IDR,NO_SCHEDULE_FOR_DATE,0,No departure slots found for date 2026-08-21 (3 total across other dates)
19,11,Gresik,Bawean,Jawa Timur,Kendaraan,20,Golongan VII,GOL VII,2026-08-21,,,,,,IDR,NO_SCHEDULE_FOR_DATE,0,No departure slots found for date 2026-08-21 (3 total across other dates)
19,11,Gresik,Bawean,Jawa Timur,Kendaraan,21,Golongan VIII,GOL VIII,2026-08-21,,,,,,IDR,NO_SCHEDULE_FOR_DATE,0,No departure slots found for date 2026-08-21 (3 total across other dates)
19,11,Gresik,Bawean,Jawa Timur,Kendaraan,22,Golongan IX,GOL IX,2026-08-21,,,,,,IDR,NO_SCHEDULE_FOR_DATE,0,No departure slots found for date 2026-08-21 (3 total across other dates)
19,11,Gresik,Bawean,Jawa Timur,Pejalan Kaki,5,Dewasa Bisnis I,DEWASA,2026-08-21,,,,,,IDR,NO_SCHEDULE_FOR_DATE,0,No departure slots found for date 2026-08-21 (3 total across other dates)
19,11,Gresik,Bawean,Jawa Timur,Pejalan Kaki,6,Anak - Anak Bisnis I,ANAK,2026-08-21,,,,,,IDR,NO_SCHEDULE_FOR_DATE,0,No departure slots found for date 2026-08-21 (3 total across other dates)
19,11,Gresik,Bawean,Jawa Timur,Pejalan Kaki,7,Dewasa Ekonomi,DEWASA,2026-08-21,,,,,,IDR,NO_SCHEDULE_FOR_DATE,0,No departure slots found for date 2026-08-21 (3 total across other dates)
19,11,Gresik,Bawean,Jawa Timur,Pejalan Kaki,8,Anak - Anak Ekonomi,ANAK,2026-08-21,,,,,,IDR,NO_SCHEDULE_FOR_DATE,0,No departure slots found for date 2026-08-21 (3 total across other dates)
19,11,Gresik,Bawean,Jawa Timur,Pejalan Kaki,9,Bayi Ekonomi,BAYI,2026-08-21,,,,,,IDR,NO_SCHEDULE_FOR_DATE,0,No departure slots found for date 2026-08-21 (3 total across other dates)
198014,19,Telaga Punggur,Kuala Tungkal,Jambi,Kendaraan,11,Golongan I,GOL I,2026-08-21,15:00,2627160930380748968,0,223900.0,223900.0,IDR,OK,200,Ship schedule found.
198014,19,Telaga Punggur,Kuala Tungkal,Jambi,Kendaraan,12,Golongan II ,GOL II,2026-08-21,15:00,2627160930380748968,26,410700.0,410700.0,IDR,OK,200,Ship schedule found.
198014,19,Telaga Punggur,Kuala Tungkal,Jambi,Kendaraan,13,Golongan III,GOL III,2026-08-21,15:00,2627160930380748968,0,858000.0,858000.0,IDR,OK,200,Ship schedule found.
198014,19,Telaga Punggur,Kuala Tungkal,Jambi,Kendaraan,14,Golongan IV - Penumpang,GOL IV A,2026-08-21,15:00,2627160930380748968,10,2898600.0,2898600.0,IDR,OK,200,Ship schedule found.
198014,19,Telaga Punggur,Kuala Tungkal,Jambi,Kendaraan,15,Golongan IV - Barang,GOL IV B,2026-08-21,15:00,2627160930380748968,5,2647200.0,2647200.0,IDR,OK,200,Ship schedule found.
198014,19,Telaga Punggur,Kuala Tungkal,Jambi,Kendaraan,16,Golongan V - Penumpang,GOL V A,2026-08-21,15:00,2627160930380748968,0,5394200.0,5394200.0,IDR,OK,200,Ship schedule found.
198014,19,Telaga Punggur,Kuala Tungkal,Jambi,Kendaraan,17,Golongan V - Barang,GOL V B,2026-08-21,15:00,2627160930380748968,9,4546300.0,4546300.0,IDR,OK,200,Ship schedule found.
198014,19,Telaga Punggur,Kuala Tungkal,Jambi,Kendaraan,18,Golongan VI - Penumpang,GOL VI A,2026-08-21,15:00,2627160930380748968,0,8984900.0,8984900.0,IDR,OK,200,Ship schedule found.
198014,19,Telaga Punggur,Kuala Tungkal,Jambi,Kendaraan,19,Golongan VI - Barang,GOL VI B,2026-08-21,15:00,2627160930380748968,0,7457600.0,7457600.0,IDR,OK,200,Ship schedule found.
198014,19,Telaga Punggur,Kuala Tungkal,Jambi,Kendaraan,20,Golongan VII,GOL VII,2026-08-21,15:00,2627160930380748968,0,9355000.0,9355000.0,IDR,OK,200,Ship schedule found.
198014,19,Telaga Punggur,Kuala Tungkal,Jambi,Kendaraan,21,Golongan VIII,GOL VIII,2026-08-21,15:00,2627160930380748968,0,13532900.0,13532900.0,IDR,OK,200,Ship schedule found.
198014,19,Telaga Punggur,Kuala Tungkal,Jambi,Kendaraan,22,Golongan IX,GOL IX,2026-08-21,15:00,2627160930380748968,0,19714000.0,19714000.0,IDR,OK,200,Ship schedule found.
198014,19,Telaga Punggur,Kuala Tungkal,Jambi,Pejalan Kaki,7,Dewasa Ekonomi,DEWASA,2026-08-21,15:00,2627160930380748968,191,186000.0,186000.0,IDR,OK,200,Ship schedule found.
198014,19,Telaga Punggur,Kuala Tungkal,Jambi,Pejalan Kaki,9,Bayi Ekonomi,BAYI,2026-08-21,15:00,2627160930380748968,10,18400.0,18400.0,IDR,OK,200,Ship schedule found.
198563,198,Lembar,Jangkar,Jawa Timur,Kendaraan,11,Golongan I,GOL I,2026-08-21,,,,,,IDR,NO_SCHEDULE_FOR_DATE,0,No departure slots found for date 2026-08-21 (1 total across other dates)
198563,198,Lembar,Jangkar,Jawa Timur,Kendaraan,12,Golongan II ,GOL II,2026-08-21,,,,,,IDR,NO_SCHEDULE_FOR_DATE,0,No departure slots found for date 2026-08-21 (1 total across other dates)
198563,198,Lembar,Jangkar,Jawa Timur,Kendaraan,13,Golongan III,GOL III,2026-08-21,,,,,,IDR,NO_SCHEDULE_FOR_DATE,0,No departure slots found for date 2026-08-21 (1 total across other dates)
198563,198,Lembar,Jangkar,Jawa Timur,Kendaraan,14,Golongan IV - Penumpang,GOL IV A,2026-08-21,,,,,,IDR,NO_SCHEDULE_FOR_DATE,0,No departure slots found for date 2026-08-21 (1 total across other dates)
198563,198,Lembar,Jangkar,Jawa Timur,Kendaraan,15,Golongan IV - Barang,GOL IV B,2026-08-21,,,,,,IDR,NO_SCHEDULE_FOR_DATE,0,No departure slots found for date 2026-08-21 (1 total across other dates)
198563,198,Lembar,Jangkar,Jawa Timur,Kendaraan,16,Golongan V - Penumpang,GOL V A,2026-08-21,,,,,,IDR,NO_SCHEDULE_FOR_DATE,0,No departure slots found for date 2026-08-21 (1 total across other dates)
198563,198,Lembar,Jangkar,Jawa Timur,Kendaraan,17,Golongan V - Barang,GOL V B,2026-08-21,,,,,,IDR,NO_SCHEDULE_FOR_DATE,0,No departure slots found for date 2026-08-21 (1 total across other dates)
198563,198,Lembar,Jangkar,Jawa Timur,Kendaraan,18,Golongan VI - Penumpang,GOL VI A,2026-08-21,,,,,,IDR,NO_SCHEDULE_FOR_DATE,0,No departure slots found for date 2026-08-21 (1 total across other dates)
198563,198,Lembar,Jangkar,Jawa Timur,Kendaraan,19,Golongan VI - Barang,GOL VI B,2026-08-21,,,,,,IDR,NO_SCHEDULE_FOR_DATE,0,No departure slots found for date 2026-08-21 (1 total across other dates)
198563,198,Lembar,Jangkar,Jawa Timur,Kendaraan,20,Golongan VII,GOL VII,2026-08-21,,,,,,IDR,NO_SCHEDULE_FOR_DATE,0,No departure slots found for date 2026-08-21 (1 total across other dates)
198563,198,Lembar,Jangkar,Jawa Timur,Kendaraan,21,Golongan VIII,GOL VIII,2026-08-21,,,,,,IDR,NO_SCHEDULE_FOR_DATE,0,No departure slots found for date 2026-08-21 (1 total across other dates)
198563,198,Lembar,Jangkar,Jawa Timur,Kendaraan,22,Golongan IX,GOL IX,2026-08-21,,,,,,IDR,NO_SCHEDULE_FOR_DATE,0,No departure slots found for date 2026-08-21 (1 total across other dates)
198563,198,Lembar,Jangkar,Jawa Timur,Pejalan Kaki,7,Dewasa Ekonomi,DEWASA,2026-08-21,,,,,,IDR,NO_SCHEDULE_FOR_DATE,0,No departure slots found for date 2026-08-21 (1 total across other dates)
198563,198,Lembar,Jangkar,Jawa Timur,Pejalan Kaki,9,Bayi Ekonomi,BAYI,2026-08-21,,,,,,IDR,NO_SCHEDULE_FOR_DATE,0,No departure slots found for date 2026-08-21 (1 total across other dates)
198568,198,Lembar,Probolinggo,Jawa Timur,Kendaraan,12,Golongan II ,GOL II,2026-08-21,,,,,,IDR,SCHEDULE_DATA_NOT_FOUND,0,Gateway returned no schedule data for route
198568,198,Lembar,Probolinggo,Jawa Timur,Pejalan Kaki,7,Dewasa Ekonomi,DEWASA,2026-08-21,,,,,,IDR,SCHEDULE_DATA_NOT_FOUND,0,Gateway returned no schedule data for route
199436,199,Labuan Bajo,Waingapu,Nusa Tenggara Timur,Kendaraan,11,Golongan I,GOL I,2026-08-21,,,,,,IDR,SCHEDULE_DATA_NOT_FOUND,0,Gateway returned no schedule data for route
199436,199,Labuan Bajo,Waingapu,Nusa Tenggara Timur,Kendaraan,12,Golongan II ,GOL II,2026-08-21,,,,,,IDR,SCHEDULE_DATA_NOT_FOUND,0,Gateway returned no schedule data for route
199436,199,Labuan Bajo,Waingapu,Nusa Tenggara Timur,Kendaraan,13,Golongan III,GOL III,2026-08-21,,,,,,IDR,SCHEDULE_DATA_NOT_FOUND,0,Gateway returned no schedule data for route
199436,199,Labuan Bajo,Waingapu,Nusa Tenggara Timur,Kendaraan,14,Golongan IV - Penumpang,GOL IV A,2026-08-21,,,,,,IDR,SCHEDULE_DATA_NOT_FOUND,0,Gateway returned no schedule data for route
199436,199,Labuan Bajo,Waingapu,Nusa Tenggara Timur,Kendaraan,15,Golongan IV - Barang,GOL IV B,2026-08-21,,,,,,IDR,SCHEDULE_DATA_NOT_FOUND,0,Gateway returned no schedule data for route
199436,199,Labuan Bajo,Waingapu,Nusa Tenggara Timur,Kendaraan,16,Golongan V - Penumpang,GOL V A,2026-08-21,,,,,,IDR,SCHEDULE_DATA_NOT_FOUND,0,Gateway returned no schedule data for route
199436,199,Labuan Bajo,Waingapu,Nusa Tenggara Timur,Kendaraan,17,Golongan V - Barang,GOL V B,2026-08-21,,,,,,IDR,SCHEDULE_DATA_NOT_FOUND,0,Gateway returned no schedule data for route
199436,199,Labuan Bajo,Waingapu,Nusa Tenggara Timur,Kendaraan,18,Golongan VI - Penumpang,GOL VI A,2026-08-21,,,,,,IDR,SCHEDULE_DATA_NOT_FOUND,0,Gateway returned no schedule data for route
199436,199,Labuan Bajo,Waingapu,Nusa Tenggara Timur,Kendaraan,19,Golongan VI - Barang,GOL VI B,2026-08-21,,,,,,IDR,SCHEDULE_DATA_NOT_FOUND,0,Gateway returned no schedule data for route
199436,199,Labuan Bajo,Waingapu,Nusa Tenggara Timur,Kendaraan,20,Golongan VII,GOL VII,2026-08-21,,,,,,IDR,SCHEDULE_DATA_NOT_FOUND,0,Gateway returned no schedule data for route
199436,199,Labuan Bajo,Waingapu,Nusa Tenggara Timur,Kendaraan,21,Golongan VIII,GOL VIII,2026-08-21,,,,,,IDR,SCHEDULE_DATA_NOT_FOUND,0,Gateway returned no schedule data for route
199436,199,Labuan Bajo,Waingapu,Nusa Tenggara Timur,Kendaraan,22,Golongan IX,GOL IX,2026-08-21,,,,,,IDR,SCHEDULE_DATA_NOT_FOUND,0,Gateway returned no schedule data for route
199436,199,Labuan Bajo,Waingapu,Nusa Tenggara Timur,Pejalan Kaki,7,Dewasa Ekonomi,DEWASA,2026-08-21,,,,,,IDR,SCHEDULE_DATA_NOT_FOUND,0,Gateway returned no schedule data for route
199436,199,Labuan Bajo,Waingapu,Nusa Tenggara Timur,Pejalan Kaki,8,Anak - Anak Ekonomi,ANAK,2026-08-21,,,,,,IDR,SCHEDULE_DATA_NOT_FOUND,0,Gateway returned no schedule data for route
199477,199,Labuan Bajo,Jampea ,Sulawesi Selatan,Kendaraan,11,Golongan I,GOL I,2026-08-21,,,,,,IDR,NO_SCHEDULE_FOR_DATE,0,No departure slots found for date 2026-08-21 (1 total across other dates)
199477,199,Labuan Bajo,Jampea ,Sulawesi Selatan,Kendaraan,12,Golongan II ,GOL II,2026-08-21,,,,,,IDR,NO_SCHEDULE_FOR_DATE,0,No departure slots found for date 2026-08-21 (1 total across other dates)
199477,199,Labuan Bajo,Jampea ,Sulawesi Selatan,Kendaraan,13,Golongan III,GOL III,2026-08-21,,,,,,IDR,NO_SCHEDULE_FOR_DATE,0,No departure slots found for date 2026-08-21 (1 total across other dates)
199477,199,Labuan Bajo,Jampea ,Sulawesi Selatan,Kendaraan,14,Golongan IV - Penumpang,GOL IV A,2026-08-21,,,,,,IDR,NO_SCHEDULE_FOR_DATE,0,No departure slots found for date 2026-08-21 (1 total across other dates)
199477,199,Labuan Bajo,Jampea ,Sulawesi Selatan,Kendaraan,15,Golongan IV - Barang,GOL IV B,2026-08-21,,,,,,IDR,NO_SCHEDULE_FOR_DATE,0,No departure slots found for date 2026-08-21 (1 total across other dates)
199477,199,Labuan Bajo,Jampea ,Sulawesi Selatan,Kendaraan,16,Golongan V - Penumpang,GOL V A,2026-08-21,,,,,,IDR,NO_SCHEDULE_FOR_DATE,0,No departure slots found for date 2026-08-21 (1 total across other dates)
199477,199,Labuan Bajo,Jampea ,Sulawesi Selatan,Kendaraan,17,Golongan V - Barang,GOL V B,2026-08-21,,,,,,IDR,NO_SCHEDULE_FOR_DATE,0,No departure slots found for date 2026-08-21 (1 total across other dates)
199477,199,Labuan Bajo,Jampea ,Sulawesi Selatan,Kendaraan,18,Golongan VI - Penumpang,GOL VI A,2026-08-21,,,,,,IDR,NO_SCHEDULE_FOR_DATE,0,No departure slots found for date 2026-08-21 (1 total across other dates)
199477,199,Labuan Bajo,Jampea ,Sulawesi Selatan,Kendaraan,19,Golongan VI - Barang,GOL VI B,2026-08-21,,,,,,IDR,NO_SCHEDULE_FOR_DATE,0,No departure slots found for date 2026-08-21 (1 total across other dates)
199477,199,Labuan Bajo,Jampea ,Sulawesi Selatan,Kendaraan,20,Golongan VII,GOL VII,2026-08-21,,,,,,IDR,NO_SCHEDULE_FOR_DATE,0,No departure slots found for date 2026-08-21 (1 total across other dates)
199477,199,Labuan Bajo,Jampea ,Sulawesi Selatan,Kendaraan,21,Golongan VIII,GOL VIII,2026-08-21,,,,,,IDR,NO_SCHEDULE_FOR_DATE,0,No departure slots found for date 2026-08-21 (1 total across other dates)
199477,199,Labuan Bajo,Jampea ,Sulawesi Selatan,Kendaraan,22,Golongan IX,GOL IX,2026-08-21,,,,,,IDR,NO_SCHEDULE_FOR_DATE,0,No departure slots found for date 2026-08-21 (1 total across other dates)
199477,199,Labuan Bajo,Jampea ,Sulawesi Selatan,Pejalan Kaki,7,Dewasa Ekonomi,DEWASA,2026-08-21,,,,,,IDR,NO_SCHEDULE_FOR_DATE,0,No departure slots found for date 2026-08-21 (1 total across other dates)
199477,199,Labuan Bajo,Jampea ,Sulawesi Selatan,Pejalan Kaki,9,Bayi Ekonomi,BAYI,2026-08-21,,,,,,IDR,NO_SCHEDULE_FOR_DATE,0,No departure slots found for date 2026-08-21 (1 total across other dates)
199478,199,Labuan Bajo,Bira ,Sulawesi Selatan,Kendaraan,11,Golongan I,GOL I,2026-08-21,,,,,,IDR,SCHEDULE_DATA_NOT_FOUND,0,Gateway returned no schedule data for route
199478,199,Labuan Bajo,Bira ,Sulawesi Selatan,Kendaraan,12,Golongan II ,GOL II,2026-08-21,,,,,,IDR,SCHEDULE_DATA_NOT_FOUND,0,Gateway returned no schedule data for route
199478,199,Labuan Bajo,Bira ,Sulawesi Selatan,Kendaraan,13,Golongan III,GOL III,2026-08-21,,,,,,IDR,SCHEDULE_DATA_NOT_FOUND,0,Gateway returned no schedule data for route
199478,199,Labuan Bajo,Bira ,Sulawesi Selatan,Kendaraan,14,Golongan IV - Penumpang,GOL IV A,2026-08-21,,,,,,IDR,SCHEDULE_DATA_NOT_FOUND,0,Gateway returned no schedule data for route
199478,199,Labuan Bajo,Bira ,Sulawesi Selatan,Kendaraan,15,Golongan IV - Barang,GOL IV B,2026-08-21,,,,,,IDR,SCHEDULE_DATA_NOT_FOUND,0,Gateway returned no schedule data for route
199478,199,Labuan Bajo,Bira ,Sulawesi Selatan,Kendaraan,16,Golongan V - Penumpang,GOL V A,2026-08-21,,,,,,IDR,SCHEDULE_DATA_NOT_FOUND,0,Gateway returned no schedule data for route
199478,199,Labuan Bajo,Bira ,Sulawesi Selatan,Kendaraan,17,Golongan V - Barang,GOL V B,2026-08-21,,,,,,IDR,SCHEDULE_DATA_NOT_FOUND,0,Gateway returned no schedule data for route
199478,199,Labuan Bajo,Bira ,Sulawesi Selatan,Kendaraan,18,Golongan VI - Penumpang,GOL VI A,2026-08-21,,,,,,IDR,SCHEDULE_DATA_NOT_FOUND,0,Gateway returned no schedule data for route
199478,199,Labuan Bajo,Bira ,Sulawesi Selatan,Kendaraan,19,Golongan VI - Barang,GOL VI B,2026-08-21,,,,,,IDR,SCHEDULE_DATA_NOT_FOUND,0,Gateway returned no schedule data for route
199478,199,Labuan Bajo,Bira ,Sulawesi Selatan,Kendaraan,20,Golongan VII,GOL VII,2026-08-21,,,,,,IDR,SCHEDULE_DATA_NOT_FOUND,0,Gateway returned no schedule data for route
199478,199,Labuan Bajo,Bira ,Sulawesi Selatan,Kendaraan,21,Golongan VIII,GOL VIII,2026-08-21,,,,,,IDR,SCHEDULE_DATA_NOT_FOUND,0,Gateway returned no schedule data for route
199478,199,Labuan Bajo,Bira ,Sulawesi Selatan,Kendaraan,22,Golongan IX,GOL IX,2026-08-21,,,,,,IDR,SCHEDULE_DATA_NOT_FOUND,0,Gateway returned no schedule data for route
199478,199,Labuan Bajo,Bira ,Sulawesi Selatan,Pejalan Kaki,7,Dewasa Ekonomi,DEWASA,2026-08-21,,,,,,IDR,SCHEDULE_DATA_NOT_FOUND,0,Gateway returned no schedule data for route
199478,199,Labuan Bajo,Bira ,Sulawesi Selatan,Pejalan Kaki,9,Bayi Ekonomi,BAYI,2026-08-21,,,,,,IDR,SCHEDULE_DATA_NOT_FOUND,0,Gateway returned no schedule data for route
199559,199,Labuan Bajo,Pulau Rinca,Nusa Tenggara Timur,Kendaraan,11,Golongan I,GOL I,2026-08-21,,,,,,IDR,SCHEDULE_DATA_NOT_FOUND,0,Gateway returned no schedule data for route
199559,199,Labuan Bajo,Pulau Rinca,Nusa Tenggara Timur,Kendaraan,12,Golongan II ,GOL II,2026-08-21,,,,,,IDR,SCHEDULE_DATA_NOT_FOUND,0,Gateway returned no schedule data for route
199559,199,Labuan Bajo,Pulau Rinca,Nusa Tenggara Timur,Kendaraan,13,Golongan III,GOL III,2026-08-21,,,,,,IDR,SCHEDULE_DATA_NOT_FOUND,0,Gateway returned no schedule data for route
199559,199,Labuan Bajo,Pulau Rinca,Nusa Tenggara Timur,Kendaraan,14,Golongan IV - Penumpang,GOL IV A,2026-08-21,,,,,,IDR,SCHEDULE_DATA_NOT_FOUND,0,Gateway returned no schedule data for route
199559,199,Labuan Bajo,Pulau Rinca,Nusa Tenggara Timur,Kendaraan,15,Golongan IV - Barang,GOL IV B,2026-08-21,,,,,,IDR,SCHEDULE_DATA_NOT_FOUND,0,Gateway returned no schedule data for route
199559,199,Labuan Bajo,Pulau Rinca,Nusa Tenggara Timur,Kendaraan,16,Golongan V - Penumpang,GOL V A,2026-08-21,,,,,,IDR,SCHEDULE_DATA_NOT_FOUND,0,Gateway returned no schedule data for route
199559,199,Labuan Bajo,Pulau Rinca,Nusa Tenggara Timur,Kendaraan,17,Golongan V - Barang,GOL V B,2026-08-21,,,,,,IDR,SCHEDULE_DATA_NOT_FOUND,0,Gateway returned no schedule data for route
199559,199,Labuan Bajo,Pulau Rinca,Nusa Tenggara Timur,Kendaraan,18,Golongan VI - Penumpang,GOL VI A,2026-08-21,,,,,,IDR,SCHEDULE_DATA_NOT_FOUND,0,Gateway returned no schedule data for route
199559,199,Labuan Bajo,Pulau Rinca,Nusa Tenggara Timur,Kendaraan,19,Golongan VI - Barang,GOL VI B,2026-08-21,,,,,,IDR,SCHEDULE_DATA_NOT_FOUND,0,Gateway returned no schedule data for route
199559,199,Labuan Bajo,Pulau Rinca,Nusa Tenggara Timur,Kendaraan,20,Golongan VII,GOL VII,2026-08-21,,,,,,IDR,SCHEDULE_DATA_NOT_FOUND,0,Gateway returned no schedule data for route
199559,199,Labuan Bajo,Pulau Rinca,Nusa Tenggara Timur,Kendaraan,20,Golongan VII,GOL VII,2026-08-21,,,,,,IDR,SCHEDULE_DATA_NOT_FOUND,0,Gateway returned no schedule data for route
199559,199,Labuan Bajo,Pulau Rinca,Nusa Tenggara Timur,Kendaraan,21,Golongan VIII,GOL VIII,2026-08-21,,,,,,IDR,SCHEDULE_DATA_NOT_FOUND,0,Gateway returned no schedule data for route
199559,199,Labuan Bajo,Pulau Rinca,Nusa Tenggara Timur,Kendaraan,22,Golongan IX,GOL IX,2026-08-21,,,,,,IDR,SCHEDULE_DATA_NOT_FOUND,0,Gateway returned no schedule data for route
199559,199,Labuan Bajo,Pulau Rinca,Nusa Tenggara Timur,Pejalan Kaki,7,Dewasa Ekonomi,DEWASA,2026-08-21,,,,,,IDR,SCHEDULE_DATA_NOT_FOUND,0,Gateway returned no schedule data for route
199559,199,Labuan Bajo,Pulau Rinca,Nusa Tenggara Timur,Pejalan Kaki,9,Bayi Ekonomi,BAYI,2026-08-21,,,,,,IDR,SCHEDULE_DATA_NOT_FOUND,0,Gateway returned no schedule data for route
20,9,Paciran,Bawean,Jawa Timur,Kendaraan,11,Golongan I,GOL I,2026-08-21,21:00,2627160930380752187,0,35000.0,35000.0,IDR,OK,200,Ship schedule found.
20,9,Paciran,Bawean,Jawa Timur,Kendaraan,12,Golongan II ,GOL II,2026-08-21,21:00,2627160930380752187,0,120000.0,120000.0,IDR,OK,200,Ship schedule found.
20,9,Paciran,Bawean,Jawa Timur,Kendaraan,13,Golongan III,GOL III,2026-08-21,21:00,2627160930380752187,0,308000.0,308000.0,IDR,OK,200,Ship schedule found.
20,9,Paciran,Bawean,Jawa Timur,Kendaraan,14,Golongan IV - Penumpang,GOL IV A,2026-08-21,21:00,2627160930380752187,0,1098000.0,1098000.0,IDR,OK,200,Ship schedule found.
20,9,Paciran,Bawean,Jawa Timur,Kendaraan,15,Golongan IV - Barang,GOL IV B,2026-08-21,21:00,2627160930380752187,0,1099000.0,1099000.0,IDR,OK,200,Ship schedule found.
20,9,Paciran,Bawean,Jawa Timur,Kendaraan,16,Golongan V - Penumpang,GOL V A,2026-08-21,21:00,2627160930380752187,0,1223000.0,1223000.0,IDR,OK,200,Ship schedule found.
20,9,Paciran,Bawean,Jawa Timur,Kendaraan,17,Golongan V - Barang,GOL V B,2026-08-21,21:00,2627160930380752187,0,1758000.0,1758000.0,IDR,OK,200,Ship schedule found.
20,9,Paciran,Bawean,Jawa Timur,Kendaraan,18,Golongan VI - Penumpang,GOL VI A,2026-08-21,21:00,2627160930380752187,0,1942000.0,1942000.0,IDR,OK,200,Ship schedule found.
20,9,Paciran,Bawean,Jawa Timur,Kendaraan,19,Golongan VI - Barang,GOL VI B,2026-08-21,21:00,2627160930380752187,0,2119000.0,2119000.0,IDR,OK,200,Ship schedule found.
20,9,Paciran,Bawean,Jawa Timur,Kendaraan,20,Golongan VII,GOL VII,2026-08-21,21:00,2627160930380752187,0,2314000.0,2314000.0,IDR,OK,200,Ship schedule found.
20,9,Paciran,Bawean,Jawa Timur,Kendaraan,21,Golongan VIII,GOL VIII,2026-08-21,21:00,2627160930380752187,0,2488000.0,2488000.0,IDR,OK,200,Ship schedule found.
20,9,Paciran,Bawean,Jawa Timur,Kendaraan,22,Golongan IX,GOL IX,2026-08-21,21:00,2627160930380752187,0,2691000.0,2691000.0,IDR,OK,200,Ship schedule found.
20,9,Paciran,Bawean,Jawa Timur,Pejalan Kaki,5,Dewasa Bisnis I,DEWASA,2026-08-21,21:00,2627160930380752187,0,122000.0,122000.0,IDR,OK,200,Ship schedule found.
20,9,Paciran,Bawean,Jawa Timur,Pejalan Kaki,504,Bayi Bisnis,BAYI,2026-08-21,21:00,2627160930380752187,0,12900.0,12900.0,IDR,OK,200,Ship schedule found.
20,9,Paciran,Bawean,Jawa Timur,Pejalan Kaki,525,SUPLESI BAYI EKONOMI KE BISNIS,SUPLESI,2026-08-21,21:00,2627160930380752187,0,4000.0,4000.0,IDR,OK,200,Ship schedule found.
20,9,Paciran,Bawean,Jawa Timur,Pejalan Kaki,7,Dewasa Ekonomi,DEWASA,2026-08-21,21:00,2627160930380752187,0,95000.0,95000.0,IDR,OK,200,Ship schedule found.
20,9,Paciran,Bawean,Jawa Timur,Pejalan Kaki,9,Bayi Ekonomi,BAYI,2026-08-21,21:00,2627160930380752187,0,10000.0,10000.0,IDR,OK,200,Ship schedule found.
200201,200,Sape,Waikelo,Nusa Tenggara Timur,Kendaraan,11,Golongan I,GOL I,2026-08-21,,,,,,IDR,SCHEDULE_DATA_NOT_FOUND,0,Gateway returned no schedule data for route
200201,200,Sape,Waikelo,Nusa Tenggara Timur,Kendaraan,12,Golongan II ,GOL II,2026-08-21,,,,,,IDR,SCHEDULE_DATA_NOT_FOUND,0,Gateway returned no schedule data for route
200201,200,Sape,Waikelo,Nusa Tenggara Timur,Kendaraan,13,Golongan III,GOL III,2026-08-21,,,,,,IDR,SCHEDULE_DATA_NOT_FOUND,0,Gateway returned no schedule data for route
200201,200,Sape,Waikelo,Nusa Tenggara Timur,Kendaraan,14,Golongan IV - Penumpang,GOL IV A,2026-08-21,,,,,,IDR,SCHEDULE_DATA_NOT_FOUND,0,Gateway returned no schedule data for route
200201,200,Sape,Waikelo,Nusa Tenggara Timur,Kendaraan,15,Golongan IV - Barang,GOL IV B,2026-08-21,,,,,,IDR,SCHEDULE_DATA_NOT_FOUND,0,Gateway returned no schedule data for route
200201,200,Sape,Waikelo,Nusa Tenggara Timur,Kendaraan,16,Golongan V - Penumpang,GOL V A,2026-08-21,,,,,,IDR,SCHEDULE_DATA_NOT_FOUND,0,Gateway returned no schedule data for route
200201,200,Sape,Waikelo,Nusa Tenggara Timur,Kendaraan,17,Golongan V - Barang,GOL V B,2026-08-21,,,,,,IDR,SCHEDULE_DATA_NOT_FOUND,0,Gateway returned no schedule data for route
200201,200,Sape,Waikelo,Nusa Tenggara Timur,Kendaraan,18,Golongan VI - Penumpang,GOL VI A,2026-08-21,,,,,,IDR,SCHEDULE_DATA_NOT_FOUND,0,Gateway returned no schedule data for route
200201,200,Sape,Waikelo,Nusa Tenggara Timur,Kendaraan,19,Golongan VI - Barang,GOL VI B,2026-08-21,,,,,,IDR,SCHEDULE_DATA_NOT_FOUND,0,Gateway returned no schedule data for route
200201,200,Sape,Waikelo,Nusa Tenggara Timur,Kendaraan,20,Golongan VII,GOL VII,2026-08-21,,,,,,IDR,SCHEDULE_DATA_NOT_FOUND,0,Gateway returned no schedule data for route
200201,200,Sape,Waikelo,Nusa Tenggara Timur,Kendaraan,21,Golongan VIII,GOL VIII,2026-08-21,,,,,,IDR,SCHEDULE_DATA_NOT_FOUND,0,Gateway returned no schedule data for route
200201,200,Sape,Waikelo,Nusa Tenggara Timur,Kendaraan,22,Golongan IX,GOL IX,2026-08-21,,,,,,IDR,SCHEDULE_DATA_NOT_FOUND,0,Gateway returned no schedule data for route
200201,200,Sape,Waikelo,Nusa Tenggara Timur,Pejalan Kaki,7,Dewasa Ekonomi,DEWASA,2026-08-21,,,,,,IDR,SCHEDULE_DATA_NOT_FOUND,0,Gateway returned no schedule data for route
200201,200,Sape,Waikelo,Nusa Tenggara Timur,Pejalan Kaki,9,Bayi Ekonomi,BAYI,2026-08-21,,,,,,IDR,SCHEDULE_DATA_NOT_FOUND,0,Gateway returned no schedule data for route
2003,2,Karimun Jawa,Jepara,Jawa Tengah,Kendaraan,11,Golongan I,GOL I,2026-08-21,13:30,2627160930380734955,0,77000.0,77000.0,IDR,OK,200,Ship schedule found.
2003,2,Karimun Jawa,Jepara,Jawa Tengah,Kendaraan,12,Golongan II ,GOL II,2026-08-21,13:30,2627160930380734955,0,125000.0,125000.0,IDR,OK,200,Ship schedule found.
2003,2,Karimun Jawa,Jepara,Jawa Tengah,Kendaraan,13,Golongan III,GOL III,2026-08-21,13:30,2627160930380734955,0,282000.0,282000.0,IDR,OK,200,Ship schedule found.
2003,2,Karimun Jawa,Jepara,Jawa Tengah,Kendaraan,14,Golongan IV - Penumpang,GOL IV A,2026-08-21,13:30,2627160930380734955,0,991000.0,991000.0,IDR,OK,200,Ship schedule found.
2003,2,Karimun Jawa,Jepara,Jawa Tengah,Kendaraan,15,Golongan IV - Barang,GOL IV B,2026-08-21,13:30,2627160930380734955,2,1089000.0,1089000.0,IDR,OK,200,Ship schedule found.
2003,2,Karimun Jawa,Jepara,Jawa Tengah,Kendaraan,16,Golongan V - Penumpang,GOL V A,2026-08-21,13:30,2627160930380734955,0,1796000.0,1796000.0,IDR,OK,200,Ship schedule found.
2003,2,Karimun Jawa,Jepara,Jawa Tengah,Kendaraan,17,Golongan V - Barang,GOL V B,2026-08-21,13:30,2627160930380734955,3,1767000.0,1767000.0,IDR,OK,200,Ship schedule found.
2003,2,Karimun Jawa,Jepara,Jawa Tengah,Kendaraan,18,Golongan VI - Penumpang,GOL VI A,2026-08-21,13:30,2627160930380734955,0,2187000.0,2187000.0,IDR,OK,200,Ship schedule found.
2003,2,Karimun Jawa,Jepara,Jawa Tengah,Kendaraan,19,Golongan VI - Barang,GOL VI B,2026-08-21,13:30,2627160930380734955,0,2538000.0,2538000.0,IDR,OK,200,Ship schedule found.
2003,2,Karimun Jawa,Jepara,Jawa Tengah,Kendaraan,20,Golongan VII,GOL VII,2026-08-21,13:30,2627160930380734955,0,2774000.0,2774000.0,IDR,OK,200,Ship schedule found.
2003,2,Karimun Jawa,Jepara,Jawa Tengah,Kendaraan,21,Golongan VIII,GOL VIII,2026-08-21,13:30,2627160930380734955,0,3350000.0,3350000.0,IDR,OK,200,Ship schedule found.
2003,2,Karimun Jawa,Jepara,Jawa Tengah,Kendaraan,22,Golongan IX,GOL IX,2026-08-21,13:30,2627160930380734955,0,6000000.0,6000000.0,IDR,OK,200,Ship schedule found.
2003,2,Karimun Jawa,Jepara,Jawa Tengah,Kendaraan,518,Ambulance,GOL IV B,2026-08-21,13:30,2627160930380734955,,,,IDR,HTTP_400,400,"{""status"": ""false"", ""message"": ""Ship schedule not found."", ""data"": null}"
2003,2,Karimun Jawa,Jepara,Jawa Tengah,Kendaraan,519,Kendaraan Badan Penanggulangan Bencana Daerah,GOL IV B,2026-08-21,13:30,2627160930380734955,,,,IDR,HTTP_400,400,"{""status"": ""false"", ""message"": ""Ship schedule not found."", ""data"": null}"
2003,2,Karimun Jawa,Jepara,Jawa Tengah,Pejalan Kaki,5,Dewasa Bisnis I,DEWASA,2026-08-21,13:30,2627160930380734955,0,151000.0,151000.0,IDR,OK,200,Ship schedule found.
2003,2,Karimun Jawa,Jepara,Jawa Tengah,Pejalan Kaki,504,Bayi Bisnis,BAYI,2026-08-21,13:30,2627160930380734955,0,23000.0,23000.0,IDR,OK,200,Ship schedule found.
2003,2,Karimun Jawa,Jepara,Jawa Tengah,Pejalan Kaki,517,Tenaga Kesehatan,DEWASA,2026-08-21,13:30,2627160930380734955,0,15000.0,15000.0,IDR,OK,200,Ship schedule found.
2003,2,Karimun Jawa,Jepara,Jawa Tengah,Pejalan Kaki,7,Dewasa Ekonomi,DEWASA,2026-08-21,13:30,2627160930380734955,70,105000.0,105000.0,IDR,OK,200,Ship schedule found.
2003,2,Karimun Jawa,Jepara,Jawa Tengah,Pejalan Kaki,9,Bayi Ekonomi,BAYI,2026-08-21,13:30,2627160930380734955,9,15000.0,15000.0,IDR,OK,200,Ship schedule found.
200436,200,Sape,Waingapu,Nusa Tenggara Timur,Kendaraan,11,Golongan I,GOL I,2026-08-21,,,,,,IDR,SCHEDULE_DATA_NOT_FOUND,0,Gateway returned no schedule data for route
200436,200,Sape,Waingapu,Nusa Tenggara Timur,Kendaraan,12,Golongan II ,GOL II,2026-08-21,,,,,,IDR,SCHEDULE_DATA_NOT_FOUND,0,Gateway returned no schedule data for route
200436,200,Sape,Waingapu,Nusa Tenggara Timur,Kendaraan,13,Golongan III,GOL III,2026-08-21,,,,,,IDR,SCHEDULE_DATA_NOT_FOUND,0,Gateway returned no schedule data for route
200436,200,Sape,Waingapu,Nusa Tenggara Timur,Kendaraan,14,Golongan IV - Penumpang,GOL IV A,2026-08-21,,,,,,IDR,SCHEDULE_DATA_NOT_FOUND,0,Gateway returned no schedule data for route
200436,200,Sape,Waingapu,Nusa Tenggara Timur,Kendaraan,15,Golongan IV - Barang,GOL IV B,2026-08-21,,,,,,IDR,SCHEDULE_DATA_NOT_FOUND,0,Gateway returned no schedule data for route
200436,200,Sape,Waingapu,Nusa Tenggara Timur,Kendaraan,16,Golongan V - Penumpang,GOL V A,2026-08-21,,,,,,IDR,SCHEDULE_DATA_NOT_FOUND,0,Gateway returned no schedule data for route
200436,200,Sape,Waingapu,Nusa Tenggara Timur,Kendaraan,17,Golongan V - Barang,GOL V B,2026-08-21,,,,,,IDR,SCHEDULE_DATA_NOT_FOUND,0,Gateway returned no schedule data for route
200436,200,Sape,Waingapu,Nusa Tenggara Timur,Kendaraan,18,Golongan VI - Penumpang,GOL VI A,2026-08-21,,,,,,IDR,SCHEDULE_DATA_NOT_FOUND,0,Gateway returned no schedule data for route
200436,200,Sape,Waingapu,Nusa Tenggara Timur,Kendaraan,19,Golongan VI - Barang,GOL VI B,2026-08-21,,,,,,IDR,SCHEDULE_DATA_NOT_FOUND,0,Gateway returned no schedule data for route
200436,200,Sape,Waingapu,Nusa Tenggara Timur,Kendaraan,20,Golongan VII,GOL VII,2026-08-21,,,,,,IDR,SCHEDULE_DATA_NOT_FOUND,0,Gateway returned no schedule data for route
200436,200,Sape,Waingapu,Nusa Tenggara Timur,Kendaraan,21,Golongan VIII,GOL VIII,2026-08-21,,,,,,IDR,SCHEDULE_DATA_NOT_FOUND,0,Gateway returned no schedule data for route
200436,200,Sape,Waingapu,Nusa Tenggara Timur,Kendaraan,22,Golongan IX,GOL IX,2026-08-21,,,,,,IDR,SCHEDULE_DATA_NOT_FOUND,0,Gateway returned no schedule data for route
200436,200,Sape,Waingapu,Nusa Tenggara Timur,Pejalan Kaki,5,Dewasa Bisnis I,DEWASA,2026-08-21,,,,,,IDR,SCHEDULE_DATA_NOT_FOUND,0,Gateway returned no schedule data for route
200436,200,Sape,Waingapu,Nusa Tenggara Timur,Pejalan Kaki,6,Anak - Anak Bisnis I,ANAK,2026-08-21,,,,,,IDR,SCHEDULE_DATA_NOT_FOUND,0,Gateway returned no schedule data for route
200436,200,Sape,Waingapu,Nusa Tenggara Timur,Pejalan Kaki,7,Dewasa Ekonomi,DEWASA,2026-08-21,,,,,,IDR,SCHEDULE_DATA_NOT_FOUND,0,Gateway returned no schedule data for route
200436,200,Sape,Waingapu,Nusa Tenggara Timur,Pejalan Kaki,9,Bayi Ekonomi,BAYI,2026-08-21,,,,,,IDR,SCHEDULE_DATA_NOT_FOUND,0,Gateway returned no schedule data for route
201027,566,Probolinggo,Lembar,Nusa Tenggara Barat,Kendaraan,12,Golongan II ,GOL II,2026-08-21,,,,,,IDR,SCHEDULE_DATA_NOT_FOUND,0,Gateway returned no schedule data for route
201027,566,Probolinggo,Lembar,Nusa Tenggara Barat,Pejalan Kaki,7,Dewasa Ekonomi,DEWASA,2026-08-21,,,,,,IDR,SCHEDULE_DATA_NOT_FOUND,0,Gateway returned no schedule data for route
201200,201,Waikelo,Sape,Nusa Tenggara Barat,Kendaraan,11,Golongan I,GOL I,2026-08-21,,,,,,IDR,SCHEDULE_DATA_NOT_FOUND,0,Gateway returned no schedule data for route
201200,201,Waikelo,Sape,Nusa Tenggara Barat,Kendaraan,12,Golongan II ,GOL II,2026-08-21,,,,,,IDR,SCHEDULE_DATA_NOT_FOUND,0,Gateway returned no schedule data for route
201200,201,Waikelo,Sape,Nusa Tenggara Barat,Kendaraan,13,Golongan III,GOL III,2026-08-21,,,,,,IDR,SCHEDULE_DATA_NOT_FOUND,0,Gateway returned no schedule data for route
201200,201,Waikelo,Sape,Nusa Tenggara Barat,Kendaraan,14,Golongan IV - Penumpang,GOL IV A,2026-08-21,,,,,,IDR,SCHEDULE_DATA_NOT_FOUND,0,Gateway returned no schedule data for route
201200,201,Waikelo,Sape,Nusa Tenggara Barat,Kendaraan,15,Golongan IV - Barang,GOL IV B,2026-08-21,,,,,,IDR,SCHEDULE_DATA_NOT_FOUND,0,Gateway returned no schedule data for route
201200,201,Waikelo,Sape,Nusa Tenggara Barat,Kendaraan,16,Golongan V - Penumpang,GOL V A,2026-08-21,,,,,,IDR,SCHEDULE_DATA_NOT_FOUND,0,Gateway returned no schedule data for route
201200,201,Waikelo,Sape,Nusa Tenggara Barat,Kendaraan,17,Golongan V - Barang,GOL V B,2026-08-21,,,,,,IDR,SCHEDULE_DATA_NOT_FOUND,0,Gateway returned no schedule data for route
201200,201,Waikelo,Sape,Nusa Tenggara Barat,Kendaraan,18,Golongan VI - Penumpang,GOL VI A,2026-08-21,,,,,,IDR,SCHEDULE_DATA_NOT_FOUND,0,Gateway returned no schedule data for route
201200,201,Waikelo,Sape,Nusa Tenggara Barat,Kendaraan,19,Golongan VI - Barang,GOL VI B,2026-08-21,,,,,,IDR,SCHEDULE_DATA_NOT_FOUND,0,Gateway returned no schedule data for route
201200,201,Waikelo,Sape,Nusa Tenggara Barat,Kendaraan,20,Golongan VII,GOL VII,2026-08-21,,,,,,IDR,SCHEDULE_DATA_NOT_FOUND,0,Gateway returned no schedule data for route
201200,201,Waikelo,Sape,Nusa Tenggara Barat,Kendaraan,21,Golongan VIII,GOL VIII,2026-08-21,,,,,,IDR,SCHEDULE_DATA_NOT_FOUND,0,Gateway returned no schedule data for route
201200,201,Waikelo,Sape,Nusa Tenggara Barat,Kendaraan,22,Golongan IX,GOL IX,2026-08-21,,,,,,IDR,SCHEDULE_DATA_NOT_FOUND,0,Gateway returned no schedule data for route
201200,201,Waikelo,Sape,Nusa Tenggara Barat,Pejalan Kaki,7,Dewasa Ekonomi,DEWASA,2026-08-21,,,,,,IDR,SCHEDULE_DATA_NOT_FOUND,0,Gateway returned no schedule data for route
201200,201,Waikelo,Sape,Nusa Tenggara Barat,Pejalan Kaki,9,Bayi Ekonomi,BAYI,2026-08-21,,,,,,IDR,SCHEDULE_DATA_NOT_FOUND,0,Gateway returned no schedule data for route
202203,202,Kolaka,Bajoe,Sulawesi Selatan,Kendaraan,11,Golongan I,GOL I,2026-08-21,11:00,2627160930380753607,5,144300.0,144300.0,IDR,OK,200,Ship schedule found.
202203,202,Kolaka,Bajoe,Sulawesi Selatan,Kendaraan,12,Golongan II ,GOL II,2026-08-21,11:00,2627160930380753607,50,306100.0,306100.0,IDR,OK,200,Ship schedule found.
202203,202,Kolaka,Bajoe,Sulawesi Selatan,Kendaraan,13,Golongan III,GOL III,2026-08-21,11:00,2627160930380753607,5,519200.0,519200.0,IDR,OK,200,Ship schedule found.
202203,202,Kolaka,Bajoe,Sulawesi Selatan,Kendaraan,14,Golongan IV - Penumpang,GOL IV A,2026-08-21,11:00,2627160930380753607,15,1926600.0,1926600.0,IDR,OK,200,Ship schedule found.
202203,202,Kolaka,Bajoe,Sulawesi Selatan,Kendaraan,15,Golongan IV - Barang,GOL IV B,2026-08-21,11:00,2627160930380753607,10,1857000.0,1857000.0,IDR,OK,200,Ship schedule found.
202203,202,Kolaka,Bajoe,Sulawesi Selatan,Kendaraan,16,Golongan V - Penumpang,GOL V A,2026-08-21,11:00,2627160930380753607,10,3585700.0,3585700.0,IDR,OK,200,Ship schedule found.
202203,202,Kolaka,Bajoe,Sulawesi Selatan,Kendaraan,17,Golongan V - Barang,GOL V B,2026-08-21,11:00,2627160930380753607,10,3152500.0,3152500.0,IDR,OK,200,Ship schedule found.
202203,202,Kolaka,Bajoe,Sulawesi Selatan,Kendaraan,18,Golongan VI - Penumpang,GOL VI A,2026-08-21,11:00,2627160930380753607,10,6030600.0,6030600.0,IDR,OK,200,Ship schedule found.
202203,202,Kolaka,Bajoe,Sulawesi Selatan,Kendaraan,19,Golongan VI - Barang,GOL VI B,2026-08-21,11:00,2627160930380753607,10,5007800.0,5007800.0,IDR,OK,200,Ship schedule found.
202203,202,Kolaka,Bajoe,Sulawesi Selatan,Kendaraan,20,Golongan VII,GOL VII,2026-08-21,11:00,2627160930380753607,5,6216800.0,6216800.0,IDR,OK,200,Ship schedule found.
202203,202,Kolaka,Bajoe,Sulawesi Selatan,Kendaraan,21,Golongan VIII,GOL VIII,2026-08-21,11:00,2627160930380753607,5,8727700.0,8727700.0,IDR,OK,200,Ship schedule found.
202203,202,Kolaka,Bajoe,Sulawesi Selatan,Kendaraan,22,Golongan IX,GOL IX,2026-08-21,11:00,2627160930380753607,5,12711800.0,12711800.0,IDR,OK,200,Ship schedule found.
202203,202,Kolaka,Bajoe,Sulawesi Selatan,Pejalan Kaki,1,Dewasa,DEWASA,2026-08-21,11:00,2627160930380753607,0,96000.0,96000.0,IDR,OK,200,Ship schedule found.
202203,202,Kolaka,Bajoe,Sulawesi Selatan,Pejalan Kaki,7,Dewasa Ekonomi,DEWASA,2026-08-21,11:00,2627160930380753607,150,111400.0,111400.0,IDR,OK,200,Ship schedule found.
202203,202,Kolaka,Bajoe,Sulawesi Selatan,Pejalan Kaki,9,Bayi Ekonomi,BAYI,2026-08-21,11:00,2627160930380753607,5,11300.0,11300.0,IDR,OK,200,Ship schedule found.
202204,202,Kolaka,Siwa,Sulawesi Selatan,Kendaraan,11,Golongan I,GOL I,2026-08-21,,,,,,IDR,SCHEDULE_DATA_NOT_FOUND,0,Gateway returned no schedule data for route
202204,202,Kolaka,Siwa,Sulawesi Selatan,Kendaraan,12,Golongan II ,GOL II,2026-08-21,,,,,,IDR,SCHEDULE_DATA_NOT_FOUND,0,Gateway returned no schedule data for route
202204,202,Kolaka,Siwa,Sulawesi Selatan,Kendaraan,13,Golongan III,GOL III,2026-08-21,,,,,,IDR,SCHEDULE_DATA_NOT_FOUND,0,Gateway returned no schedule data for route
202204,202,Kolaka,Siwa,Sulawesi Selatan,Kendaraan,14,Golongan IV - Penumpang,GOL IV A,2026-08-21,,,,,,IDR,SCHEDULE_DATA_NOT_FOUND,0,Gateway returned no schedule data for route
202204,202,Kolaka,Siwa,Sulawesi Selatan,Kendaraan,15,Golongan IV - Barang,GOL IV B,2026-08-21,,,,,,IDR,SCHEDULE_DATA_NOT_FOUND,0,Gateway returned no schedule data for route
202204,202,Kolaka,Siwa,Sulawesi Selatan,Kendaraan,16,Golongan V - Penumpang,GOL V A,2026-08-21,,,,,,IDR,SCHEDULE_DATA_NOT_FOUND,0,Gateway returned no schedule data for route
202204,202,Kolaka,Siwa,Sulawesi Selatan,Kendaraan,17,Golongan V - Barang,GOL V B,2026-08-21,,,,,,IDR,SCHEDULE_DATA_NOT_FOUND,0,Gateway returned no schedule data for route
202204,202,Kolaka,Siwa,Sulawesi Selatan,Kendaraan,18,Golongan VI - Penumpang,GOL VI A,2026-08-21,,,,,,IDR,SCHEDULE_DATA_NOT_FOUND,0,Gateway returned no schedule data for route
202204,202,Kolaka,Siwa,Sulawesi Selatan,Kendaraan,19,Golongan VI - Barang,GOL VI B,2026-08-21,,,,,,IDR,SCHEDULE_DATA_NOT_FOUND,0,Gateway returned no schedule data for route
202204,202,Kolaka,Siwa,Sulawesi Selatan,Kendaraan,20,Golongan VII,GOL VII,2026-08-21,,,,,,IDR,SCHEDULE_DATA_NOT_FOUND,0,Gateway returned no schedule data for route
202204,202,Kolaka,Siwa,Sulawesi Selatan,Kendaraan,21,Golongan VIII,GOL VIII,2026-08-21,,,,,,IDR,SCHEDULE_DATA_NOT_FOUND,0,Gateway returned no schedule data for route
202204,202,Kolaka,Siwa,Sulawesi Selatan,Kendaraan,22,Golongan IX,GOL IX,2026-08-21,,,,,,IDR,SCHEDULE_DATA_NOT_FOUND,0,Gateway returned no schedule data for route
202204,202,Kolaka,Siwa,Sulawesi Selatan,Pejalan Kaki,7,Dewasa Ekonomi,DEWASA,2026-08-21,,,,,,IDR,SCHEDULE_DATA_NOT_FOUND,0,Gateway returned no schedule data for route
202204,202,Kolaka,Siwa,Sulawesi Selatan,Pejalan Kaki,9,Bayi Ekonomi,BAYI,2026-08-21,,,,,,IDR,SCHEDULE_DATA_NOT_FOUND,0,Gateway returned no schedule data for route
203202,203,Bajoe,Kolaka,Sulawesi Tenggara,Kendaraan,11,Golongan I,GOL I,2026-08-21,11:00,2627160930380753330,5,144300.0,144300.0,IDR,OK,200,Ship schedule found.
203202,203,Bajoe,Kolaka,Sulawesi Tenggara,Kendaraan,12,Golongan II ,GOL II,2026-08-21,11:00,2627160930380753330,50,306100.0,306100.0,IDR,OK,200,Ship schedule found.
203202,203,Bajoe,Kolaka,Sulawesi Tenggara,Kendaraan,13,Golongan III,GOL III,2026-08-21,11:00,2627160930380753330,5,519200.0,519200.0,IDR,OK,200,Ship schedule found.
203202,203,Bajoe,Kolaka,Sulawesi Tenggara,Kendaraan,14,Golongan IV - Penumpang,GOL IV A,2026-08-21,11:00,2627160930380753330,20,1926600.0,1926600.0,IDR,OK,200,Ship schedule found.
203202,203,Bajoe,Kolaka,Sulawesi Tenggara,Kendaraan,15,Golongan IV - Barang,GOL IV B,2026-08-21,11:00,2627160930380753330,20,1857000.0,1857000.0,IDR,OK,200,Ship schedule found.
203202,203,Bajoe,Kolaka,Sulawesi Tenggara,Kendaraan,16,Golongan V - Penumpang,GOL V A,2026-08-21,11:00,2627160930380753330,10,3585700.0,3585700.0,IDR,OK,200,Ship schedule found.
203202,203,Bajoe,Kolaka,Sulawesi Tenggara,Kendaraan,17,Golongan V - Barang,GOL V B,2026-08-21,11:00,2627160930380753330,20,3152500.0,3152500.0,IDR,OK,200,Ship schedule found.
203202,203,Bajoe,Kolaka,Sulawesi Tenggara,Kendaraan,18,Golongan VI - Penumpang,GOL VI A,2026-08-21,11:00,2627160930380753330,5,6030600.0,6030600.0,IDR,OK,200,Ship schedule found.
203202,203,Bajoe,Kolaka,Sulawesi Tenggara,Kendaraan,19,Golongan VI - Barang,GOL VI B,2026-08-21,11:00,2627160930380753330,10,5007800.0,5007800.0,IDR,OK,200,Ship schedule found.
203202,203,Bajoe,Kolaka,Sulawesi Tenggara,Kendaraan,20,Golongan VII,GOL VII,2026-08-21,11:00,2627160930380753330,10,6216800.0,6216800.0,IDR,OK,200,Ship schedule found.
203202,203,Bajoe,Kolaka,Sulawesi Tenggara,Kendaraan,21,Golongan VIII,GOL VIII,2026-08-21,11:00,2627160930380753330,5,8727700.0,8727700.0,IDR,OK,200,Ship schedule found.
203202,203,Bajoe,Kolaka,Sulawesi Tenggara,Kendaraan,22,Golongan IX,GOL IX,2026-08-21,11:00,2627160930380753330,5,12711800.0,12711800.0,IDR,OK,200,Ship schedule found.
203202,203,Bajoe,Kolaka,Sulawesi Tenggara,Pejalan Kaki,1,Dewasa,DEWASA,2026-08-21,11:00,2627160930380753330,0,105600.0,105600.0,IDR,OK,200,Ship schedule found.
203202,203,Bajoe,Kolaka,Sulawesi Tenggara,Pejalan Kaki,7,Dewasa Ekonomi,DEWASA,2026-08-21,11:00,2627160930380753330,150,111400.0,111400.0,IDR,OK,200,Ship schedule found.
203202,203,Bajoe,Kolaka,Sulawesi Tenggara,Pejalan Kaki,9,Bayi Ekonomi,BAYI,2026-08-21,11:00,2627160930380753330,5,11300.0,11300.0,IDR,OK,200,Ship schedule found.
208211,208,Baubau,Waara,Sulawesi Tenggara,Kendaraan,11,Golongan I,GOL I,2026-08-21,,,,,,IDR,SCHEDULE_DATA_NOT_FOUND,0,Gateway returned no schedule data for route
208211,208,Baubau,Waara,Sulawesi Tenggara,Kendaraan,12,Golongan II ,GOL II,2026-08-21,,,,,,IDR,SCHEDULE_DATA_NOT_FOUND,0,Gateway returned no schedule data for route
208211,208,Baubau,Waara,Sulawesi Tenggara,Kendaraan,13,Golongan III,GOL III,2026-08-21,,,,,,IDR,SCHEDULE_DATA_NOT_FOUND,0,Gateway returned no schedule data for route
208211,208,Baubau,Waara,Sulawesi Tenggara,Kendaraan,14,Golongan IV - Penumpang,GOL IV A,2026-08-21,,,,,,IDR,SCHEDULE_DATA_NOT_FOUND,0,Gateway returned no schedule data for route
208211,208,Baubau,Waara,Sulawesi Tenggara,Kendaraan,15,Golongan IV - Barang,GOL IV B,2026-08-21,,,,,,IDR,SCHEDULE_DATA_NOT_FOUND,0,Gateway returned no schedule data for route
208211,208,Baubau,Waara,Sulawesi Tenggara,Kendaraan,16,Golongan V - Penumpang,GOL V A,2026-08-21,,,,,,IDR,SCHEDULE_DATA_NOT_FOUND,0,Gateway returned no schedule data for route
208211,208,Baubau,Waara,Sulawesi Tenggara,Kendaraan,17,Golongan V - Barang,GOL V B,2026-08-21,,,,,,IDR,SCHEDULE_DATA_NOT_FOUND,0,Gateway returned no schedule data for route
208211,208,Baubau,Waara,Sulawesi Tenggara,Kendaraan,18,Golongan VI - Penumpang,GOL VI A,2026-08-21,,,,,,IDR,SCHEDULE_DATA_NOT_FOUND,0,Gateway returned no schedule data for route
208211,208,Baubau,Waara,Sulawesi Tenggara,Kendaraan,19,Golongan VI - Barang,GOL VI B,2026-08-21,,,,,,IDR,SCHEDULE_DATA_NOT_FOUND,0,Gateway returned no schedule data for route
208211,208,Baubau,Waara,Sulawesi Tenggara,Kendaraan,20,Golongan VII,GOL VII,2026-08-21,,,,,,IDR,SCHEDULE_DATA_NOT_FOUND,0,Gateway returned no schedule data for route
208211,208,Baubau,Waara,Sulawesi Tenggara,Kendaraan,21,Golongan VIII,GOL VIII,2026-08-21,,,,,,IDR,SCHEDULE_DATA_NOT_FOUND,0,Gateway returned no schedule data for route
208211,208,Baubau,Waara,Sulawesi Tenggara,Kendaraan,22,Golongan IX,GOL IX,2026-08-21,,,,,,IDR,SCHEDULE_DATA_NOT_FOUND,0,Gateway returned no schedule data for route
208211,208,Baubau,Waara,Sulawesi Tenggara,Kendaraan,514,Golongan BBM 5 TON,GOL V B,2026-08-21,,,,,,IDR,SCHEDULE_DATA_NOT_FOUND,0,Gateway returned no schedule data for route
208211,208,Baubau,Waara,Sulawesi Tenggara,Pejalan Kaki,7,Dewasa Ekonomi,DEWASA,2026-08-21,,,,,,IDR,SCHEDULE_DATA_NOT_FOUND,0,Gateway returned no schedule data for route
208211,208,Baubau,Waara,Sulawesi Tenggara,Pejalan Kaki,9,Bayi Ekonomi,BAYI,2026-08-21,,,,,,IDR,SCHEDULE_DATA_NOT_FOUND,0,Gateway returned no schedule data for route
21,10,Bawean,Paciran,Jawa Timur,Kendaraan,11,Golongan I,GOL I,2026-08-21,,,,,,IDR,NO_SCHEDULE_FOR_DATE,0,No departure slots found for date 2026-08-21 (5 total across other dates)
21,10,Bawean,Paciran,Jawa Timur,Kendaraan,12,Golongan II ,GOL II,2026-08-21,,,,,,IDR,NO_SCHEDULE_FOR_DATE,0,No departure slots found for date 2026-08-21 (5 total across other dates)
21,10,Bawean,Paciran,Jawa Timur,Kendaraan,13,Golongan III,GOL III,2026-08-21,,,,,,IDR,NO_SCHEDULE_FOR_DATE,0,No departure slots found for date 2026-08-21 (5 total across other dates)
21,10,Bawean,Paciran,Jawa Timur,Kendaraan,14,Golongan IV - Penumpang,GOL IV A,2026-08-21,,,,,,IDR,NO_SCHEDULE_FOR_DATE,0,No departure slots found for date 2026-08-21 (5 total across other dates)
21,10,Bawean,Paciran,Jawa Timur,Kendaraan,15,Golongan IV - Barang,GOL IV B,2026-08-21,,,,,,IDR,NO_SCHEDULE_FOR_DATE,0,No departure slots found for date 2026-08-21 (5 total across other dates)
21,10,Bawean,Paciran,Jawa Timur,Kendaraan,16,Golongan V - Penumpang,GOL V A,2026-08-21,,,,,,IDR,NO_SCHEDULE_FOR_DATE,0,No departure slots found for date 2026-08-21 (5 total across other dates)
21,10,Bawean,Paciran,Jawa Timur,Kendaraan,17,Golongan V - Barang,GOL V B,2026-08-21,,,,,,IDR,NO_SCHEDULE_FOR_DATE,0,No departure slots found for date 2026-08-21 (5 total across other dates)
21,10,Bawean,Paciran,Jawa Timur,Kendaraan,18,Golongan VI - Penumpang,GOL VI A,2026-08-21,,,,,,IDR,NO_SCHEDULE_FOR_DATE,0,No departure slots found for date 2026-08-21 (5 total across other dates)
21,10,Bawean,Paciran,Jawa Timur,Kendaraan,19,Golongan VI - Barang,GOL VI B,2026-08-21,,,,,,IDR,NO_SCHEDULE_FOR_DATE,0,No departure slots found for date 2026-08-21 (5 total across other dates)
21,10,Bawean,Paciran,Jawa Timur,Kendaraan,20,Golongan VII,GOL VII,2026-08-21,,,,,,IDR,NO_SCHEDULE_FOR_DATE,0,No departure slots found for date 2026-08-21 (5 total across other dates)
21,10,Bawean,Paciran,Jawa Timur,Kendaraan,21,Golongan VIII,GOL VIII,2026-08-21,,,,,,IDR,NO_SCHEDULE_FOR_DATE,0,No departure slots found for date 2026-08-21 (5 total across other dates)
21,10,Bawean,Paciran,Jawa Timur,Kendaraan,22,Golongan IX,GOL IX,2026-08-21,,,,,,IDR,NO_SCHEDULE_FOR_DATE,0,No departure slots found for date 2026-08-21 (5 total across other dates)
21,10,Bawean,Paciran,Jawa Timur,Pejalan Kaki,5,Dewasa Bisnis I,DEWASA,2026-08-21,,,,,,IDR,NO_SCHEDULE_FOR_DATE,0,No departure slots found for date 2026-08-21 (5 total across other dates)
21,10,Bawean,Paciran,Jawa Timur,Pejalan Kaki,504,Bayi Bisnis,BAYI,2026-08-21,,,,,,IDR,NO_SCHEDULE_FOR_DATE,0,No departure slots found for date 2026-08-21 (5 total across other dates)
21,10,Bawean,Paciran,Jawa Timur,Pejalan Kaki,525,SUPLESI BAYI EKONOMI KE BISNIS,SUPLESI,2026-08-21,,,,,,IDR,NO_SCHEDULE_FOR_DATE,0,No departure slots found for date 2026-08-21 (5 total across other dates)
21,10,Bawean,Paciran,Jawa Timur,Pejalan Kaki,6,Anak - Anak Bisnis I,ANAK,2026-08-21,,,,,,IDR,NO_SCHEDULE_FOR_DATE,0,No departure slots found for date 2026-08-21 (5 total across other dates)
21,10,Bawean,Paciran,Jawa Timur,Pejalan Kaki,7,Dewasa Ekonomi,DEWASA,2026-08-21,,,,,,IDR,NO_SCHEDULE_FOR_DATE,0,No departure slots found for date 2026-08-21 (5 total across other dates)
21,10,Bawean,Paciran,Jawa Timur,Pejalan Kaki,8,Anak - Anak Ekonomi,ANAK,2026-08-21,,,,,,IDR,NO_SCHEDULE_FOR_DATE,0,No departure slots found for date 2026-08-21 (5 total across other dates)
21,10,Bawean,Paciran,Jawa Timur,Pejalan Kaki,9,Bayi Ekonomi,BAYI,2026-08-21,,,,,,IDR,NO_SCHEDULE_FOR_DATE,0,No departure slots found for date 2026-08-21 (5 total across other dates)
217218,217,Kendari,Langara,Sulawesi Tenggara,Kendaraan,11,Golongan I,GOL I,2026-08-21,13:00,2627160930380753636,1,57000.0,57000.0,IDR,OK,200,Ship schedule found.
217218,217,Kendari,Langara,Sulawesi Tenggara,Kendaraan,12,Golongan II ,GOL II,2026-08-21,13:00,2627160930380753636,50,110000.0,110000.0,IDR,OK,200,Ship schedule found.
217218,217,Kendari,Langara,Sulawesi Tenggara,Kendaraan,13,Golongan III,GOL III,2026-08-21,13:00,2627160930380753636,1,310000.0,310000.0,IDR,OK,200,Ship schedule found.
217218,217,Kendari,Langara,Sulawesi Tenggara,Kendaraan,14,Golongan IV - Penumpang,GOL IV A,2026-08-21,13:00,2627160930380753636,3,810000.0,810000.0,IDR,OK,200,Ship schedule found.
217218,217,Kendari,Langara,Sulawesi Tenggara,Kendaraan,15,Golongan IV - Barang,GOL IV B,2026-08-21,13:00,2627160930380753636,3,760000.0,760000.0,IDR,OK,200,Ship schedule found.
217218,217,Kendari,Langara,Sulawesi Tenggara,Kendaraan,16,Golongan V - Penumpang,GOL V A,2026-08-21,13:00,2627160930380753636,1,1400000.0,1400000.0,IDR,OK,200,Ship schedule found.
217218,217,Kendari,Langara,Sulawesi Tenggara,Kendaraan,17,Golongan V - Barang,GOL V B,2026-08-21,13:00,2627160930380753636,2,1300000.0,1300000.0,IDR,OK,200,Ship schedule found.
217218,217,Kendari,Langara,Sulawesi Tenggara,Kendaraan,18,Golongan VI - Penumpang,GOL VI A,2026-08-21,13:00,2627160930380753636,1,2100000.0,2100000.0,IDR,OK,200,Ship schedule found.
217218,217,Kendari,Langara,Sulawesi Tenggara,Kendaraan,19,Golongan VI - Barang,GOL VI B,2026-08-21,13:00,2627160930380753636,2,1750000.0,1750000.0,IDR,OK,200,Ship schedule found.
217218,217,Kendari,Langara,Sulawesi Tenggara,Kendaraan,20,Golongan VII,GOL VII,2026-08-21,13:00,2627160930380753636,1,2850000.0,2850000.0,IDR,OK,200,Ship schedule found.
217218,217,Kendari,Langara,Sulawesi Tenggara,Kendaraan,21,Golongan VIII,GOL VIII,2026-08-21,13:00,2627160930380753636,1,3800000.0,3800000.0,IDR,OK,200,Ship schedule found.
217218,217,Kendari,Langara,Sulawesi Tenggara,Kendaraan,22,Golongan IX,GOL IX,2026-08-21,13:00,2627160930380753636,1,4800000.0,4800000.0,IDR,OK,200,Ship schedule found.
217218,217,Kendari,Langara,Sulawesi Tenggara,Pejalan Kaki,483,BISNIS BAYI,BAYI,2026-08-21,13:00,2627160930380753636,0,36000.0,36000.0,IDR,OK,200,Ship schedule found.
217218,217,Kendari,Langara,Sulawesi Tenggara,Pejalan Kaki,5,Dewasa Bisnis I,DEWASA,2026-08-21,13:00,2627160930380753636,0,65000.0,65000.0,IDR,OK,200,Ship schedule found.
217218,217,Kendari,Langara,Sulawesi Tenggara,Pejalan Kaki,525,SUPLESI BAYI EKONOMI KE BISNIS,SUPLESI,2026-08-21,13:00,2627160930380753636,0,32000.0,32000.0,IDR,OK,200,Ship schedule found.
217218,217,Kendari,Langara,Sulawesi Tenggara,Pejalan Kaki,7,Dewasa Ekonomi,DEWASA,2026-08-21,13:00,2627160930380753636,100,31000.0,31000.0,IDR,OK,200,Ship schedule found.
217218,217,Kendari,Langara,Sulawesi Tenggara,Pejalan Kaki,9,Bayi Ekonomi,BAYI,2026-08-21,13:00,2627160930380753636,10,4000.0,4000.0,IDR,OK,200,Ship schedule found.
218217,218,Langara,Kendari,Sulawesi Tenggara,Kendaraan,11,Golongan I,GOL I,2026-08-21,08:00,2627160930380753627,1,57000.0,57000.0,IDR,OK,200,Ship schedule found.
218217,218,Langara,Kendari,Sulawesi Tenggara,Kendaraan,12,Golongan II ,GOL II,2026-08-21,08:00,2627160930380753627,50,110000.0,110000.0,IDR,OK,200,Ship schedule found.
218217,218,Langara,Kendari,Sulawesi Tenggara,Kendaraan,13,Golongan III,GOL III,2026-08-21,08:00,2627160930380753627,1,310000.0,310000.0,IDR,OK,200,Ship schedule found.
218217,218,Langara,Kendari,Sulawesi Tenggara,Kendaraan,14,Golongan IV - Penumpang,GOL IV A,2026-08-21,08:00,2627160930380753627,3,810000.0,810000.0,IDR,OK,200,Ship schedule found.
218217,218,Langara,Kendari,Sulawesi Tenggara,Kendaraan,15,Golongan IV - Barang,GOL IV B,2026-08-21,08:00,2627160930380753627,3,760000.0,760000.0,IDR,OK,200,Ship schedule found.
218217,218,Langara,Kendari,Sulawesi Tenggara,Kendaraan,16,Golongan V - Penumpang,GOL V A,2026-08-21,08:00,2627160930380753627,1,1400000.0,1400000.0,IDR,OK,200,Ship schedule found.
218217,218,Langara,Kendari,Sulawesi Tenggara,Kendaraan,17,Golongan V - Barang,GOL V B,2026-08-21,08:00,2627160930380753627,2,1300000.0,1300000.0,IDR,OK,200,Ship schedule found.
218217,218,Langara,Kendari,Sulawesi Tenggara,Kendaraan,18,Golongan VI - Penumpang,GOL VI A,2026-08-21,08:00,2627160930380753627,1,2100000.0,2100000.0,IDR,OK,200,Ship schedule found.
218217,218,Langara,Kendari,Sulawesi Tenggara,Kendaraan,19,Golongan VI - Barang,GOL VI B,2026-08-21,08:00,2627160930380753627,2,1750000.0,1750000.0,IDR,OK,200,Ship schedule found.
218217,218,Langara,Kendari,Sulawesi Tenggara,Kendaraan,20,Golongan VII,GOL VII,2026-08-21,08:00,2627160930380753627,1,2850000.0,2850000.0,IDR,OK,200,Ship schedule found.
218217,218,Langara,Kendari,Sulawesi Tenggara,Kendaraan,21,Golongan VIII,GOL VIII,2026-08-21,08:00,2627160930380753627,1,3800000.0,3800000.0,IDR,OK,200,Ship schedule found.
218217,218,Langara,Kendari,Sulawesi Tenggara,Kendaraan,22,Golongan IX,GOL IX,2026-08-21,08:00,2627160930380753627,1,4800000.0,4800000.0,IDR,OK,200,Ship schedule found.
218217,218,Langara,Kendari,Sulawesi Tenggara,Pejalan Kaki,5,Dewasa Bisnis I,DEWASA,2026-08-21,08:00,2627160930380753627,0,65000.0,65000.0,IDR,OK,200,Ship schedule found.
218217,218,Langara,Kendari,Sulawesi Tenggara,Pejalan Kaki,504,Bayi Bisnis,BAYI,2026-08-21,08:00,2627160930380753627,0,36000.0,36000.0,IDR,OK,200,Ship schedule found.
218217,218,Langara,Kendari,Sulawesi Tenggara,Pejalan Kaki,525,SUPLESI BAYI EKONOMI KE BISNIS,SUPLESI,2026-08-21,08:00,2627160930380753627,0,32000.0,32000.0,IDR,OK,200,Ship schedule found.
218217,218,Langara,Kendari,Sulawesi Tenggara,Pejalan Kaki,7,Dewasa Ekonomi,DEWASA,2026-08-21,08:00,2627160930380753627,97,31000.0,31000.0,IDR,OK,200,Ship schedule found.
218217,218,Langara,Kendari,Sulawesi Tenggara,Pejalan Kaki,9,Bayi Ekonomi,BAYI,2026-08-21,08:00,2627160930380753627,10,4000.0,4000.0,IDR,OK,200,Ship schedule found.
22,12,Ujung,Kamal,Jawa Timur,Kendaraan,11,Golongan I,GOL I,2026-08-21,07:00,2627160930380747295,100,10000.0,10000.0,IDR,OK,200,Ship schedule found.
22,12,Ujung,Kamal,Jawa Timur,Kendaraan,12,Golongan II ,GOL II,2026-08-21,07:00,2627160930380747295,100,15500.0,15500.0,IDR,OK,200,Ship schedule found.
22,12,Ujung,Kamal,Jawa Timur,Kendaraan,13,Golongan III,GOL III,2026-08-21,07:00,2627160930380747295,10,22500.0,22500.0,IDR,OK,200,Ship schedule found.
22,12,Ujung,Kamal,Jawa Timur,Kendaraan,14,Golongan IV - Penumpang,GOL IV A,2026-08-21,07:00,2627160930380747295,10,62500.0,62500.0,IDR,OK,200,Ship schedule found.
22,12,Ujung,Kamal,Jawa Timur,Kendaraan,15,Golongan IV - Barang,GOL IV B,2026-08-21,07:00,2627160930380747295,10,61500.0,61500.0,IDR,OK,200,Ship schedule found.
22,12,Ujung,Kamal,Jawa Timur,Kendaraan,16,Golongan V - Penumpang,GOL V A,2026-08-21,07:00,2627160930380747295,10,74000.0,74000.0,IDR,OK,200,Ship schedule found.
22,12,Ujung,Kamal,Jawa Timur,Kendaraan,17,Golongan V - Barang,GOL V B,2026-08-21,07:00,2627160930380747295,10,75500.0,75500.0,IDR,OK,200,Ship schedule found.
22,12,Ujung,Kamal,Jawa Timur,Kendaraan,18,Golongan VI - Penumpang,GOL VI A,2026-08-21,07:00,2627160930380747295,10,88000.0,88000.0,IDR,OK,200,Ship schedule found.
22,12,Ujung,Kamal,Jawa Timur,Kendaraan,19,Golongan VI - Barang,GOL VI B,2026-08-21,07:00,2627160930380747295,10,101000.0,101000.0,IDR,OK,200,Ship schedule found.
22,12,Ujung,Kamal,Jawa Timur,Kendaraan,20,Golongan VII,GOL VII,2026-08-21,07:00,2627160930380747295,10,197000.0,197000.0,IDR,OK,200,Ship schedule found.
22,12,Ujung,Kamal,Jawa Timur,Kendaraan,21,Golongan VIII,GOL VIII,2026-08-21,07:00,2627160930380747295,0,228000.0,228000.0,IDR,OK,200,Ship schedule found.
22,12,Ujung,Kamal,Jawa Timur,Kendaraan,22,Golongan IX,GOL IX,2026-08-21,07:00,2627160930380747295,0,284000.0,284000.0,IDR,OK,200,Ship schedule found.
22,12,Ujung,Kamal,Jawa Timur,Pejalan Kaki,10,TNI/POLRI/Pelajar/Mahasiswa,TNI,2026-08-21,07:00,2627160930380747295,,,,IDR,HTTP_400,400,"{""status"": ""false"", ""message"": ""Ship schedule not found."", ""data"": null}"
22,12,Ujung,Kamal,Jawa Timur,Pejalan Kaki,7,Dewasa Ekonomi,DEWASA,2026-08-21,07:00,2627160930380747295,100,8500.0,8500.0,IDR,OK,200,Ship schedule found.
22,12,Ujung,Kamal,Jawa Timur,Pejalan Kaki,9,Bayi Ekonomi,BAYI,2026-08-21,07:00,2627160930380747295,100,2000.0,2000.0,IDR,OK,200,Ship schedule found.
228225,228,Gorontalo,Ampana,Sulawesi Tengah,Kendaraan,11,Golongan I,GOL I,2026-08-21,16:00,2627160930380754156,0,196000.0,196000.0,IDR,OK,200,Ship schedule found.
228225,228,Gorontalo,Ampana,Sulawesi Tengah,Kendaraan,12,Golongan II ,GOL II,2026-08-21,16:00,2627160930380754156,0,336600.0,336600.0,IDR,OK,200,Ship schedule found.
228225,228,Gorontalo,Ampana,Sulawesi Tengah,Kendaraan,13,Golongan III,GOL III,2026-08-21,16:00,2627160930380754156,0,592800.0,592800.0,IDR,OK,200,Ship schedule found.
228225,228,Gorontalo,Ampana,Sulawesi Tengah,Kendaraan,14,Golongan IV - Penumpang,GOL IV A,2026-08-21,16:00,2627160930380754156,0,1983600.0,1983600.0,IDR,OK,200,Ship schedule found.
228225,228,Gorontalo,Ampana,Sulawesi Tengah,Kendaraan,15,Golongan IV - Barang,GOL IV B,2026-08-21,16:00,2627160930380754156,0,1977800.0,1977800.0,IDR,OK,200,Ship schedule found.
228225,228,Gorontalo,Ampana,Sulawesi Tengah,Kendaraan,16,Golongan V - Penumpang,GOL V A,2026-08-21,16:00,2627160930380754156,0,4242100.0,4242100.0,IDR,OK,200,Ship schedule found.
228225,228,Gorontalo,Ampana,Sulawesi Tengah,Kendaraan,17,Golongan V - Barang,GOL V B,2026-08-21,16:00,2627160930380754156,0,3176300.0,3176300.0,IDR,OK,200,Ship schedule found.
228225,228,Gorontalo,Ampana,Sulawesi Tengah,Kendaraan,18,Golongan VI - Penumpang,GOL VI A,2026-08-21,16:00,2627160930380754156,0,5604900.0,5604900.0,IDR,OK,200,Ship schedule found.
228225,228,Gorontalo,Ampana,Sulawesi Tengah,Kendaraan,19,Golongan VI - Barang,GOL VI B,2026-08-21,16:00,2627160930380754156,0,4248800.0,4248800.0,IDR,OK,200,Ship schedule found.
228225,228,Gorontalo,Ampana,Sulawesi Tengah,Kendaraan,20,Golongan VII,GOL VII,2026-08-21,16:00,2627160930380754156,0,5975200.0,5975200.0,IDR,OK,200,Ship schedule found.
228225,228,Gorontalo,Ampana,Sulawesi Tengah,Kendaraan,21,Golongan VIII,GOL VIII,2026-08-21,16:00,2627160930380754156,0,8227600.0,8227600.0,IDR,OK,200,Ship schedule found.
228225,228,Gorontalo,Ampana,Sulawesi Tengah,Kendaraan,22,Golongan IX,GOL IX,2026-08-21,16:00,2627160930380754156,0,12184900.0,12184900.0,IDR,OK,200,Ship schedule found.
228225,228,Gorontalo,Ampana,Sulawesi Tengah,Pejalan Kaki,3,Dewasa Eksekutif,DEWASA,2026-08-21,16:00,2627160930380754156,0,167000.0,167000.0,IDR,OK,200,Ship schedule found.
228225,228,Gorontalo,Ampana,Sulawesi Tengah,Pejalan Kaki,5,Dewasa Bisnis I,DEWASA,2026-08-21,16:00,2627160930380754156,0,140000.0,140000.0,IDR,OK,200,Ship schedule found.
228225,228,Gorontalo,Ampana,Sulawesi Tengah,Pejalan Kaki,7,Dewasa Ekonomi,DEWASA,2026-08-21,16:00,2627160930380754156,0,129300.0,129300.0,IDR,OK,200,Ship schedule found.
228225,228,Gorontalo,Ampana,Sulawesi Tengah,Pejalan Kaki,9,Bayi Ekonomi,BAYI,2026-08-21,16:00,2627160930380754156,0,13200.0,13200.0,IDR,OK,200,Ship schedule found.
228229,228,Gorontalo,Wakai,Sulawesi Tengah,Kendaraan,11,Golongan I,GOL I,2026-08-21,16:00,2627160930380754157,0,108000.0,108000.0,IDR,OK,200,Ship schedule found.
228229,228,Gorontalo,Wakai,Sulawesi Tengah,Kendaraan,12,Golongan II ,GOL II,2026-08-21,16:00,2627160930380754157,0,177600.0,177600.0,IDR,OK,200,Ship schedule found.
228229,228,Gorontalo,Wakai,Sulawesi Tengah,Kendaraan,13,Golongan III,GOL III,2026-08-21,16:00,2627160930380754157,0,252300.0,252300.0,IDR,OK,200,Ship schedule found.
228229,228,Gorontalo,Wakai,Sulawesi Tengah,Kendaraan,14,Golongan IV - Penumpang,GOL IV A,2026-08-21,16:00,2627160930380754157,0,998100.0,998100.0,IDR,OK,200,Ship schedule found.
228229,228,Gorontalo,Wakai,Sulawesi Tengah,Kendaraan,15,Golongan IV - Barang,GOL IV B,2026-08-21,16:00,2627160930380754157,0,1038300.0,1038300.0,IDR,OK,200,Ship schedule found.
228229,228,Gorontalo,Wakai,Sulawesi Tengah,Kendaraan,16,Golongan V - Penumpang,GOL V A,2026-08-21,16:00,2627160930380754157,0,2353100.0,2353100.0,IDR,OK,200,Ship schedule found.
228229,228,Gorontalo,Wakai,Sulawesi Tengah,Kendaraan,17,Golongan V - Barang,GOL V B,2026-08-21,16:00,2627160930380754157,0,1688800.0,1688800.0,IDR,OK,200,Ship schedule found.
228229,228,Gorontalo,Wakai,Sulawesi Tengah,Kendaraan,18,Golongan VI - Penumpang,GOL VI A,2026-08-21,16:00,2627160930380754157,0,3135400.0,3135400.0,IDR,OK,200,Ship schedule found.
228229,228,Gorontalo,Wakai,Sulawesi Tengah,Kendaraan,19,Golongan VI - Barang,GOL VI B,2026-08-21,16:00,2627160930380754157,0,2322800.0,2322800.0,IDR,OK,200,Ship schedule found.
228229,228,Gorontalo,Wakai,Sulawesi Tengah,Kendaraan,20,Golongan VII,GOL VII,2026-08-21,16:00,2627160930380754157,0,3279200.0,3279200.0,IDR,OK,200,Ship schedule found.
228229,228,Gorontalo,Wakai,Sulawesi Tengah,Kendaraan,21,Golongan VIII,GOL VIII,2026-08-21,16:00,2627160930380754157,0,4416600.0,4416600.0,IDR,OK,200,Ship schedule found.
228229,228,Gorontalo,Wakai,Sulawesi Tengah,Kendaraan,22,Golongan IX,GOL IX,2026-08-21,16:00,2627160930380754157,0,6608400.0,6608400.0,IDR,OK,200,Ship schedule found.
228229,228,Gorontalo,Wakai,Sulawesi Tengah,Pejalan Kaki,1,Dewasa,DEWASA,2026-08-21,16:00,2627160930380754157,0,63000.0,63000.0,IDR,OK,200,Ship schedule found.
228229,228,Gorontalo,Wakai,Sulawesi Tengah,Pejalan Kaki,3,Dewasa Eksekutif,DEWASA,2026-08-21,16:00,2627160930380754157,0,89000.0,89000.0,IDR,OK,200,Ship schedule found.
228229,228,Gorontalo,Wakai,Sulawesi Tengah,Pejalan Kaki,5,Dewasa Bisnis I,DEWASA,2026-08-21,16:00,2627160930380754157,0,72000.0,72000.0,IDR,OK,200,Ship schedule found.
228229,228,Gorontalo,Wakai,Sulawesi Tengah,Pejalan Kaki,7,Dewasa Ekonomi,DEWASA,2026-08-21,16:00,2627160930380754157,0,65300.0,65300.0,IDR,OK,200,Ship schedule found.
228229,228,Gorontalo,Wakai,Sulawesi Tengah,Pejalan Kaki,9,Bayi Ekonomi,BAYI,2026-08-21,16:00,2627160930380754157,0,6700.0,6700.0,IDR,OK,200,Ship schedule found.
228234,228,Gorontalo,Pagimana,Sulawesi Tengah,Kendaraan,11,Golongan I,GOL I,2026-08-21,,,,,,IDR,NO_SCHEDULE_FOR_DATE,0,No departure slots found for date 2026-08-21 (1 total across other dates)
228234,228,Gorontalo,Pagimana,Sulawesi Tengah,Kendaraan,12,Golongan II ,GOL II,2026-08-21,,,,,,IDR,NO_SCHEDULE_FOR_DATE,0,No departure slots found for date 2026-08-21 (1 total across other dates)
228234,228,Gorontalo,Pagimana,Sulawesi Tengah,Kendaraan,13,Golongan III,GOL III,2026-08-21,,,,,,IDR,NO_SCHEDULE_FOR_DATE,0,No departure slots found for date 2026-08-21 (1 total across other dates)
228234,228,Gorontalo,Pagimana,Sulawesi Tengah,Kendaraan,14,Golongan IV - Penumpang,GOL IV A,2026-08-21,,,,,,IDR,NO_SCHEDULE_FOR_DATE,0,No departure slots found for date 2026-08-21 (1 total across other dates)
228234,228,Gorontalo,Pagimana,Sulawesi Tengah,Kendaraan,15,Golongan IV - Barang,GOL IV B,2026-08-21,,,,,,IDR,NO_SCHEDULE_FOR_DATE,0,No departure slots found for date 2026-08-21 (1 total across other dates)
228234,228,Gorontalo,Pagimana,Sulawesi Tengah,Kendaraan,16,Golongan V - Penumpang,GOL V A,2026-08-21,,,,,,IDR,NO_SCHEDULE_FOR_DATE,0,No departure slots found for date 2026-08-21 (1 total across other dates)
228234,228,Gorontalo,Pagimana,Sulawesi Tengah,Kendaraan,17,Golongan V - Barang,GOL V B,2026-08-21,,,,,,IDR,NO_SCHEDULE_FOR_DATE,0,No departure slots found for date 2026-08-21 (1 total across other dates)
228234,228,Gorontalo,Pagimana,Sulawesi Tengah,Kendaraan,18,Golongan VI - Penumpang,GOL VI A,2026-08-21,,,,,,IDR,NO_SCHEDULE_FOR_DATE,0,No departure slots found for date 2026-08-21 (1 total across other dates)
228234,228,Gorontalo,Pagimana,Sulawesi Tengah,Kendaraan,19,Golongan VI - Barang,GOL VI B,2026-08-21,,,,,,IDR,NO_SCHEDULE_FOR_DATE,0,No departure slots found for date 2026-08-21 (1 total across other dates)
228234,228,Gorontalo,Pagimana,Sulawesi Tengah,Kendaraan,20,Golongan VII,GOL VII,2026-08-21,,,,,,IDR,NO_SCHEDULE_FOR_DATE,0,No departure slots found for date 2026-08-21 (1 total across other dates)
228234,228,Gorontalo,Pagimana,Sulawesi Tengah,Kendaraan,21,Golongan VIII,GOL VIII,2026-08-21,,,,,,IDR,NO_SCHEDULE_FOR_DATE,0,No departure slots found for date 2026-08-21 (1 total across other dates)
228234,228,Gorontalo,Pagimana,Sulawesi Tengah,Kendaraan,22,Golongan IX,GOL IX,2026-08-21,,,,,,IDR,NO_SCHEDULE_FOR_DATE,0,No departure slots found for date 2026-08-21 (1 total across other dates)
228234,228,Gorontalo,Pagimana,Sulawesi Tengah,Pejalan Kaki,3,Dewasa Eksekutif,DEWASA,2026-08-21,,,,,,IDR,NO_SCHEDULE_FOR_DATE,0,No departure slots found for date 2026-08-21 (1 total across other dates)
228234,228,Gorontalo,Pagimana,Sulawesi Tengah,Pejalan Kaki,482,EKSEKUTIF BAYI,BAYI,2026-08-21,,,,,,IDR,NO_SCHEDULE_FOR_DATE,0,No departure slots found for date 2026-08-21 (1 total across other dates)
228234,228,Gorontalo,Pagimana,Sulawesi Tengah,Pejalan Kaki,483,BISNIS BAYI,BAYI,2026-08-21,,,,,,IDR,NO_SCHEDULE_FOR_DATE,0,No departure slots found for date 2026-08-21 (1 total across other dates)
228234,228,Gorontalo,Pagimana,Sulawesi Tengah,Pejalan Kaki,5,Dewasa Bisnis I,DEWASA,2026-08-21,,,,,,IDR,NO_SCHEDULE_FOR_DATE,0,No departure slots found for date 2026-08-21 (1 total across other dates)
228234,228,Gorontalo,Pagimana,Sulawesi Tengah,Pejalan Kaki,7,Dewasa Ekonomi,DEWASA,2026-08-21,,,,,,IDR,NO_SCHEDULE_FOR_DATE,0,No departure slots found for date 2026-08-21 (1 total across other dates)
228234,228,Gorontalo,Pagimana,Sulawesi Tengah,Pejalan Kaki,9,Bayi Ekonomi,BAYI,2026-08-21,,,,,,IDR,NO_SCHEDULE_FOR_DATE,0,No departure slots found for date 2026-08-21 (1 total across other dates)
23,13,Kamal,Ujung,Jawa Timur,Kendaraan,11,Golongan I,GOL I,2026-08-21,06:00,2627160930380747039,100,10000.0,10000.0,IDR,OK,200,Ship schedule found.
23,13,Kamal,Ujung,Jawa Timur,Kendaraan,12,Golongan II ,GOL II,2026-08-21,06:00,2627160930380747039,99,15500.0,15500.0,IDR,OK,200,Ship schedule found.
23,13,Kamal,Ujung,Jawa Timur,Kendaraan,13,Golongan III,GOL III,2026-08-21,06:00,2627160930380747039,10,22500.0,22500.0,IDR,OK,200,Ship schedule found.
23,13,Kamal,Ujung,Jawa Timur,Kendaraan,14,Golongan IV - Penumpang,GOL IV A,2026-08-21,06:00,2627160930380747039,10,62500.0,62500.0,IDR,OK,200,Ship schedule found.
23,13,Kamal,Ujung,Jawa Timur,Kendaraan,15,Golongan IV - Barang,GOL IV B,2026-08-21,06:00,2627160930380747039,10,61500.0,61500.0,IDR,OK,200,Ship schedule found.
23,13,Kamal,Ujung,Jawa Timur,Kendaraan,16,Golongan V - Penumpang,GOL V A,2026-08-21,06:00,2627160930380747039,10,74000.0,74000.0,IDR,OK,200,Ship schedule found.
23,13,Kamal,Ujung,Jawa Timur,Kendaraan,17,Golongan V - Barang,GOL V B,2026-08-21,06:00,2627160930380747039,10,75500.0,75500.0,IDR,OK,200,Ship schedule found.
23,13,Kamal,Ujung,Jawa Timur,Kendaraan,18,Golongan VI - Penumpang,GOL VI A,2026-08-21,06:00,2627160930380747039,10,88000.0,88000.0,IDR,OK,200,Ship schedule found.
23,13,Kamal,Ujung,Jawa Timur,Kendaraan,19,Golongan VI - Barang,GOL VI B,2026-08-21,06:00,2627160930380747039,10,101000.0,101000.0,IDR,OK,200,Ship schedule found.
23,13,Kamal,Ujung,Jawa Timur,Kendaraan,20,Golongan VII,GOL VII,2026-08-21,06:00,2627160930380747039,10,197000.0,197000.0,IDR,OK,200,Ship schedule found.
23,13,Kamal,Ujung,Jawa Timur,Kendaraan,21,Golongan VIII,GOL VIII,2026-08-21,06:00,2627160930380747039,0,228000.0,228000.0,IDR,OK,200,Ship schedule found.
23,13,Kamal,Ujung,Jawa Timur,Kendaraan,22,Golongan IX,GOL IX,2026-08-21,06:00,2627160930380747039,0,284000.0,284000.0,IDR,OK,200,Ship schedule found.
23,13,Kamal,Ujung,Jawa Timur,Pejalan Kaki,10,TNI/POLRI/Pelajar/Mahasiswa,TNI,2026-08-21,06:00,2627160930380747039,,,,IDR,HTTP_400,400,"{""status"": ""false"", ""message"": ""Ship schedule not found."", ""data"": null}"
23,13,Kamal,Ujung,Jawa Timur,Pejalan Kaki,7,Dewasa Ekonomi,DEWASA,2026-08-21,06:00,2627160930380747039,100,8500.0,8500.0,IDR,OK,200,Ship schedule found.
23,13,Kamal,Ujung,Jawa Timur,Pejalan Kaki,9,Bayi Ekonomi,BAYI,2026-08-21,06:00,2627160930380747039,100,2000.0,2000.0,IDR,OK,200,Ship schedule found.
234228,234,Pagimana,Gorontalo,Gorontalo,Kendaraan,11,Golongan I,GOL I,2026-08-21,,,,,,IDR,NO_SCHEDULE_FOR_DATE,0,No departure slots found for date 2026-08-21 (1 total across other dates)
234228,234,Pagimana,Gorontalo,Gorontalo,Kendaraan,12,Golongan II ,GOL II,2026-08-21,,,,,,IDR,NO_SCHEDULE_FOR_DATE,0,No departure slots found for date 2026-08-21 (1 total across other dates)
234228,234,Pagimana,Gorontalo,Gorontalo,Kendaraan,13,Golongan III,GOL III,2026-08-21,,,,,,IDR,NO_SCHEDULE_FOR_DATE,0,No departure slots found for date 2026-08-21 (1 total across other dates)
234228,234,Pagimana,Gorontalo,Gorontalo,Kendaraan,14,Golongan IV - Penumpang,GOL IV A,2026-08-21,,,,,,IDR,NO_SCHEDULE_FOR_DATE,0,No departure slots found for date 2026-08-21 (1 total across other dates)
234228,234,Pagimana,Gorontalo,Gorontalo,Kendaraan,15,Golongan IV - Barang,GOL IV B,2026-08-21,,,,,,IDR,NO_SCHEDULE_FOR_DATE,0,No departure slots found for date 2026-08-21 (1 total across other dates)
234228,234,Pagimana,Gorontalo,Gorontalo,Kendaraan,16,Golongan V - Penumpang,GOL V A,2026-08-21,,,,,,IDR,NO_SCHEDULE_FOR_DATE,0,No departure slots found for date 2026-08-21 (1 total across other dates)
234228,234,Pagimana,Gorontalo,Gorontalo,Kendaraan,17,Golongan V - Barang,GOL V B,2026-08-21,,,,,,IDR,NO_SCHEDULE_FOR_DATE,0,No departure slots found for date 2026-08-21 (1 total across other dates)
234228,234,Pagimana,Gorontalo,Gorontalo,Kendaraan,18,Golongan VI - Penumpang,GOL VI A,2026-08-21,,,,,,IDR,NO_SCHEDULE_FOR_DATE,0,No departure slots found for date 2026-08-21 (1 total across other dates)
234228,234,Pagimana,Gorontalo,Gorontalo,Kendaraan,19,Golongan VI - Barang,GOL VI B,2026-08-21,,,,,,IDR,NO_SCHEDULE_FOR_DATE,0,No departure slots found for date 2026-08-21 (1 total across other dates)
234228,234,Pagimana,Gorontalo,Gorontalo,Kendaraan,20,Golongan VII,GOL VII,2026-08-21,,,,,,IDR,NO_SCHEDULE_FOR_DATE,0,No departure slots found for date 2026-08-21 (1 total across other dates)
234228,234,Pagimana,Gorontalo,Gorontalo,Kendaraan,21,Golongan VIII,GOL VIII,2026-08-21,,,,,,IDR,NO_SCHEDULE_FOR_DATE,0,No departure slots found for date 2026-08-21 (1 total across other dates)
234228,234,Pagimana,Gorontalo,Gorontalo,Kendaraan,22,Golongan IX,GOL IX,2026-08-21,,,,,,IDR,NO_SCHEDULE_FOR_DATE,0,No departure slots found for date 2026-08-21 (1 total across other dates)
234228,234,Pagimana,Gorontalo,Gorontalo,Pejalan Kaki,3,Dewasa Eksekutif,DEWASA,2026-08-21,,,,,,IDR,NO_SCHEDULE_FOR_DATE,0,No departure slots found for date 2026-08-21 (1 total across other dates)
234228,234,Pagimana,Gorontalo,Gorontalo,Pejalan Kaki,482,EKSEKUTIF BAYI,BAYI,2026-08-21,,,,,,IDR,NO_SCHEDULE_FOR_DATE,0,No departure slots found for date 2026-08-21 (1 total across other dates)
234228,234,Pagimana,Gorontalo,Gorontalo,Pejalan Kaki,483,BISNIS BAYI,BAYI,2026-08-21,,,,,,IDR,NO_SCHEDULE_FOR_DATE,0,No departure slots found for date 2026-08-21 (1 total across other dates)
234228,234,Pagimana,Gorontalo,Gorontalo,Pejalan Kaki,5,Dewasa Bisnis I,DEWASA,2026-08-21,,,,,,IDR,NO_SCHEDULE_FOR_DATE,0,No departure slots found for date 2026-08-21 (1 total across other dates)
234228,234,Pagimana,Gorontalo,Gorontalo,Pejalan Kaki,7,Dewasa Ekonomi,DEWASA,2026-08-21,,,,,,IDR,NO_SCHEDULE_FOR_DATE,0,No departure slots found for date 2026-08-21 (1 total across other dates)
234228,234,Pagimana,Gorontalo,Gorontalo,Pejalan Kaki,9,Bayi Ekonomi,BAYI,2026-08-21,,,,,,IDR,NO_SCHEDULE_FOR_DATE,0,No departure slots found for date 2026-08-21 (1 total across other dates)
25,198,Lembar,Padang Bai,Bali,Kendaraan,11,Golongan I,GOL I,2026-08-21,00:00,2627160930380751699,100,81600.0,81600.0,IDR,OK,200,Ship schedule found.
25,198,Lembar,Padang Bai,Bali,Kendaraan,12,Golongan II ,GOL II,2026-08-21,00:00,2627160930380751699,99,169400.0,169400.0,IDR,OK,200,Ship schedule found.
25,198,Lembar,Padang Bai,Bali,Kendaraan,13,Golongan III,GOL III,2026-08-21,00:00,2627160930380751699,100,329600.0,329600.0,IDR,OK,200,Ship schedule found.
25,198,Lembar,Padang Bai,Bali,Kendaraan,14,Golongan IV - Penumpang,GOL IV A,2026-08-21,00:00,2627160930380751699,100,1184100.0,1184100.0,IDR,OK,200,Ship schedule found.
25,198,Lembar,Padang Bai,Bali,Kendaraan,15,Golongan IV - Barang,GOL IV B,2026-08-21,00:00,2627160930380751699,100,1116200.0,1116200.0,IDR,OK,200,Ship schedule found.
25,198,Lembar,Padang Bai,Bali,Kendaraan,16,Golongan V - Penumpang,GOL V A,2026-08-21,00:00,2627160930380751699,100,2251300.0,2251300.0,IDR,OK,200,Ship schedule found.
25,198,Lembar,Padang Bai,Bali,Kendaraan,17,Golongan V - Barang,GOL V B,2026-08-21,00:00,2627160930380751699,100,1887500.0,1887500.0,IDR,OK,200,Ship schedule found.
25,198,Lembar,Padang Bai,Bali,Kendaraan,18,Golongan VI - Penumpang,GOL VI A,2026-08-21,00:00,2627160930380751699,100,3677300.0,3677300.0,IDR,OK,200,Ship schedule found.
25,198,Lembar,Padang Bai,Bali,Kendaraan,19,Golongan VI - Barang,GOL VI B,2026-08-21,00:00,2627160930380751699,100,3160200.0,3160200.0,IDR,OK,200,Ship schedule found.
25,198,Lembar,Padang Bai,Bali,Kendaraan,20,Golongan VII,GOL VII,2026-08-21,00:00,2627160930380751699,100,4059800.0,4059800.0,IDR,OK,200,Ship schedule found.
25,198,Lembar,Padang Bai,Bali,Kendaraan,21,Golongan VIII,GOL VIII,2026-08-21,00:00,2627160930380751699,0,5699800.0,5699800.0,IDR,OK,200,Ship schedule found.
25,198,Lembar,Padang Bai,Bali,Kendaraan,22,Golongan IX,GOL IX,2026-08-21,00:00,2627160930380751699,0,8265800.0,8265800.0,IDR,OK,200,Ship schedule found.
25,198,Lembar,Padang Bai,Bali,Pejalan Kaki,7,Dewasa Ekonomi,DEWASA,2026-08-21,00:00,2627160930380751699,100,65300.0,65300.0,IDR,OK,200,Ship schedule found.
25,198,Lembar,Padang Bai,Bali,Pejalan Kaki,9,Bayi Ekonomi,BAYI,2026-08-21,00:00,2627160930380751699,100,6100.0,6100.0,IDR,OK,200,Ship schedule found.
26,196,Padang Bai,Lembar,Nusa Tenggara Barat,Kendaraan,11,Golongan I,GOL I,2026-08-21,00:00,2627160930380745824,30,81600.0,81600.0,IDR,OK,200,Ship schedule found.
26,196,Padang Bai,Lembar,Nusa Tenggara Barat,Kendaraan,12,Golongan II ,GOL II,2026-08-21,00:00,2627160930380745824,99,169400.0,169400.0,IDR,OK,200,Ship schedule found.
26,196,Padang Bai,Lembar,Nusa Tenggara Barat,Kendaraan,13,Golongan III,GOL III,2026-08-21,00:00,2627160930380745824,30,329600.0,329600.0,IDR,OK,200,Ship schedule found.
26,196,Padang Bai,Lembar,Nusa Tenggara Barat,Kendaraan,14,Golongan IV - Penumpang,GOL IV A,2026-08-21,00:00,2627160930380745824,30,1184100.0,1184100.0,IDR,OK,200,Ship schedule found.
26,196,Padang Bai,Lembar,Nusa Tenggara Barat,Kendaraan,15,Golongan IV - Barang,GOL IV B,2026-08-21,00:00,2627160930380745824,30,1116200.0,1116200.0,IDR,OK,200,Ship schedule found.
26,196,Padang Bai,Lembar,Nusa Tenggara Barat,Kendaraan,16,Golongan V - Penumpang,GOL V A,2026-08-21,00:00,2627160930380745824,30,2251300.0,2251300.0,IDR,OK,200,Ship schedule found.
26,196,Padang Bai,Lembar,Nusa Tenggara Barat,Kendaraan,17,Golongan V - Barang,GOL V B,2026-08-21,00:00,2627160930380745824,30,1887500.0,1887500.0,IDR,OK,200,Ship schedule found.
26,196,Padang Bai,Lembar,Nusa Tenggara Barat,Kendaraan,18,Golongan VI - Penumpang,GOL VI A,2026-08-21,00:00,2627160930380745824,30,3677300.0,3677300.0,IDR,OK,200,Ship schedule found.
26,196,Padang Bai,Lembar,Nusa Tenggara Barat,Kendaraan,19,Golongan VI - Barang,GOL VI B,2026-08-21,00:00,2627160930380745824,30,3160200.0,3160200.0,IDR,OK,200,Ship schedule found.
26,196,Padang Bai,Lembar,Nusa Tenggara Barat,Kendaraan,20,Golongan VII,GOL VII,2026-08-21,00:00,2627160930380745824,30,4059800.0,4059800.0,IDR,OK,200,Ship schedule found.
26,196,Padang Bai,Lembar,Nusa Tenggara Barat,Kendaraan,21,Golongan VIII,GOL VIII,2026-08-21,00:00,2627160930380745824,30,5699800.0,5699800.0,IDR,OK,200,Ship schedule found.
26,196,Padang Bai,Lembar,Nusa Tenggara Barat,Kendaraan,22,Golongan IX,GOL IX,2026-08-21,00:00,2627160930380745824,30,8265800.0,8265800.0,IDR,OK,200,Ship schedule found.
26,196,Padang Bai,Lembar,Nusa Tenggara Barat,Pejalan Kaki,7,Dewasa Ekonomi,DEWASA,2026-08-21,00:00,2627160930380745824,300,65300.0,65300.0,IDR,OK,200,Ship schedule found.
26,196,Padang Bai,Lembar,Nusa Tenggara Barat,Pejalan Kaki,9,Bayi Ekonomi,BAYI,2026-08-21,00:00,2627160930380745824,30,6100.0,6100.0,IDR,OK,200,Ship schedule found.
261032,26,Tanjung Uban,Letung,Kepulauan Riau,Kendaraan,11,Golongan I,GOL I,2026-08-21,,,,,,IDR,NO_SCHEDULE_FOR_DATE,0,No departure slots found for date 2026-08-21 (1 total across other dates)
261032,26,Tanjung Uban,Letung,Kepulauan Riau,Kendaraan,12,Golongan II ,GOL II,2026-08-21,,,,,,IDR,NO_SCHEDULE_FOR_DATE,0,No departure slots found for date 2026-08-21 (1 total across other dates)
261032,26,Tanjung Uban,Letung,Kepulauan Riau,Kendaraan,13,Golongan III,GOL III,2026-08-21,,,,,,IDR,NO_SCHEDULE_FOR_DATE,0,No departure slots found for date 2026-08-21 (1 total across other dates)
261032,26,Tanjung Uban,Letung,Kepulauan Riau,Kendaraan,14,Golongan IV - Penumpang,GOL IV A,2026-08-21,,,,,,IDR,NO_SCHEDULE_FOR_DATE,0,No departure slots found for date 2026-08-21 (1 total across other dates)
261032,26,Tanjung Uban,Letung,Kepulauan Riau,Kendaraan,15,Golongan IV - Barang,GOL IV B,2026-08-21,,,,,,IDR,NO_SCHEDULE_FOR_DATE,0,No departure slots found for date 2026-08-21 (1 total across other dates)
261032,26,Tanjung Uban,Letung,Kepulauan Riau,Kendaraan,16,Golongan V - Penumpang,GOL V A,2026-08-21,,,,,,IDR,NO_SCHEDULE_FOR_DATE,0,No departure slots found for date 2026-08-21 (1 total across other dates)
261032,26,Tanjung Uban,Letung,Kepulauan Riau,Kendaraan,17,Golongan V - Barang,GOL V B,2026-08-21,,,,,,IDR,NO_SCHEDULE_FOR_DATE,0,No departure slots found for date 2026-08-21 (1 total across other dates)
261032,26,Tanjung Uban,Letung,Kepulauan Riau,Kendaraan,18,Golongan VI - Penumpang,GOL VI A,2026-08-21,,,,,,IDR,NO_SCHEDULE_FOR_DATE,0,No departure slots found for date 2026-08-21 (1 total across other dates)
261032,26,Tanjung Uban,Letung,Kepulauan Riau,Kendaraan,19,Golongan VI - Barang,GOL VI B,2026-08-21,,,,,,IDR,NO_SCHEDULE_FOR_DATE,0,No departure slots found for date 2026-08-21 (1 total across other dates)
261032,26,Tanjung Uban,Letung,Kepulauan Riau,Kendaraan,20,Golongan VII,GOL VII,2026-08-21,,,,,,IDR,NO_SCHEDULE_FOR_DATE,0,No departure slots found for date 2026-08-21 (1 total across other dates)
261032,26,Tanjung Uban,Letung,Kepulauan Riau,Kendaraan,21,Golongan VIII,GOL VIII,2026-08-21,,,,,,IDR,NO_SCHEDULE_FOR_DATE,0,No departure slots found for date 2026-08-21 (1 total across other dates)
261032,26,Tanjung Uban,Letung,Kepulauan Riau,Kendaraan,22,Golongan IX,GOL IX,2026-08-21,,,,,,IDR,NO_SCHEDULE_FOR_DATE,0,No departure slots found for date 2026-08-21 (1 total across other dates)
261032,26,Tanjung Uban,Letung,Kepulauan Riau,Pejalan Kaki,1,Dewasa,DEWASA,2026-08-21,,,,,,IDR,NO_SCHEDULE_FOR_DATE,0,No departure slots found for date 2026-08-21 (1 total across other dates)
261032,26,Tanjung Uban,Letung,Kepulauan Riau,Pejalan Kaki,9,Bayi Ekonomi,BAYI,2026-08-21,,,,,,IDR,NO_SCHEDULE_FOR_DATE,0,No departure slots found for date 2026-08-21 (1 total across other dates)
27,196,Padang Bai,Nusa Penida,Bali,Kendaraan,11,Golongan I,GOL I,2026-08-21,,,,,,IDR,SCHEDULE_DATA_NOT_FOUND,0,Gateway returned no schedule data for route
27,196,Padang Bai,Nusa Penida,Bali,Kendaraan,12,Golongan II ,GOL II,2026-08-21,,,,,,IDR,SCHEDULE_DATA_NOT_FOUND,0,Gateway returned no schedule data for route
27,196,Padang Bai,Nusa Penida,Bali,Kendaraan,13,Golongan III,GOL III,2026-08-21,,,,,,IDR,SCHEDULE_DATA_NOT_FOUND,0,Gateway returned no schedule data for route
27,196,Padang Bai,Nusa Penida,Bali,Kendaraan,14,Golongan IV - Penumpang,GOL IV A,2026-08-21,,,,,,IDR,SCHEDULE_DATA_NOT_FOUND,0,Gateway returned no schedule data for route
27,196,Padang Bai,Nusa Penida,Bali,Kendaraan,15,Golongan IV - Barang,GOL IV B,2026-08-21,,,,,,IDR,SCHEDULE_DATA_NOT_FOUND,0,Gateway returned no schedule data for route
27,196,Padang Bai,Nusa Penida,Bali,Kendaraan,16,Golongan V - Penumpang,GOL V A,2026-08-21,,,,,,IDR,SCHEDULE_DATA_NOT_FOUND,0,Gateway returned no schedule data for route
27,196,Padang Bai,Nusa Penida,Bali,Kendaraan,17,Golongan V - Barang,GOL V B,2026-08-21,,,,,,IDR,SCHEDULE_DATA_NOT_FOUND,0,Gateway returned no schedule data for route
27,196,Padang Bai,Nusa Penida,Bali,Kendaraan,18,Golongan VI - Penumpang,GOL VI A,2026-08-21,,,,,,IDR,SCHEDULE_DATA_NOT_FOUND,0,Gateway returned no schedule data for route
27,196,Padang Bai,Nusa Penida,Bali,Kendaraan,19,Golongan VI - Barang,GOL VI B,2026-08-21,,,,,,IDR,SCHEDULE_DATA_NOT_FOUND,0,Gateway returned no schedule data for route
27,196,Padang Bai,Nusa Penida,Bali,Kendaraan,20,Golongan VII,GOL VII,2026-08-21,,,,,,IDR,SCHEDULE_DATA_NOT_FOUND,0,Gateway returned no schedule data for route
27,196,Padang Bai,Nusa Penida,Bali,Kendaraan,21,Golongan VIII,GOL VIII,2026-08-21,,,,,,IDR,SCHEDULE_DATA_NOT_FOUND,0,Gateway returned no schedule data for route
27,196,Padang Bai,Nusa Penida,Bali,Kendaraan,22,Golongan IX,GOL IX,2026-08-21,,,,,,IDR,SCHEDULE_DATA_NOT_FOUND,0,Gateway returned no schedule data for route
27,196,Padang Bai,Nusa Penida,Bali,Pejalan Kaki,7,Dewasa Ekonomi,DEWASA,2026-08-21,,,,,,IDR,SCHEDULE_DATA_NOT_FOUND,0,Gateway returned no schedule data for route
27,196,Padang Bai,Nusa Penida,Bali,Pejalan Kaki,8,Anak - Anak Ekonomi,ANAK,2026-08-21,,,,,,IDR,SCHEDULE_DATA_NOT_FOUND,0,Gateway returned no schedule data for route
284296,284,Manokwari,Biak,Papua,Kendaraan,11,Golongan I,GOL I,2026-08-21,,,,,,IDR,SCHEDULE_DATA_NOT_FOUND,0,Gateway returned no schedule data for route
284296,284,Manokwari,Biak,Papua,Kendaraan,12,Golongan II ,GOL II,2026-08-21,,,,,,IDR,SCHEDULE_DATA_NOT_FOUND,0,Gateway returned no schedule data for route
284296,284,Manokwari,Biak,Papua,Kendaraan,13,Golongan III,GOL III,2026-08-21,,,,,,IDR,SCHEDULE_DATA_NOT_FOUND,0,Gateway returned no schedule data for route
284296,284,Manokwari,Biak,Papua,Kendaraan,14,Golongan IV - Penumpang,GOL IV A,2026-08-21,,,,,,IDR,SCHEDULE_DATA_NOT_FOUND,0,Gateway returned no schedule data for route
284296,284,Manokwari,Biak,Papua,Kendaraan,15,Golongan IV - Barang,GOL IV B,2026-08-21,,,,,,IDR,SCHEDULE_DATA_NOT_FOUND,0,Gateway returned no schedule data for route
284296,284,Manokwari,Biak,Papua,Kendaraan,16,Golongan V - Penumpang,GOL V A,2026-08-21,,,,,,IDR,SCHEDULE_DATA_NOT_FOUND,0,Gateway returned no schedule data for route
284296,284,Manokwari,Biak,Papua,Kendaraan,17,Golongan V - Barang,GOL V B,2026-08-21,,,,,,IDR,SCHEDULE_DATA_NOT_FOUND,0,Gateway returned no schedule data for route
284296,284,Manokwari,Biak,Papua,Kendaraan,18,Golongan VI - Penumpang,GOL VI A,2026-08-21,,,,,,IDR,SCHEDULE_DATA_NOT_FOUND,0,Gateway returned no schedule data for route
284296,284,Manokwari,Biak,Papua,Kendaraan,19,Golongan VI - Barang,GOL VI B,2026-08-21,,,,,,IDR,SCHEDULE_DATA_NOT_FOUND,0,Gateway returned no schedule data for route
284296,284,Manokwari,Biak,Papua,Kendaraan,20,Golongan VII,GOL VII,2026-08-21,,,,,,IDR,SCHEDULE_DATA_NOT_FOUND,0,Gateway returned no schedule data for route
284296,284,Manokwari,Biak,Papua,Kendaraan,21,Golongan VIII,GOL VIII,2026-08-21,,,,,,IDR,SCHEDULE_DATA_NOT_FOUND,0,Gateway returned no schedule data for route
284296,284,Manokwari,Biak,Papua,Kendaraan,22,Golongan IX,GOL IX,2026-08-21,,,,,,IDR,SCHEDULE_DATA_NOT_FOUND,0,Gateway returned no schedule data for route
284296,284,Manokwari,Biak,Papua,Pejalan Kaki,3,Dewasa Eksekutif,DEWASA,2026-08-21,,,,,,IDR,SCHEDULE_DATA_NOT_FOUND,0,Gateway returned no schedule data for route
284296,284,Manokwari,Biak,Papua,Pejalan Kaki,4,Anak - Anak Eksekutif,ANAK,2026-08-21,,,,,,IDR,SCHEDULE_DATA_NOT_FOUND,0,Gateway returned no schedule data for route
284296,284,Manokwari,Biak,Papua,Pejalan Kaki,5,Dewasa Bisnis I,DEWASA,2026-08-21,,,,,,IDR,SCHEDULE_DATA_NOT_FOUND,0,Gateway returned no schedule data for route
284296,284,Manokwari,Biak,Papua,Pejalan Kaki,504,Bayi Bisnis,BAYI,2026-08-21,,,,,,IDR,SCHEDULE_DATA_NOT_FOUND,0,Gateway returned no schedule data for route
284296,284,Manokwari,Biak,Papua,Pejalan Kaki,505,Bayi Eksekutif,BAYI,2026-08-21,,,,,,IDR,SCHEDULE_DATA_NOT_FOUND,0,Gateway returned no schedule data for route
284296,284,Manokwari,Biak,Papua,Pejalan Kaki,525,SUPLESI BAYI EKONOMI KE BISNIS,SUPLESI,2026-08-21,,,,,,IDR,SCHEDULE_DATA_NOT_FOUND,0,Gateway returned no schedule data for route
284296,284,Manokwari,Biak,Papua,Pejalan Kaki,554,SUPLESI BAYI EKONOMI KE EKSEKUTIF,SUPLESI,2026-08-21,,,,,,IDR,SCHEDULE_DATA_NOT_FOUND,0,Gateway returned no schedule data for route
284296,284,Manokwari,Biak,Papua,Pejalan Kaki,580,SUPLESI BAYI BISNIS KE EKSEKUTIF,SUPLESI,2026-08-21,,,,,,IDR,SCHEDULE_DATA_NOT_FOUND,0,Gateway returned no schedule data for route
284296,284,Manokwari,Biak,Papua,Pejalan Kaki,6,Anak - Anak Bisnis I,ANAK,2026-08-21,,,,,,IDR,SCHEDULE_DATA_NOT_FOUND,0,Gateway returned no schedule data for route
284296,284,Manokwari,Biak,Papua,Pejalan Kaki,7,Dewasa Ekonomi,DEWASA,2026-08-21,,,,,,IDR,SCHEDULE_DATA_NOT_FOUND,0,Gateway returned no schedule data for route
284296,284,Manokwari,Biak,Papua,Pejalan Kaki,8,Anak - Anak Ekonomi,ANAK,2026-08-21,,,,,,IDR,SCHEDULE_DATA_NOT_FOUND,0,Gateway returned no schedule data for route
284296,284,Manokwari,Biak,Papua,Pejalan Kaki,9,Bayi Ekonomi,BAYI,2026-08-21,,,,,,IDR,SCHEDULE_DATA_NOT_FOUND,0,Gateway returned no schedule data for route
29,195,Kayangan,Pototano,Nusa Tenggara Barat,Kendaraan,11,Golongan I,GOL I,2026-08-21,00:00,2627160930380752655,300,32000.0,32000.0,IDR,OK,200,Ship schedule found.
29,195,Kayangan,Pototano,Nusa Tenggara Barat,Kendaraan,12,Golongan II ,GOL II,2026-08-21,00:00,2627160930380752655,300,75000.0,75000.0,IDR,OK,200,Ship schedule found.
29,195,Kayangan,Pototano,Nusa Tenggara Barat,Kendaraan,13,Golongan III,GOL III,2026-08-21,00:00,2627160930380752655,300,130000.0,130000.0,IDR,OK,200,Ship schedule found.
29,195,Kayangan,Pototano,Nusa Tenggara Barat,Kendaraan,14,Golongan IV - Penumpang,GOL IV A,2026-08-21,00:00,2627160930380752655,300,563000.0,563000.0,IDR,OK,200,Ship schedule found.
29,195,Kayangan,Pototano,Nusa Tenggara Barat,Kendaraan,15,Golongan IV - Barang,GOL IV B,2026-08-21,00:00,2627160930380752655,300,502000.0,502000.0,IDR,OK,200,Ship schedule found.
29,195,Kayangan,Pototano,Nusa Tenggara Barat,Kendaraan,16,Golongan V - Penumpang,GOL V A,2026-08-21,00:00,2627160930380752655,300,893000.0,893000.0,IDR,OK,200,Ship schedule found.
29,195,Kayangan,Pototano,Nusa Tenggara Barat,Kendaraan,17,Golongan V - Barang,GOL V B,2026-08-21,00:00,2627160930380752655,300,760000.0,760000.0,IDR,OK,200,Ship schedule found.
29,195,Kayangan,Pototano,Nusa Tenggara Barat,Kendaraan,18,Golongan VI - Penumpang,GOL VI A,2026-08-21,00:00,2627160930380752655,300,1307000.0,1307000.0,IDR,OK,200,Ship schedule found.
29,195,Kayangan,Pototano,Nusa Tenggara Barat,Kendaraan,19,Golongan VI - Barang,GOL VI B,2026-08-21,00:00,2627160930380752655,300,1223000.0,1223000.0,IDR,OK,200,Ship schedule found.
29,195,Kayangan,Pototano,Nusa Tenggara Barat,Kendaraan,20,Golongan VII,GOL VII,2026-08-21,00:00,2627160930380752655,300,1869000.0,1869000.0,IDR,OK,200,Ship schedule found.
29,195,Kayangan,Pototano,Nusa Tenggara Barat,Kendaraan,21,Golongan VIII,GOL VIII,2026-08-21,00:00,2627160930380752655,300,2153000.0,2153000.0,IDR,OK,200,Ship schedule found.
29,195,Kayangan,Pototano,Nusa Tenggara Barat,Kendaraan,22,Golongan IX,GOL IX,2026-08-21,00:00,2627160930380752655,300,2265000.0,2265000.0,IDR,OK,200,Ship schedule found.
29,195,Kayangan,Pototano,Nusa Tenggara Barat,Pejalan Kaki,7,Dewasa Ekonomi,DEWASA,2026-08-21,00:00,2627160930380752655,300,18800.0,18800.0,IDR,OK,200,Ship schedule found.
29,195,Kayangan,Pototano,Nusa Tenggara Barat,Pejalan Kaki,9,Bayi Ekonomi,BAYI,2026-08-21,00:00,2627160930380752655,300,5200.0,5200.0,IDR,OK,200,Ship schedule found.
296284,296,Biak,Manokwari,Papua Barat,Kendaraan,11,Golongan I,GOL I,2026-08-21,,,,,,IDR,SCHEDULE_DATA_NOT_FOUND,0,Gateway returned no schedule data for route
296284,296,Biak,Manokwari,Papua Barat,Kendaraan,12,Golongan II ,GOL II,2026-08-21,,,,,,IDR,SCHEDULE_DATA_NOT_FOUND,0,Gateway returned no schedule data for route
296284,296,Biak,Manokwari,Papua Barat,Kendaraan,13,Golongan III,GOL III,2026-08-21,,,,,,IDR,SCHEDULE_DATA_NOT_FOUND,0,Gateway returned no schedule data for route
296284,296,Biak,Manokwari,Papua Barat,Kendaraan,14,Golongan IV - Penumpang,GOL IV A,2026-08-21,,,,,,IDR,SCHEDULE_DATA_NOT_FOUND,0,Gateway returned no schedule data for route
296284,296,Biak,Manokwari,Papua Barat,Kendaraan,15,Golongan IV - Barang,GOL IV B,2026-08-21,,,,,,IDR,SCHEDULE_DATA_NOT_FOUND,0,Gateway returned no schedule data for route
296284,296,Biak,Manokwari,Papua Barat,Kendaraan,16,Golongan V - Penumpang,GOL V A,2026-08-21,,,,,,IDR,SCHEDULE_DATA_NOT_FOUND,0,Gateway returned no schedule data for route
296284,296,Biak,Manokwari,Papua Barat,Kendaraan,17,Golongan V - Barang,GOL V B,2026-08-21,,,,,,IDR,SCHEDULE_DATA_NOT_FOUND,0,Gateway returned no schedule data for route
296284,296,Biak,Manokwari,Papua Barat,Kendaraan,18,Golongan VI - Penumpang,GOL VI A,2026-08-21,,,,,,IDR,SCHEDULE_DATA_NOT_FOUND,0,Gateway returned no schedule data for route
296284,296,Biak,Manokwari,Papua Barat,Kendaraan,19,Golongan VI - Barang,GOL VI B,2026-08-21,,,,,,IDR,SCHEDULE_DATA_NOT_FOUND,0,Gateway returned no schedule data for route
296284,296,Biak,Manokwari,Papua Barat,Kendaraan,20,Golongan VII,GOL VII,2026-08-21,,,,,,IDR,SCHEDULE_DATA_NOT_FOUND,0,Gateway returned no schedule data for route
296284,296,Biak,Manokwari,Papua Barat,Kendaraan,21,Golongan VIII,GOL VIII,2026-08-21,,,,,,IDR,SCHEDULE_DATA_NOT_FOUND,0,Gateway returned no schedule data for route
296284,296,Biak,Manokwari,Papua Barat,Kendaraan,22,Golongan IX,GOL IX,2026-08-21,,,,,,IDR,SCHEDULE_DATA_NOT_FOUND,0,Gateway returned no schedule data for route
296284,296,Biak,Manokwari,Papua Barat,Pejalan Kaki,3,Dewasa Eksekutif,DEWASA,2026-08-21,,,,,,IDR,SCHEDULE_DATA_NOT_FOUND,0,Gateway returned no schedule data for route
296284,296,Biak,Manokwari,Papua Barat,Pejalan Kaki,4,Anak - Anak Eksekutif,ANAK,2026-08-21,,,,,,IDR,SCHEDULE_DATA_NOT_FOUND,0,Gateway returned no schedule data for route
296284,296,Biak,Manokwari,Papua Barat,Pejalan Kaki,482,EKSEKUTIF BAYI,BAYI,2026-08-21,,,,,,IDR,SCHEDULE_DATA_NOT_FOUND,0,Gateway returned no schedule data for route
296284,296,Biak,Manokwari,Papua Barat,Pejalan Kaki,483,BISNIS BAYI,BAYI,2026-08-21,,,,,,IDR,SCHEDULE_DATA_NOT_FOUND,0,Gateway returned no schedule data for route
296284,296,Biak,Manokwari,Papua Barat,Pejalan Kaki,5,Dewasa Bisnis I,DEWASA,2026-08-21,,,,,,IDR,SCHEDULE_DATA_NOT_FOUND,0,Gateway returned no schedule data for route
296284,296,Biak,Manokwari,Papua Barat,Pejalan Kaki,525,SUPLESI BAYI EKONOMI KE BISNIS,SUPLESI,2026-08-21,,,,,,IDR,SCHEDULE_DATA_NOT_FOUND,0,Gateway returned no schedule data for route
296284,296,Biak,Manokwari,Papua Barat,Pejalan Kaki,554,SUPLESI BAYI EKONOMI KE EKSEKUTIF,SUPLESI,2026-08-21,,,,,,IDR,SCHEDULE_DATA_NOT_FOUND,0,Gateway returned no schedule data for route
296284,296,Biak,Manokwari,Papua Barat,Pejalan Kaki,580,SUPLESI BAYI BISNIS KE EKSEKUTIF,SUPLESI,2026-08-21,,,,,,IDR,SCHEDULE_DATA_NOT_FOUND,0,Gateway returned no schedule data for route
296284,296,Biak,Manokwari,Papua Barat,Pejalan Kaki,6,Anak - Anak Bisnis I,ANAK,2026-08-21,,,,,,IDR,SCHEDULE_DATA_NOT_FOUND,0,Gateway returned no schedule data for route
296284,296,Biak,Manokwari,Papua Barat,Pejalan Kaki,7,Dewasa Ekonomi,DEWASA,2026-08-21,,,,,,IDR,SCHEDULE_DATA_NOT_FOUND,0,Gateway returned no schedule data for route
296284,296,Biak,Manokwari,Papua Barat,Pejalan Kaki,8,Anak - Anak Ekonomi,ANAK,2026-08-21,,,,,,IDR,SCHEDULE_DATA_NOT_FOUND,0,Gateway returned no schedule data for route
296284,296,Biak,Manokwari,Papua Barat,Pejalan Kaki,9,Bayi Ekonomi,BAYI,2026-08-21,,,,,,IDR,SCHEDULE_DATA_NOT_FOUND,0,Gateway returned no schedule data for route
296300,296,Biak,Nabire,Papua Tengah,Kendaraan,11,Golongan I,GOL I,2026-08-21,,,,,,IDR,SCHEDULE_DATA_NOT_FOUND,0,Gateway returned no schedule data for route
296300,296,Biak,Nabire,Papua Tengah,Kendaraan,12,Golongan II ,GOL II,2026-08-21,,,,,,IDR,SCHEDULE_DATA_NOT_FOUND,0,Gateway returned no schedule data for route
296300,296,Biak,Nabire,Papua Tengah,Kendaraan,13,Golongan III,GOL III,2026-08-21,,,,,,IDR,SCHEDULE_DATA_NOT_FOUND,0,Gateway returned no schedule data for route
296300,296,Biak,Nabire,Papua Tengah,Kendaraan,14,Golongan IV - Penumpang,GOL IV A,2026-08-21,,,,,,IDR,SCHEDULE_DATA_NOT_FOUND,0,Gateway returned no schedule data for route
296300,296,Biak,Nabire,Papua Tengah,Kendaraan,15,Golongan IV - Barang,GOL IV B,2026-08-21,,,,,,IDR,SCHEDULE_DATA_NOT_FOUND,0,Gateway returned no schedule data for route
296300,296,Biak,Nabire,Papua Tengah,Kendaraan,16,Golongan V - Penumpang,GOL V A,2026-08-21,,,,,,IDR,SCHEDULE_DATA_NOT_FOUND,0,Gateway returned no schedule data for route
296300,296,Biak,Nabire,Papua Tengah,Kendaraan,17,Golongan V - Barang,GOL V B,2026-08-21,,,,,,IDR,SCHEDULE_DATA_NOT_FOUND,0,Gateway returned no schedule data for route
296300,296,Biak,Nabire,Papua Tengah,Kendaraan,18,Golongan VI - Penumpang,GOL VI A,2026-08-21,,,,,,IDR,SCHEDULE_DATA_NOT_FOUND,0,Gateway returned no schedule data for route
296300,296,Biak,Nabire,Papua Tengah,Kendaraan,19,Golongan VI - Barang,GOL VI B,2026-08-21,,,,,,IDR,SCHEDULE_DATA_NOT_FOUND,0,Gateway returned no schedule data for route
296300,296,Biak,Nabire,Papua Tengah,Kendaraan,20,Golongan VII,GOL VII,2026-08-21,,,,,,IDR,SCHEDULE_DATA_NOT_FOUND,0,Gateway returned no schedule data for route
296300,296,Biak,Nabire,Papua Tengah,Kendaraan,21,Golongan VIII,GOL VIII,2026-08-21,,,,,,IDR,SCHEDULE_DATA_NOT_FOUND,0,Gateway returned no schedule data for route
296300,296,Biak,Nabire,Papua Tengah,Kendaraan,22,Golongan IX,GOL IX,2026-08-21,,,,,,IDR,SCHEDULE_DATA_NOT_FOUND,0,Gateway returned no schedule data for route
296300,296,Biak,Nabire,Papua Tengah,Pejalan Kaki,3,Dewasa Eksekutif,DEWASA,2026-08-21,,,,,,IDR,SCHEDULE_DATA_NOT_FOUND,0,Gateway returned no schedule data for route
296300,296,Biak,Nabire,Papua Tengah,Pejalan Kaki,4,Anak - Anak Eksekutif,ANAK,2026-08-21,,,,,,IDR,SCHEDULE_DATA_NOT_FOUND,0,Gateway returned no schedule data for route
296300,296,Biak,Nabire,Papua Tengah,Pejalan Kaki,482,EKSEKUTIF BAYI,BAYI,2026-08-21,,,,,,IDR,SCHEDULE_DATA_NOT_FOUND,0,Gateway returned no schedule data for route
296300,296,Biak,Nabire,Papua Tengah,Pejalan Kaki,7,Dewasa Ekonomi,DEWASA,2026-08-21,,,,,,IDR,SCHEDULE_DATA_NOT_FOUND,0,Gateway returned no schedule data for route
296300,296,Biak,Nabire,Papua Tengah,Pejalan Kaki,9,Bayi Ekonomi,BAYI,2026-08-21,,,,,,IDR,SCHEDULE_DATA_NOT_FOUND,0,Gateway returned no schedule data for route
30,194,Pototano,Kayangan,Nusa Tenggara Barat,Kendaraan,11,Golongan I,GOL I,2026-08-21,00:00,2627160930380736309,10,32000.0,32000.0,IDR,OK,200,Ship schedule found.
30,194,Pototano,Kayangan,Nusa Tenggara Barat,Kendaraan,12,Golongan II ,GOL II,2026-08-21,00:00,2627160930380736309,60,75000.0,75000.0,IDR,OK,200,Ship schedule found.
30,194,Pototano,Kayangan,Nusa Tenggara Barat,Kendaraan,13,Golongan III,GOL III,2026-08-21,00:00,2627160930380736309,10,130000.0,130000.0,IDR,OK,200,Ship schedule found.
30,194,Pototano,Kayangan,Nusa Tenggara Barat,Kendaraan,14,Golongan IV - Penumpang,GOL IV A,2026-08-21,00:00,2627160930380736309,30,563000.0,563000.0,IDR,OK,200,Ship schedule found.
30,194,Pototano,Kayangan,Nusa Tenggara Barat,Kendaraan,15,Golongan IV - Barang,GOL IV B,2026-08-21,00:00,2627160930380736309,30,502000.0,502000.0,IDR,OK,200,Ship schedule found.
30,194,Pototano,Kayangan,Nusa Tenggara Barat,Kendaraan,16,Golongan V - Penumpang,GOL V A,2026-08-21,00:00,2627160930380736309,15,893000.0,893000.0,IDR,OK,200,Ship schedule found.
30,194,Pototano,Kayangan,Nusa Tenggara Barat,Kendaraan,17,Golongan V - Barang,GOL V B,2026-08-21,00:00,2627160930380736309,30,760000.0,760000.0,IDR,OK,200,Ship schedule found.
30,194,Pototano,Kayangan,Nusa Tenggara Barat,Kendaraan,18,Golongan VI - Penumpang,GOL VI A,2026-08-21,00:00,2627160930380736309,15,1307000.0,1307000.0,IDR,OK,200,Ship schedule found.
30,194,Pototano,Kayangan,Nusa Tenggara Barat,Kendaraan,19,Golongan VI - Barang,GOL VI B,2026-08-21,00:00,2627160930380736309,30,1223000.0,1223000.0,IDR,OK,200,Ship schedule found.
30,194,Pototano,Kayangan,Nusa Tenggara Barat,Kendaraan,20,Golongan VII,GOL VII,2026-08-21,00:00,2627160930380736309,10,1869000.0,1869000.0,IDR,OK,200,Ship schedule found.
30,194,Pototano,Kayangan,Nusa Tenggara Barat,Kendaraan,21,Golongan VIII,GOL VIII,2026-08-21,00:00,2627160930380736309,10,2153000.0,2153000.0,IDR,OK,200,Ship schedule found.
30,194,Pototano,Kayangan,Nusa Tenggara Barat,Kendaraan,22,Golongan IX,GOL IX,2026-08-21,00:00,2627160930380736309,0,2265000.0,2265000.0,IDR,OK,200,Ship schedule found.
30,194,Pototano,Kayangan,Nusa Tenggara Barat,Pejalan Kaki,7,Dewasa Ekonomi,DEWASA,2026-08-21,00:00,2627160930380736309,300,18800.0,18800.0,IDR,OK,200,Ship schedule found.
30,194,Pototano,Kayangan,Nusa Tenggara Barat,Pejalan Kaki,9,Bayi Ekonomi,BAYI,2026-08-21,00:00,2627160930380736309,15,5200.0,5200.0,IDR,OK,200,Ship schedule found.
3002,3,Jepara,Karimun Jawa,Jawa Tengah,Kendaraan,11,Golongan I,GOL I,2026-08-21,06:30,2627160930380735041,0,77000.0,77000.0,IDR,OK,200,Ship schedule found.
3002,3,Jepara,Karimun Jawa,Jawa Tengah,Kendaraan,12,Golongan II ,GOL II,2026-08-21,06:30,2627160930380735041,29,125000.0,125000.0,IDR,OK,200,Ship schedule found.
3002,3,Jepara,Karimun Jawa,Jawa Tengah,Kendaraan,13,Golongan III,GOL III,2026-08-21,06:30,2627160930380735041,0,282000.0,282000.0,IDR,OK,200,Ship schedule found.
3002,3,Jepara,Karimun Jawa,Jawa Tengah,Kendaraan,14,Golongan IV - Penumpang,GOL IV A,2026-08-21,06:30,2627160930380735041,3,991000.0,991000.0,IDR,OK,200,Ship schedule found.
3002,3,Jepara,Karimun Jawa,Jawa Tengah,Kendaraan,15,Golongan IV - Barang,GOL IV B,2026-08-21,06:30,2627160930380735041,1,1089000.0,1089000.0,IDR,OK,200,Ship schedule found.
3002,3,Jepara,Karimun Jawa,Jawa Tengah,Kendaraan,16,Golongan V - Penumpang,GOL V A,2026-08-21,06:30,2627160930380735041,0,1796000.0,1796000.0,IDR,OK,200,Ship schedule found.
3002,3,Jepara,Karimun Jawa,Jawa Tengah,Kendaraan,17,Golongan V - Barang,GOL V B,2026-08-21,06:30,2627160930380735041,0,1767000.0,1767000.0,IDR,OK,200,Ship schedule found.
3002,3,Jepara,Karimun Jawa,Jawa Tengah,Kendaraan,18,Golongan VI - Penumpang,GOL VI A,2026-08-21,06:30,2627160930380735041,0,2187000.0,2187000.0,IDR,OK,200,Ship schedule found.
3002,3,Jepara,Karimun Jawa,Jawa Tengah,Kendaraan,19,Golongan VI - Barang,GOL VI B,2026-08-21,06:30,2627160930380735041,0,2538000.0,2538000.0,IDR,OK,200,Ship schedule found.
3002,3,Jepara,Karimun Jawa,Jawa Tengah,Kendaraan,20,Golongan VII,GOL VII,2026-08-21,06:30,2627160930380735041,0,2774000.0,2774000.0,IDR,OK,200,Ship schedule found.
3002,3,Jepara,Karimun Jawa,Jawa Tengah,Kendaraan,21,Golongan VIII,GOL VIII,2026-08-21,06:30,2627160930380735041,0,3350000.0,3350000.0,IDR,OK,200,Ship schedule found.
3002,3,Jepara,Karimun Jawa,Jawa Tengah,Kendaraan,22,Golongan IX,GOL IX,2026-08-21,06:30,2627160930380735041,0,6000000.0,6000000.0,IDR,OK,200,Ship schedule found.
3002,3,Jepara,Karimun Jawa,Jawa Tengah,Kendaraan,518,Ambulance,GOL IV B,2026-08-21,06:30,2627160930380735041,,,,IDR,HTTP_400,400,"{""status"": ""false"", ""message"": ""Ship schedule not found."", ""data"": null}"
3002,3,Jepara,Karimun Jawa,Jawa Tengah,Kendaraan,519,Kendaraan Badan Penanggulangan Bencana Daerah,GOL IV B,2026-08-21,06:30,2627160930380735041,,,,IDR,HTTP_400,400,"{""status"": ""false"", ""message"": ""Ship schedule not found."", ""data"": null}"
3002,3,Jepara,Karimun Jawa,Jawa Tengah,Pejalan Kaki,5,Dewasa Bisnis I,DEWASA,2026-08-21,06:30,2627160930380735041,0,151000.0,151000.0,IDR,OK,200,Ship schedule found.
3002,3,Jepara,Karimun Jawa,Jawa Tengah,Pejalan Kaki,504,Bayi Bisnis,BAYI,2026-08-21,06:30,2627160930380735041,0,23000.0,23000.0,IDR,OK,200,Ship schedule found.
3002,3,Jepara,Karimun Jawa,Jawa Tengah,Pejalan Kaki,517,Tenaga Kesehatan,DEWASA,2026-08-21,06:30,2627160930380735041,0,15000.0,15000.0,IDR,OK,200,Ship schedule found.
3002,3,Jepara,Karimun Jawa,Jawa Tengah,Pejalan Kaki,7,Dewasa Ekonomi,DEWASA,2026-08-21,06:30,2627160930380735041,87,105000.0,105000.0,IDR,OK,200,Ship schedule found.
3002,3,Jepara,Karimun Jawa,Jawa Tengah,Pejalan Kaki,9,Bayi Ekonomi,BAYI,2026-08-21,06:30,2627160930380735041,7,15000.0,15000.0,IDR,OK,200,Ship schedule found.
31383,313,Garongkong,Batulicin,Kalimantan Selatan,Kendaraan,11,Golongan I,GOL I,2026-08-21,,,,,,IDR,SCHEDULE_DATA_NOT_FOUND,0,Gateway returned no schedule data for route
31383,313,Garongkong,Batulicin,Kalimantan Selatan,Kendaraan,12,Golongan II ,GOL II,2026-08-21,,,,,,IDR,SCHEDULE_DATA_NOT_FOUND,0,Gateway returned no schedule data for route
31383,313,Garongkong,Batulicin,Kalimantan Selatan,Kendaraan,13,Golongan III,GOL III,2026-08-21,,,,,,IDR,SCHEDULE_DATA_NOT_FOUND,0,Gateway returned no schedule data for route
31383,313,Garongkong,Batulicin,Kalimantan Selatan,Kendaraan,14,Golongan IV - Penumpang,GOL IV A,2026-08-21,,,,,,IDR,SCHEDULE_DATA_NOT_FOUND,0,Gateway returned no schedule data for route
31383,313,Garongkong,Batulicin,Kalimantan Selatan,Kendaraan,15,Golongan IV - Barang,GOL IV B,2026-08-21,,,,,,IDR,SCHEDULE_DATA_NOT_FOUND,0,Gateway returned no schedule data for route
31383,313,Garongkong,Batulicin,Kalimantan Selatan,Kendaraan,16,Golongan V - Penumpang,GOL V A,2026-08-21,,,,,,IDR,SCHEDULE_DATA_NOT_FOUND,0,Gateway returned no schedule data for route
31383,313,Garongkong,Batulicin,Kalimantan Selatan,Kendaraan,17,Golongan V - Barang,GOL V B,2026-08-21,,,,,,IDR,SCHEDULE_DATA_NOT_FOUND,0,Gateway returned no schedule data for route
31383,313,Garongkong,Batulicin,Kalimantan Selatan,Kendaraan,18,Golongan VI - Penumpang,GOL VI A,2026-08-21,,,,,,IDR,SCHEDULE_DATA_NOT_FOUND,0,Gateway returned no schedule data for route
31383,313,Garongkong,Batulicin,Kalimantan Selatan,Kendaraan,19,Golongan VI - Barang,GOL VI B,2026-08-21,,,,,,IDR,SCHEDULE_DATA_NOT_FOUND,0,Gateway returned no schedule data for route
31383,313,Garongkong,Batulicin,Kalimantan Selatan,Kendaraan,20,Golongan VII,GOL VII,2026-08-21,,,,,,IDR,SCHEDULE_DATA_NOT_FOUND,0,Gateway returned no schedule data for route
31383,313,Garongkong,Batulicin,Kalimantan Selatan,Kendaraan,21,Golongan VIII,GOL VIII,2026-08-21,,,,,,IDR,SCHEDULE_DATA_NOT_FOUND,0,Gateway returned no schedule data for route
31383,313,Garongkong,Batulicin,Kalimantan Selatan,Kendaraan,22,Golongan IX,GOL IX,2026-08-21,,,,,,IDR,SCHEDULE_DATA_NOT_FOUND,0,Gateway returned no schedule data for route
31383,313,Garongkong,Batulicin,Kalimantan Selatan,Pejalan Kaki,7,Dewasa Ekonomi,DEWASA,2026-08-21,,,,,,IDR,SCHEDULE_DATA_NOT_FOUND,0,Gateway returned no schedule data for route
31383,313,Garongkong,Batulicin,Kalimantan Selatan,Pejalan Kaki,8,Anak - Anak Ekonomi,ANAK,2026-08-21,,,,,,IDR,SCHEDULE_DATA_NOT_FOUND,0,Gateway returned no schedule data for route
31383,313,Garongkong,Batulicin,Kalimantan Selatan,Pejalan Kaki,9,Bayi Ekonomi,BAYI,2026-08-21,,,,,,IDR,SCHEDULE_DATA_NOT_FOUND,0,Gateway returned no schedule data for route
33,106,Bastiong,Rum,Maluku Utara,Kendaraan,11,Golongan I,GOL I,2026-08-21,,,,,,IDR,NO_SCHEDULE_FOR_DATE,0,No departure slots found for date 2026-08-21 (5 total across other dates)
33,106,Bastiong,Rum,Maluku Utara,Kendaraan,12,Golongan II ,GOL II,2026-08-21,,,,,,IDR,NO_SCHEDULE_FOR_DATE,0,No departure slots found for date 2026-08-21 (5 total across other dates)
33,106,Bastiong,Rum,Maluku Utara,Kendaraan,13,Golongan III,GOL III,2026-08-21,,,,,,IDR,NO_SCHEDULE_FOR_DATE,0,No departure slots found for date 2026-08-21 (5 total across other dates)
33,106,Bastiong,Rum,Maluku Utara,Kendaraan,14,Golongan IV - Penumpang,GOL IV A,2026-08-21,,,,,,IDR,NO_SCHEDULE_FOR_DATE,0,No departure slots found for date 2026-08-21 (5 total across other dates)
33,106,Bastiong,Rum,Maluku Utara,Kendaraan,15,Golongan IV - Barang,GOL IV B,2026-08-21,,,,,,IDR,NO_SCHEDULE_FOR_DATE,0,No departure slots found for date 2026-08-21 (5 total across other dates)
33,106,Bastiong,Rum,Maluku Utara,Kendaraan,16,Golongan V - Penumpang,GOL V A,2026-08-21,,,,,,IDR,NO_SCHEDULE_FOR_DATE,0,No departure slots found for date 2026-08-21 (5 total across other dates)
33,106,Bastiong,Rum,Maluku Utara,Kendaraan,17,Golongan V - Barang,GOL V B,2026-08-21,,,,,,IDR,NO_SCHEDULE_FOR_DATE,0,No departure slots found for date 2026-08-21 (5 total across other dates)
33,106,Bastiong,Rum,Maluku Utara,Kendaraan,18,Golongan VI - Penumpang,GOL VI A,2026-08-21,,,,,,IDR,NO_SCHEDULE_FOR_DATE,0,No departure slots found for date 2026-08-21 (5 total across other dates)
33,106,Bastiong,Rum,Maluku Utara,Kendaraan,19,Golongan VI - Barang,GOL VI B,2026-08-21,,,,,,IDR,NO_SCHEDULE_FOR_DATE,0,No departure slots found for date 2026-08-21 (5 total across other dates)
33,106,Bastiong,Rum,Maluku Utara,Kendaraan,20,Golongan VII,GOL VII,2026-08-21,,,,,,IDR,NO_SCHEDULE_FOR_DATE,0,No departure slots found for date 2026-08-21 (5 total across other dates)
33,106,Bastiong,Rum,Maluku Utara,Kendaraan,21,Golongan VIII,GOL VIII,2026-08-21,,,,,,IDR,NO_SCHEDULE_FOR_DATE,0,No departure slots found for date 2026-08-21 (5 total across other dates)
33,106,Bastiong,Rum,Maluku Utara,Kendaraan,22,Golongan IX,GOL IX,2026-08-21,,,,,,IDR,NO_SCHEDULE_FOR_DATE,0,No departure slots found for date 2026-08-21 (5 total across other dates)
33,106,Bastiong,Rum,Maluku Utara,Kendaraan,477,GOLONGAN II SENDIRI,GOL II,2026-08-21,,,,,,IDR,NO_SCHEDULE_FOR_DATE,0,No departure slots found for date 2026-08-21 (5 total across other dates)
33,106,Bastiong,Rum,Maluku Utara,Pejalan Kaki,7,Dewasa Ekonomi,DEWASA,2026-08-21,,,,,,IDR,NO_SCHEDULE_FOR_DATE,0,No departure slots found for date 2026-08-21 (5 total across other dates)
33,106,Bastiong,Rum,Maluku Utara,Pejalan Kaki,8,Anak - Anak Ekonomi,ANAK,2026-08-21,,,,,,IDR,NO_SCHEDULE_FOR_DATE,0,No departure slots found for date 2026-08-21 (5 total across other dates)
33,106,Bastiong,Rum,Maluku Utara,Pejalan Kaki,9,Bayi Ekonomi,BAYI,2026-08-21,,,,,,IDR,NO_SCHEDULE_FOR_DATE,0,No departure slots found for date 2026-08-21 (5 total across other dates)
34,131,Rum,Bastiong,Maluku Utara,Kendaraan,11,Golongan I,GOL I,2026-08-21,,,,,,IDR,NO_SCHEDULE_FOR_DATE,0,No departure slots found for date 2026-08-21 (2 total across other dates)
34,131,Rum,Bastiong,Maluku Utara,Kendaraan,12,Golongan II ,GOL II,2026-08-21,,,,,,IDR,NO_SCHEDULE_FOR_DATE,0,No departure slots found for date 2026-08-21 (2 total across other dates)
34,131,Rum,Bastiong,Maluku Utara,Kendaraan,13,Golongan III,GOL III,2026-08-21,,,,,,IDR,NO_SCHEDULE_FOR_DATE,0,No departure slots found for date 2026-08-21 (2 total across other dates)
34,131,Rum,Bastiong,Maluku Utara,Kendaraan,14,Golongan IV - Penumpang,GOL IV A,2026-08-21,,,,,,IDR,NO_SCHEDULE_FOR_DATE,0,No departure slots found for date 2026-08-21 (2 total across other dates)
34,131,Rum,Bastiong,Maluku Utara,Kendaraan,15,Golongan IV - Barang,GOL IV B,2026-08-21,,,,,,IDR,NO_SCHEDULE_FOR_DATE,0,No departure slots found for date 2026-08-21 (2 total across other dates)
34,131,Rum,Bastiong,Maluku Utara,Kendaraan,16,Golongan V - Penumpang,GOL V A,2026-08-21,,,,,,IDR,NO_SCHEDULE_FOR_DATE,0,No departure slots found for date 2026-08-21 (2 total across other dates)
34,131,Rum,Bastiong,Maluku Utara,Kendaraan,17,Golongan V - Barang,GOL V B,2026-08-21,,,,,,IDR,NO_SCHEDULE_FOR_DATE,0,No departure slots found for date 2026-08-21 (2 total across other dates)
34,131,Rum,Bastiong,Maluku Utara,Kendaraan,18,Golongan VI - Penumpang,GOL VI A,2026-08-21,,,,,,IDR,NO_SCHEDULE_FOR_DATE,0,No departure slots found for date 2026-08-21 (2 total across other dates)
34,131,Rum,Bastiong,Maluku Utara,Kendaraan,19,Golongan VI - Barang,GOL VI B,2026-08-21,,,,,,IDR,NO_SCHEDULE_FOR_DATE,0,No departure slots found for date 2026-08-21 (2 total across other dates)
34,131,Rum,Bastiong,Maluku Utara,Kendaraan,20,Golongan VII,GOL VII,2026-08-21,,,,,,IDR,NO_SCHEDULE_FOR_DATE,0,No departure slots found for date 2026-08-21 (2 total across other dates)
34,131,Rum,Bastiong,Maluku Utara,Kendaraan,21,Golongan VIII,GOL VIII,2026-08-21,,,,,,IDR,NO_SCHEDULE_FOR_DATE,0,No departure slots found for date 2026-08-21 (2 total across other dates)
34,131,Rum,Bastiong,Maluku Utara,Kendaraan,22,Golongan IX,GOL IX,2026-08-21,,,,,,IDR,NO_SCHEDULE_FOR_DATE,0,No departure slots found for date 2026-08-21 (2 total across other dates)
34,131,Rum,Bastiong,Maluku Utara,Pejalan Kaki,7,Dewasa Ekonomi,DEWASA,2026-08-21,,,,,,IDR,NO_SCHEDULE_FOR_DATE,0,No departure slots found for date 2026-08-21 (2 total across other dates)
34,131,Rum,Bastiong,Maluku Utara,Pejalan Kaki,8,Anak - Anak Ekonomi,ANAK,2026-08-21,,,,,,IDR,NO_SCHEDULE_FOR_DATE,0,No departure slots found for date 2026-08-21 (2 total across other dates)
34,131,Rum,Bastiong,Maluku Utara,Pejalan Kaki,9,Bayi Ekonomi,BAYI,2026-08-21,,,,,,IDR,NO_SCHEDULE_FOR_DATE,0,No departure slots found for date 2026-08-21 (2 total across other dates)
344049,344,Mamuju,Balikpapan,Kalimantan Timur,Kendaraan,11,Golongan I,GOL I,2026-08-21,,,,,,IDR,SCHEDULE_DATA_NOT_FOUND,0,Gateway returned no schedule data for route
344049,344,Mamuju,Balikpapan,Kalimantan Timur,Kendaraan,12,Golongan II ,GOL II,2026-08-21,,,,,,IDR,SCHEDULE_DATA_NOT_FOUND,0,Gateway returned no schedule data for route
344049,344,Mamuju,Balikpapan,Kalimantan Timur,Kendaraan,13,Golongan III,GOL III,2026-08-21,,,,,,IDR,SCHEDULE_DATA_NOT_FOUND,0,Gateway returned no schedule data for route
344049,344,Mamuju,Balikpapan,Kalimantan Timur,Kendaraan,14,Golongan IV - Penumpang,GOL IV A,2026-08-21,,,,,,IDR,SCHEDULE_DATA_NOT_FOUND,0,Gateway returned no schedule data for route
344049,344,Mamuju,Balikpapan,Kalimantan Timur,Kendaraan,15,Golongan IV - Barang,GOL IV B,2026-08-21,,,,,,IDR,SCHEDULE_DATA_NOT_FOUND,0,Gateway returned no schedule data for route
344049,344,Mamuju,Balikpapan,Kalimantan Timur,Kendaraan,16,Golongan V - Penumpang,GOL V A,2026-08-21,,,,,,IDR,SCHEDULE_DATA_NOT_FOUND,0,Gateway returned no schedule data for route
344049,344,Mamuju,Balikpapan,Kalimantan Timur,Kendaraan,17,Golongan V - Barang,GOL V B,2026-08-21,,,,,,IDR,SCHEDULE_DATA_NOT_FOUND,0,Gateway returned no schedule data for route
344049,344,Mamuju,Balikpapan,Kalimantan Timur,Kendaraan,18,Golongan VI - Penumpang,GOL VI A,2026-08-21,,,,,,IDR,SCHEDULE_DATA_NOT_FOUND,0,Gateway returned no schedule data for route
344049,344,Mamuju,Balikpapan,Kalimantan Timur,Kendaraan,19,Golongan VI - Barang,GOL VI B,2026-08-21,,,,,,IDR,SCHEDULE_DATA_NOT_FOUND,0,Gateway returned no schedule data for route
344049,344,Mamuju,Balikpapan,Kalimantan Timur,Kendaraan,20,Golongan VII,GOL VII,2026-08-21,,,,,,IDR,SCHEDULE_DATA_NOT_FOUND,0,Gateway returned no schedule data for route
344049,344,Mamuju,Balikpapan,Kalimantan Timur,Kendaraan,21,Golongan VIII,GOL VIII,2026-08-21,,,,,,IDR,SCHEDULE_DATA_NOT_FOUND,0,Gateway returned no schedule data for route
344049,344,Mamuju,Balikpapan,Kalimantan Timur,Kendaraan,22,Golongan IX,GOL IX,2026-08-21,,,,,,IDR,SCHEDULE_DATA_NOT_FOUND,0,Gateway returned no schedule data for route
344049,344,Mamuju,Balikpapan,Kalimantan Timur,Pejalan Kaki,7,Dewasa Ekonomi,DEWASA,2026-08-21,,,,,,IDR,SCHEDULE_DATA_NOT_FOUND,0,Gateway returned no schedule data for route
344049,344,Mamuju,Balikpapan,Kalimantan Timur,Pejalan Kaki,9,Bayi Ekonomi,BAYI,2026-08-21,,,,,,IDR,SCHEDULE_DATA_NOT_FOUND,0,Gateway returned no schedule data for route
35,107,Sidangole,Bastiong,Maluku Utara,Kendaraan,11,Golongan I,GOL I,2026-08-21,,,,,,IDR,SCHEDULE_DATA_NOT_FOUND,0,Gateway returned no schedule data for route
35,107,Sidangole,Bastiong,Maluku Utara,Kendaraan,12,Golongan II ,GOL II,2026-08-21,,,,,,IDR,SCHEDULE_DATA_NOT_FOUND,0,Gateway returned no schedule data for route
35,107,Sidangole,Bastiong,Maluku Utara,Kendaraan,13,Golongan III,GOL III,2026-08-21,,,,,,IDR,SCHEDULE_DATA_NOT_FOUND,0,Gateway returned no schedule data for route
35,107,Sidangole,Bastiong,Maluku Utara,Kendaraan,14,Golongan IV - Penumpang,GOL IV A,2026-08-21,,,,,,IDR,SCHEDULE_DATA_NOT_FOUND,0,Gateway returned no schedule data for route
35,107,Sidangole,Bastiong,Maluku Utara,Kendaraan,15,Golongan IV - Barang,GOL IV B,2026-08-21,,,,,,IDR,SCHEDULE_DATA_NOT_FOUND,0,Gateway returned no schedule data for route
35,107,Sidangole,Bastiong,Maluku Utara,Kendaraan,16,Golongan V - Penumpang,GOL V A,2026-08-21,,,,,,IDR,SCHEDULE_DATA_NOT_FOUND,0,Gateway returned no schedule data for route
35,107,Sidangole,Bastiong,Maluku Utara,Kendaraan,17,Golongan V - Barang,GOL V B,2026-08-21,,,,,,IDR,SCHEDULE_DATA_NOT_FOUND,0,Gateway returned no schedule data for route
35,107,Sidangole,Bastiong,Maluku Utara,Kendaraan,18,Golongan VI - Penumpang,GOL VI A,2026-08-21,,,,,,IDR,SCHEDULE_DATA_NOT_FOUND,0,Gateway returned no schedule data for route
35,107,Sidangole,Bastiong,Maluku Utara,Kendaraan,19,Golongan VI - Barang,GOL VI B,2026-08-21,,,,,,IDR,SCHEDULE_DATA_NOT_FOUND,0,Gateway returned no schedule data for route
35,107,Sidangole,Bastiong,Maluku Utara,Kendaraan,20,Golongan VII,GOL VII,2026-08-21,,,,,,IDR,SCHEDULE_DATA_NOT_FOUND,0,Gateway returned no schedule data for route
35,107,Sidangole,Bastiong,Maluku Utara,Kendaraan,21,Golongan VIII,GOL VIII,2026-08-21,,,,,,IDR,SCHEDULE_DATA_NOT_FOUND,0,Gateway returned no schedule data for route
35,107,Sidangole,Bastiong,Maluku Utara,Kendaraan,22,Golongan IX,GOL IX,2026-08-21,,,,,,IDR,SCHEDULE_DATA_NOT_FOUND,0,Gateway returned no schedule data for route
35,107,Sidangole,Bastiong,Maluku Utara,Pejalan Kaki,7,Dewasa Ekonomi,DEWASA,2026-08-21,,,,,,IDR,SCHEDULE_DATA_NOT_FOUND,0,Gateway returned no schedule data for route
35,107,Sidangole,Bastiong,Maluku Utara,Pejalan Kaki,8,Anak - Anak Ekonomi,ANAK,2026-08-21,,,,,,IDR,SCHEDULE_DATA_NOT_FOUND,0,Gateway returned no schedule data for route
35,107,Sidangole,Bastiong,Maluku Utara,Pejalan Kaki,9,Bayi Ekonomi,BAYI,2026-08-21,,,,,,IDR,SCHEDULE_DATA_NOT_FOUND,0,Gateway returned no schedule data for route
3537,35,Tanjung Kalian,Tanjung Api Api,Sumatera Selatan,Kendaraan,11,Golongan I,GOL I,2026-08-21,07:00,2627160930380737531,25,74500.0,74500.0,IDR,OK,200,Ship schedule found.
3537,35,Tanjung Kalian,Tanjung Api Api,Sumatera Selatan,Kendaraan,12,Golongan II ,GOL II,2026-08-21,07:00,2627160930380737531,25,138000.0,138000.0,IDR,OK,200,Ship schedule found.
3537,35,Tanjung Kalian,Tanjung Api Api,Sumatera Selatan,Kendaraan,13,Golongan III,GOL III,2026-08-21,07:00,2627160930380737531,25,231600.0,231600.0,IDR,OK,200,Ship schedule found.
3537,35,Tanjung Kalian,Tanjung Api Api,Sumatera Selatan,Kendaraan,14,Golongan IV - Penumpang,GOL IV A,2026-08-21,07:00,2627160930380737531,25,1051200.0,1051200.0,IDR,OK,200,Ship schedule found.
3537,35,Tanjung Kalian,Tanjung Api Api,Sumatera Selatan,Kendaraan,15,Golongan IV - Barang,GOL IV B,2026-08-21,07:00,2627160930380737531,25,912221.0,912221.0,IDR,OK,200,Ship schedule found.
3537,35,Tanjung Kalian,Tanjung Api Api,Sumatera Selatan,Kendaraan,16,Golongan V - Penumpang,GOL V A,2026-08-21,07:00,2627160930380737531,25,1864200.0,1864200.0,IDR,OK,200,Ship schedule found.
3537,35,Tanjung Kalian,Tanjung Api Api,Sumatera Selatan,Kendaraan,17,Golongan V - Barang,GOL V B,2026-08-21,07:00,2627160930380737531,25,1700200.0,1700200.0,IDR,OK,200,Ship schedule found.
3537,35,Tanjung Kalian,Tanjung Api Api,Sumatera Selatan,Kendaraan,18,Golongan VI - Penumpang,GOL VI A,2026-08-21,07:00,2627160930380737531,25,3045500.0,3045500.0,IDR,OK,200,Ship schedule found.
3537,35,Tanjung Kalian,Tanjung Api Api,Sumatera Selatan,Kendaraan,19,Golongan VI - Barang,GOL VI B,2026-08-21,07:00,2627160930380737531,25,2599200.0,2599200.0,IDR,OK,200,Ship schedule found.
3537,35,Tanjung Kalian,Tanjung Api Api,Sumatera Selatan,Kendaraan,20,Golongan VII,GOL VII,2026-08-21,07:00,2627160930380737531,25,3093500.0,3093500.0,IDR,OK,200,Ship schedule found.
3537,35,Tanjung Kalian,Tanjung Api Api,Sumatera Selatan,Kendaraan,21,Golongan VIII,GOL VIII,2026-08-21,07:00,2627160930380737531,25,4454800.0,4454800.0,IDR,OK,200,Ship schedule found.
3537,35,Tanjung Kalian,Tanjung Api Api,Sumatera Selatan,Kendaraan,22,Golongan IX,GOL IX,2026-08-21,07:00,2627160930380737531,25,6125000.0,6125000.0,IDR,OK,200,Ship schedule found.
3537,35,Tanjung Kalian,Tanjung Api Api,Sumatera Selatan,Pejalan Kaki,7,Dewasa Ekonomi,DEWASA,2026-08-21,07:00,2627160930380737531,250,58100.0,58100.0,IDR,OK,200,Ship schedule found.
3537,35,Tanjung Kalian,Tanjung Api Api,Sumatera Selatan,Pejalan Kaki,9,Bayi Ekonomi,BAYI,2026-08-21,07:00,2627160930380737531,250,4900.0,4900.0,IDR,OK,200,Ship schedule found.
36,106,Bastiong,Sidangole,Maluku Utara,Kendaraan,11,Golongan I,GOL I,2026-08-21,,,,,,IDR,NO_SCHEDULE_FOR_DATE,0,No departure slots found for date 2026-08-21 (4 total across other dates)
36,106,Bastiong,Sidangole,Maluku Utara,Kendaraan,12,Golongan II ,GOL II,2026-08-21,,,,,,IDR,NO_SCHEDULE_FOR_DATE,0,No departure slots found for date 2026-08-21 (4 total across other dates)
36,106,Bastiong,Sidangole,Maluku Utara,Kendaraan,13,Golongan III,GOL III,2026-08-21,,,,,,IDR,NO_SCHEDULE_FOR_DATE,0,No departure slots found for date 2026-08-21 (4 total across other dates)
36,106,Bastiong,Sidangole,Maluku Utara,Kendaraan,14,Golongan IV - Penumpang,GOL IV A,2026-08-21,,,,,,IDR,NO_SCHEDULE_FOR_DATE,0,No departure slots found for date 2026-08-21 (4 total across other dates)
36,106,Bastiong,Sidangole,Maluku Utara,Kendaraan,15,Golongan IV - Barang,GOL IV B,2026-08-21,,,,,,IDR,NO_SCHEDULE_FOR_DATE,0,No departure slots found for date 2026-08-21 (4 total across other dates)
36,106,Bastiong,Sidangole,Maluku Utara,Kendaraan,16,Golongan V - Penumpang,GOL V A,2026-08-21,,,,,,IDR,NO_SCHEDULE_FOR_DATE,0,No departure slots found for date 2026-08-21 (4 total across other dates)
36,106,Bastiong,Sidangole,Maluku Utara,Kendaraan,17,Golongan V - Barang,GOL V B,2026-08-21,,,,,,IDR,NO_SCHEDULE_FOR_DATE,0,No departure slots found for date 2026-08-21 (4 total across other dates)
36,106,Bastiong,Sidangole,Maluku Utara,Kendaraan,18,Golongan VI - Penumpang,GOL VI A,2026-08-21,,,,,,IDR,NO_SCHEDULE_FOR_DATE,0,No departure slots found for date 2026-08-21 (4 total across other dates)
36,106,Bastiong,Sidangole,Maluku Utara,Kendaraan,19,Golongan VI - Barang,GOL VI B,2026-08-21,,,,,,IDR,NO_SCHEDULE_FOR_DATE,0,No departure slots found for date 2026-08-21 (4 total across other dates)
36,106,Bastiong,Sidangole,Maluku Utara,Kendaraan,20,Golongan VII,GOL VII,2026-08-21,,,,,,IDR,NO_SCHEDULE_FOR_DATE,0,No departure slots found for date 2026-08-21 (4 total across other dates)
36,106,Bastiong,Sidangole,Maluku Utara,Kendaraan,21,Golongan VIII,GOL VIII,2026-08-21,,,,,,IDR,NO_SCHEDULE_FOR_DATE,0,No departure slots found for date 2026-08-21 (4 total across other dates)
36,106,Bastiong,Sidangole,Maluku Utara,Kendaraan,22,Golongan IX,GOL IX,2026-08-21,,,,,,IDR,NO_SCHEDULE_FOR_DATE,0,No departure slots found for date 2026-08-21 (4 total across other dates)
36,106,Bastiong,Sidangole,Maluku Utara,Pejalan Kaki,7,Dewasa Ekonomi,DEWASA,2026-08-21,,,,,,IDR,NO_SCHEDULE_FOR_DATE,0,No departure slots found for date 2026-08-21 (4 total across other dates)
36,106,Bastiong,Sidangole,Maluku Utara,Pejalan Kaki,8,Anak - Anak Ekonomi,ANAK,2026-08-21,,,,,,IDR,NO_SCHEDULE_FOR_DATE,0,No departure slots found for date 2026-08-21 (4 total across other dates)
36,106,Bastiong,Sidangole,Maluku Utara,Pejalan Kaki,9,Bayi Ekonomi,BAYI,2026-08-21,,,,,,IDR,NO_SCHEDULE_FOR_DATE,0,No departure slots found for date 2026-08-21 (4 total across other dates)
38,106,Bastiong,Sofifi,Maluku Utara,Kendaraan,11,Golongan I,GOL I,2026-08-21,06:30,2627160930380753544,0,54000.0,54000.0,IDR,OK,200,Ship schedule found.
38,106,Bastiong,Sofifi,Maluku Utara,Kendaraan,12,Golongan II ,GOL II,2026-08-21,06:30,2627160930380753544,0,95000.0,95000.0,IDR,OK,200,Ship schedule found.
38,106,Bastiong,Sofifi,Maluku Utara,Kendaraan,13,Golongan III,GOL III,2026-08-21,06:30,2627160930380753544,0,155000.0,155000.0,IDR,OK,200,Ship schedule found.
38,106,Bastiong,Sofifi,Maluku Utara,Kendaraan,14,Golongan IV - Penumpang,GOL IV A,2026-08-21,06:30,2627160930380753544,0,425000.0,425000.0,IDR,OK,200,Ship schedule found.
38,106,Bastiong,Sofifi,Maluku Utara,Kendaraan,15,Golongan IV - Barang,GOL IV B,2026-08-21,06:30,2627160930380753544,0,409000.0,409000.0,IDR,OK,200,Ship schedule found.
38,106,Bastiong,Sofifi,Maluku Utara,Kendaraan,16,Golongan V - Penumpang,GOL V A,2026-08-21,06:30,2627160930380753544,0,626000.0,626000.0,IDR,OK,200,Ship schedule found.
38,106,Bastiong,Sofifi,Maluku Utara,Kendaraan,17,Golongan V - Barang,GOL V B,2026-08-21,06:30,2627160930380753544,0,634000.0,634000.0,IDR,OK,200,Ship schedule found.
38,106,Bastiong,Sofifi,Maluku Utara,Kendaraan,18,Golongan VI - Penumpang,GOL VI A,2026-08-21,06:30,2627160930380753544,0,1138000.0,1138000.0,IDR,OK,200,Ship schedule found.
38,106,Bastiong,Sofifi,Maluku Utara,Kendaraan,19,Golongan VI - Barang,GOL VI B,2026-08-21,06:30,2627160930380753544,0,1135000.0,1135000.0,IDR,OK,200,Ship schedule found.
38,106,Bastiong,Sofifi,Maluku Utara,Kendaraan,20,Golongan VII,GOL VII,2026-08-21,06:30,2627160930380753544,0,1418000.0,1418000.0,IDR,OK,200,Ship schedule found.
38,106,Bastiong,Sofifi,Maluku Utara,Kendaraan,21,Golongan VIII,GOL VIII,2026-08-21,06:30,2627160930380753544,0,2139000.0,2139000.0,IDR,OK,200,Ship schedule found.
38,106,Bastiong,Sofifi,Maluku Utara,Kendaraan,22,Golongan IX,GOL IX,2026-08-21,06:30,2627160930380753544,0,7548000.0,7548000.0,IDR,OK,200,Ship schedule found.
38,106,Bastiong,Sofifi,Maluku Utara,Pejalan Kaki,7,Dewasa Ekonomi,DEWASA,2026-08-21,06:30,2627160930380753544,0,31000.0,31000.0,IDR,OK,200,Ship schedule found.
38,106,Bastiong,Sofifi,Maluku Utara,Pejalan Kaki,8,Anak - Anak Ekonomi,ANAK,2026-08-21,06:30,2627160930380753544,0,8000.0,8000.0,IDR,OK,200,Ship schedule found.
38,106,Bastiong,Sofifi,Maluku Utara,Pejalan Kaki,9,Bayi Ekonomi,BAYI,2026-08-21,06:30,2627160930380753544,0,8000.0,8000.0,IDR,OK,200,Ship schedule found.
40,106,Bastiong,Moti,Maluku Utara,Kendaraan,11,Golongan I,GOL I,2026-08-21,,,,,,IDR,SCHEDULE_DATA_NOT_FOUND,0,Gateway returned no schedule data for route
40,106,Bastiong,Moti,Maluku Utara,Kendaraan,12,Golongan II ,GOL II,2026-08-21,,,,,,IDR,SCHEDULE_DATA_NOT_FOUND,0,Gateway returned no schedule data for route
40,106,Bastiong,Moti,Maluku Utara,Kendaraan,13,Golongan III,GOL III,2026-08-21,,,,,,IDR,SCHEDULE_DATA_NOT_FOUND,0,Gateway returned no schedule data for route
40,106,Bastiong,Moti,Maluku Utara,Kendaraan,14,Golongan IV - Penumpang,GOL IV A,2026-08-21,,,,,,IDR,SCHEDULE_DATA_NOT_FOUND,0,Gateway returned no schedule data for route
40,106,Bastiong,Moti,Maluku Utara,Kendaraan,15,Golongan IV - Barang,GOL IV B,2026-08-21,,,,,,IDR,SCHEDULE_DATA_NOT_FOUND,0,Gateway returned no schedule data for route
40,106,Bastiong,Moti,Maluku Utara,Kendaraan,16,Golongan V - Penumpang,GOL V A,2026-08-21,,,,,,IDR,SCHEDULE_DATA_NOT_FOUND,0,Gateway returned no schedule data for route
40,106,Bastiong,Moti,Maluku Utara,Kendaraan,17,Golongan V - Barang,GOL V B,2026-08-21,,,,,,IDR,SCHEDULE_DATA_NOT_FOUND,0,Gateway returned no schedule data for route
40,106,Bastiong,Moti,Maluku Utara,Kendaraan,18,Golongan VI - Penumpang,GOL VI A,2026-08-21,,,,,,IDR,SCHEDULE_DATA_NOT_FOUND,0,Gateway returned no schedule data for route
40,106,Bastiong,Moti,Maluku Utara,Kendaraan,19,Golongan VI - Barang,GOL VI B,2026-08-21,,,,,,IDR,SCHEDULE_DATA_NOT_FOUND,0,Gateway returned no schedule data for route
40,106,Bastiong,Moti,Maluku Utara,Kendaraan,20,Golongan VII,GOL VII,2026-08-21,,,,,,IDR,SCHEDULE_DATA_NOT_FOUND,0,Gateway returned no schedule data for route
40,106,Bastiong,Moti,Maluku Utara,Kendaraan,21,Golongan VIII,GOL VIII,2026-08-21,,,,,,IDR,SCHEDULE_DATA_NOT_FOUND,0,Gateway returned no schedule data for route
40,106,Bastiong,Moti,Maluku Utara,Kendaraan,22,Golongan IX,GOL IX,2026-08-21,,,,,,IDR,SCHEDULE_DATA_NOT_FOUND,0,Gateway returned no schedule data for route
40,106,Bastiong,Moti,Maluku Utara,Pejalan Kaki,7,Dewasa Ekonomi,DEWASA,2026-08-21,,,,,,IDR,SCHEDULE_DATA_NOT_FOUND,0,Gateway returned no schedule data for route
40,106,Bastiong,Moti,Maluku Utara,Pejalan Kaki,9,Bayi Ekonomi,BAYI,2026-08-21,,,,,,IDR,SCHEDULE_DATA_NOT_FOUND,0,Gateway returned no schedule data for route
4041,40,Sibolga,Gunungsitoli,Sumatera Utara,Kendaraan,11,Golongan I,GOL I,2026-08-21,,,,,,IDR,NO_SCHEDULE_FOR_DATE,0,No departure slots found for date 2026-08-21 (2 total across other dates)
4041,40,Sibolga,Gunungsitoli,Sumatera Utara,Kendaraan,12,Golongan II ,GOL II,2026-08-21,,,,,,IDR,NO_SCHEDULE_FOR_DATE,0,No departure slots found for date 2026-08-21 (2 total across other dates)
4041,40,Sibolga,Gunungsitoli,Sumatera Utara,Kendaraan,13,Golongan III,GOL III,2026-08-21,,,,,,IDR,NO_SCHEDULE_FOR_DATE,0,No departure slots found for date 2026-08-21 (2 total across other dates)
4041,40,Sibolga,Gunungsitoli,Sumatera Utara,Kendaraan,14,Golongan IV - Penumpang,GOL IV A,2026-08-21,,,,,,IDR,NO_SCHEDULE_FOR_DATE,0,No departure slots found for date 2026-08-21 (2 total across other dates)
4041,40,Sibolga,Gunungsitoli,Sumatera Utara,Kendaraan,15,Golongan IV - Barang,GOL IV B,2026-08-21,,,,,,IDR,NO_SCHEDULE_FOR_DATE,0,No departure slots found for date 2026-08-21 (2 total across other dates)
4041,40,Sibolga,Gunungsitoli,Sumatera Utara,Kendaraan,16,Golongan V - Penumpang,GOL V A,2026-08-21,,,,,,IDR,NO_SCHEDULE_FOR_DATE,0,No departure slots found for date 2026-08-21 (2 total across other dates)
4041,40,Sibolga,Gunungsitoli,Sumatera Utara,Kendaraan,17,Golongan V - Barang,GOL V B,2026-08-21,,,,,,IDR,NO_SCHEDULE_FOR_DATE,0,No departure slots found for date 2026-08-21 (2 total across other dates)
4041,40,Sibolga,Gunungsitoli,Sumatera Utara,Kendaraan,18,Golongan VI - Penumpang,GOL VI A,2026-08-21,,,,,,IDR,NO_SCHEDULE_FOR_DATE,0,No departure slots found for date 2026-08-21 (2 total across other dates)
4041,40,Sibolga,Gunungsitoli,Sumatera Utara,Kendaraan,19,Golongan VI - Barang,GOL VI B,2026-08-21,,,,,,IDR,NO_SCHEDULE_FOR_DATE,0,No departure slots found for date 2026-08-21 (2 total across other dates)
4041,40,Sibolga,Gunungsitoli,Sumatera Utara,Kendaraan,20,Golongan VII,GOL VII,2026-08-21,,,,,,IDR,NO_SCHEDULE_FOR_DATE,0,No departure slots found for date 2026-08-21 (2 total across other dates)
4041,40,Sibolga,Gunungsitoli,Sumatera Utara,Kendaraan,21,Golongan VIII,GOL VIII,2026-08-21,,,,,,IDR,NO_SCHEDULE_FOR_DATE,0,No departure slots found for date 2026-08-21 (2 total across other dates)
4041,40,Sibolga,Gunungsitoli,Sumatera Utara,Kendaraan,22,Golongan IX,GOL IX,2026-08-21,,,,,,IDR,NO_SCHEDULE_FOR_DATE,0,No departure slots found for date 2026-08-21 (2 total across other dates)
4041,40,Sibolga,Gunungsitoli,Sumatera Utara,Pejalan Kaki,7,Dewasa Ekonomi,DEWASA,2026-08-21,,,,,,IDR,NO_SCHEDULE_FOR_DATE,0,No departure slots found for date 2026-08-21 (2 total across other dates)
4041,40,Sibolga,Gunungsitoli,Sumatera Utara,Pejalan Kaki,9,Bayi Ekonomi,BAYI,2026-08-21,,,,,,IDR,NO_SCHEDULE_FOR_DATE,0,No departure slots found for date 2026-08-21 (2 total across other dates)
4140,41,Gunungsitoli,Sibolga,Sumatera Utara,Kendaraan,11,Golongan I,GOL I,2026-08-21,22:00,2627160930380753436,15,114000.0,114000.0,IDR,OK,200,Ship schedule found.
4140,41,Gunungsitoli,Sibolga,Sumatera Utara,Kendaraan,12,Golongan II ,GOL II,2026-08-21,22:00,2627160930380753436,14,190000.0,190000.0,IDR,OK,200,Ship schedule found.
4140,41,Gunungsitoli,Sibolga,Sumatera Utara,Kendaraan,13,Golongan III,GOL III,2026-08-21,22:00,2627160930380753436,15,332500.0,332500.0,IDR,OK,200,Ship schedule found.
4140,41,Gunungsitoli,Sibolga,Sumatera Utara,Kendaraan,14,Golongan IV - Penumpang,GOL IV A,2026-08-21,22:00,2627160930380753436,15,1662500.0,1662500.0,IDR,OK,200,Ship schedule found.
4140,41,Gunungsitoli,Sibolga,Sumatera Utara,Kendaraan,15,Golongan IV - Barang,GOL IV B,2026-08-21,22:00,2627160930380753436,15,1284400.0,1284400.0,IDR,OK,200,Ship schedule found.
4140,41,Gunungsitoli,Sibolga,Sumatera Utara,Kendaraan,16,Golongan V - Penumpang,GOL V A,2026-08-21,22:00,2627160930380753436,1,2357900.0,2357900.0,IDR,OK,200,Ship schedule found.
4140,41,Gunungsitoli,Sibolga,Sumatera Utara,Kendaraan,17,Golongan V - Barang,GOL V B,2026-08-21,22:00,2627160930380753436,15,2568800.0,2568800.0,IDR,OK,200,Ship schedule found.
4140,41,Gunungsitoli,Sibolga,Sumatera Utara,Kendaraan,18,Golongan VI - Penumpang,GOL VI A,2026-08-21,22:00,2627160930380753436,1,3382000.0,3382000.0,IDR,OK,200,Ship schedule found.
4140,41,Gunungsitoli,Sibolga,Sumatera Utara,Kendaraan,19,Golongan VI - Barang,GOL VI B,2026-08-21,22:00,2627160930380753436,3,4278800.0,4278800.0,IDR,OK,200,Ship schedule found.
4140,41,Gunungsitoli,Sibolga,Sumatera Utara,Kendaraan,20,Golongan VII,GOL VII,2026-08-21,22:00,2627160930380753436,3,4943800.0,4943800.0,IDR,OK,200,Ship schedule found.
4140,41,Gunungsitoli,Sibolga,Sumatera Utara,Kendaraan,21,Golongan VIII,GOL VIII,2026-08-21,22:00,2627160930380753436,1,7318800.0,7318800.0,IDR,OK,200,Ship schedule found.
4140,41,Gunungsitoli,Sibolga,Sumatera Utara,Kendaraan,22,Golongan IX,GOL IX,2026-08-21,22:00,2627160930380753436,1,10592500.0,10592500.0,IDR,OK,200,Ship schedule found.
4140,41,Gunungsitoli,Sibolga,Sumatera Utara,Pejalan Kaki,7,Dewasa Ekonomi,DEWASA,2026-08-21,22:00,2627160930380753436,298,93100.0,93100.0,IDR,OK,200,Ship schedule found.
4140,41,Gunungsitoli,Sibolga,Sumatera Utara,Pejalan Kaki,9,Bayi Ekonomi,BAYI,2026-08-21,22:00,2627160930380753436,14,9500.0,9500.0,IDR,OK,200,Ship schedule found.
42,106,Bastiong,Batang Dua,Maluku Utara,Kendaraan,11,Golongan I,GOL I,2026-08-21,,,,,,IDR,SCHEDULE_DATA_NOT_FOUND,0,Gateway returned no schedule data for route
42,106,Bastiong,Batang Dua,Maluku Utara,Kendaraan,12,Golongan II ,GOL II,2026-08-21,,,,,,IDR,SCHEDULE_DATA_NOT_FOUND,0,Gateway returned no schedule data for route
42,106,Bastiong,Batang Dua,Maluku Utara,Kendaraan,13,Golongan III,GOL III,2026-08-21,,,,,,IDR,SCHEDULE_DATA_NOT_FOUND,0,Gateway returned no schedule data for route
42,106,Bastiong,Batang Dua,Maluku Utara,Kendaraan,14,Golongan IV - Penumpang,GOL IV A,2026-08-21,,,,,,IDR,SCHEDULE_DATA_NOT_FOUND,0,Gateway returned no schedule data for route
42,106,Bastiong,Batang Dua,Maluku Utara,Kendaraan,15,Golongan IV - Barang,GOL IV B,2026-08-21,,,,,,IDR,SCHEDULE_DATA_NOT_FOUND,0,Gateway returned no schedule data for route
42,106,Bastiong,Batang Dua,Maluku Utara,Kendaraan,16,Golongan V - Penumpang,GOL V A,2026-08-21,,,,,,IDR,SCHEDULE_DATA_NOT_FOUND,0,Gateway returned no schedule data for route
42,106,Bastiong,Batang Dua,Maluku Utara,Kendaraan,17,Golongan V - Barang,GOL V B,2026-08-21,,,,,,IDR,SCHEDULE_DATA_NOT_FOUND,0,Gateway returned no schedule data for route
42,106,Bastiong,Batang Dua,Maluku Utara,Kendaraan,18,Golongan VI - Penumpang,GOL VI A,2026-08-21,,,,,,IDR,SCHEDULE_DATA_NOT_FOUND,0,Gateway returned no schedule data for route
42,106,Bastiong,Batang Dua,Maluku Utara,Kendaraan,19,Golongan VI - Barang,GOL VI B,2026-08-21,,,,,,IDR,SCHEDULE_DATA_NOT_FOUND,0,Gateway returned no schedule data for route
42,106,Bastiong,Batang Dua,Maluku Utara,Kendaraan,20,Golongan VII,GOL VII,2026-08-21,,,,,,IDR,SCHEDULE_DATA_NOT_FOUND,0,Gateway returned no schedule data for route
42,106,Bastiong,Batang Dua,Maluku Utara,Kendaraan,21,Golongan VIII,GOL VIII,2026-08-21,,,,,,IDR,SCHEDULE_DATA_NOT_FOUND,0,Gateway returned no schedule data for route
42,106,Bastiong,Batang Dua,Maluku Utara,Kendaraan,22,Golongan IX,GOL IX,2026-08-21,,,,,,IDR,SCHEDULE_DATA_NOT_FOUND,0,Gateway returned no schedule data for route
42,106,Bastiong,Batang Dua,Maluku Utara,Pejalan Kaki,7,Dewasa Ekonomi,DEWASA,2026-08-21,,,,,,IDR,SCHEDULE_DATA_NOT_FOUND,0,Gateway returned no schedule data for route
42,106,Bastiong,Batang Dua,Maluku Utara,Pejalan Kaki,9,Bayi Ekonomi,BAYI,2026-08-21,,,,,,IDR,SCHEDULE_DATA_NOT_FOUND,0,Gateway returned no schedule data for route
429427,429,Dwikora Pontianak,Patimban,Jawa Barat,Kendaraan,11,Golongan I,GOL I,2026-08-21,,,,,,IDR,SCHEDULE_DATA_NOT_FOUND,0,Gateway returned no schedule data for route
429427,429,Dwikora Pontianak,Patimban,Jawa Barat,Kendaraan,12,Golongan II ,GOL II,2026-08-21,,,,,,IDR,SCHEDULE_DATA_NOT_FOUND,0,Gateway returned no schedule data for route
429427,429,Dwikora Pontianak,Patimban,Jawa Barat,Kendaraan,13,Golongan III,GOL III,2026-08-21,,,,,,IDR,SCHEDULE_DATA_NOT_FOUND,0,Gateway returned no schedule data for route
429427,429,Dwikora Pontianak,Patimban,Jawa Barat,Kendaraan,14,Golongan IV - Penumpang,GOL IV A,2026-08-21,,,,,,IDR,SCHEDULE_DATA_NOT_FOUND,0,Gateway returned no schedule data for route
429427,429,Dwikora Pontianak,Patimban,Jawa Barat,Kendaraan,15,Golongan IV - Barang,GOL IV B,2026-08-21,,,,,,IDR,SCHEDULE_DATA_NOT_FOUND,0,Gateway returned no schedule data for route
429427,429,Dwikora Pontianak,Patimban,Jawa Barat,Kendaraan,16,Golongan V - Penumpang,GOL V A,2026-08-21,,,,,,IDR,SCHEDULE_DATA_NOT_FOUND,0,Gateway returned no schedule data for route
429427,429,Dwikora Pontianak,Patimban,Jawa Barat,Kendaraan,17,Golongan V - Barang,GOL V B,2026-08-21,,,,,,IDR,SCHEDULE_DATA_NOT_FOUND,0,Gateway returned no schedule data for route
429427,429,Dwikora Pontianak,Patimban,Jawa Barat,Kendaraan,18,Golongan VI - Penumpang,GOL VI A,2026-08-21,,,,,,IDR,SCHEDULE_DATA_NOT_FOUND,0,Gateway returned no schedule data for route
429427,429,Dwikora Pontianak,Patimban,Jawa Barat,Kendaraan,19,Golongan VI - Barang,GOL VI B,2026-08-21,,,,,,IDR,SCHEDULE_DATA_NOT_FOUND,0,Gateway returned no schedule data for route
429427,429,Dwikora Pontianak,Patimban,Jawa Barat,Kendaraan,20,Golongan VII,GOL VII,2026-08-21,,,,,,IDR,SCHEDULE_DATA_NOT_FOUND,0,Gateway returned no schedule data for route
429427,429,Dwikora Pontianak,Patimban,Jawa Barat,Kendaraan,21,Golongan VIII,GOL VIII,2026-08-21,,,,,,IDR,SCHEDULE_DATA_NOT_FOUND,0,Gateway returned no schedule data for route
429427,429,Dwikora Pontianak,Patimban,Jawa Barat,Kendaraan,22,Golongan IX,GOL IX,2026-08-21,,,,,,IDR,SCHEDULE_DATA_NOT_FOUND,0,Gateway returned no schedule data for route
429427,429,Dwikora Pontianak,Patimban,Jawa Barat,Pejalan Kaki,7,Dewasa Ekonomi,DEWASA,2026-08-21,,,,,,IDR,SCHEDULE_DATA_NOT_FOUND,0,Gateway returned no schedule data for route
429427,429,Dwikora Pontianak,Patimban,Jawa Barat,Pejalan Kaki,9,Bayi Ekonomi,BAYI,2026-08-21,,,,,,IDR,SCHEDULE_DATA_NOT_FOUND,0,Gateway returned no schedule data for route
436199,436,Waingapu,Labuan Bajo,Nusa Tenggara Timur,Kendaraan,11,Golongan I,GOL I,2026-08-21,,,,,,IDR,SCHEDULE_DATA_NOT_FOUND,0,Gateway returned no schedule data for route
436199,436,Waingapu,Labuan Bajo,Nusa Tenggara Timur,Kendaraan,12,Golongan II ,GOL II,2026-08-21,,,,,,IDR,SCHEDULE_DATA_NOT_FOUND,0,Gateway returned no schedule data for route
436199,436,Waingapu,Labuan Bajo,Nusa Tenggara Timur,Kendaraan,13,Golongan III,GOL III,2026-08-21,,,,,,IDR,SCHEDULE_DATA_NOT_FOUND,0,Gateway returned no schedule data for route
436199,436,Waingapu,Labuan Bajo,Nusa Tenggara Timur,Kendaraan,14,Golongan IV - Penumpang,GOL IV A,2026-08-21,,,,,,IDR,SCHEDULE_DATA_NOT_FOUND,0,Gateway returned no schedule data for route
436199,436,Waingapu,Labuan Bajo,Nusa Tenggara Timur,Kendaraan,15,Golongan IV - Barang,GOL IV B,2026-08-21,,,,,,IDR,SCHEDULE_DATA_NOT_FOUND,0,Gateway returned no schedule data for route
436199,436,Waingapu,Labuan Bajo,Nusa Tenggara Timur,Kendaraan,16,Golongan V - Penumpang,GOL V A,2026-08-21,,,,,,IDR,SCHEDULE_DATA_NOT_FOUND,0,Gateway returned no schedule data for route
436199,436,Waingapu,Labuan Bajo,Nusa Tenggara Timur,Kendaraan,17,Golongan V - Barang,GOL V B,2026-08-21,,,,,,IDR,SCHEDULE_DATA_NOT_FOUND,0,Gateway returned no schedule data for route
436199,436,Waingapu,Labuan Bajo,Nusa Tenggara Timur,Kendaraan,18,Golongan VI - Penumpang,GOL VI A,2026-08-21,,,,,,IDR,SCHEDULE_DATA_NOT_FOUND,0,Gateway returned no schedule data for route
436199,436,Waingapu,Labuan Bajo,Nusa Tenggara Timur,Kendaraan,19,Golongan VI - Barang,GOL VI B,2026-08-21,,,,,,IDR,SCHEDULE_DATA_NOT_FOUND,0,Gateway returned no schedule data for route
436199,436,Waingapu,Labuan Bajo,Nusa Tenggara Timur,Kendaraan,20,Golongan VII,GOL VII,2026-08-21,,,,,,IDR,SCHEDULE_DATA_NOT_FOUND,0,Gateway returned no schedule data for route
436199,436,Waingapu,Labuan Bajo,Nusa Tenggara Timur,Kendaraan,21,Golongan VIII,GOL VIII,2026-08-21,,,,,,IDR,SCHEDULE_DATA_NOT_FOUND,0,Gateway returned no schedule data for route
436199,436,Waingapu,Labuan Bajo,Nusa Tenggara Timur,Kendaraan,22,Golongan IX,GOL IX,2026-08-21,,,,,,IDR,SCHEDULE_DATA_NOT_FOUND,0,Gateway returned no schedule data for route
436199,436,Waingapu,Labuan Bajo,Nusa Tenggara Timur,Pejalan Kaki,7,Dewasa Ekonomi,DEWASA,2026-08-21,,,,,,IDR,SCHEDULE_DATA_NOT_FOUND,0,Gateway returned no schedule data for route
436199,436,Waingapu,Labuan Bajo,Nusa Tenggara Timur,Pejalan Kaki,8,Anak - Anak Ekonomi,ANAK,2026-08-21,,,,,,IDR,SCHEDULE_DATA_NOT_FOUND,0,Gateway returned no schedule data for route
436200,436,Waingapu,Sape,Nusa Tenggara Barat,Kendaraan,11,Golongan I,GOL I,2026-08-21,,,,,,IDR,SCHEDULE_DATA_NOT_FOUND,0,Gateway returned no schedule data for route
436200,436,Waingapu,Sape,Nusa Tenggara Barat,Kendaraan,12,Golongan II ,GOL II,2026-08-21,,,,,,IDR,SCHEDULE_DATA_NOT_FOUND,0,Gateway returned no schedule data for route
436200,436,Waingapu,Sape,Nusa Tenggara Barat,Kendaraan,13,Golongan III,GOL III,2026-08-21,,,,,,IDR,SCHEDULE_DATA_NOT_FOUND,0,Gateway returned no schedule data for route
436200,436,Waingapu,Sape,Nusa Tenggara Barat,Kendaraan,14,Golongan IV - Penumpang,GOL IV A,2026-08-21,,,,,,IDR,SCHEDULE_DATA_NOT_FOUND,0,Gateway returned no schedule data for route
436200,436,Waingapu,Sape,Nusa Tenggara Barat,Kendaraan,15,Golongan IV - Barang,GOL IV B,2026-08-21,,,,,,IDR,SCHEDULE_DATA_NOT_FOUND,0,Gateway returned no schedule data for route
436200,436,Waingapu,Sape,Nusa Tenggara Barat,Kendaraan,16,Golongan V - Penumpang,GOL V A,2026-08-21,,,,,,IDR,SCHEDULE_DATA_NOT_FOUND,0,Gateway returned no schedule data for route
436200,436,Waingapu,Sape,Nusa Tenggara Barat,Kendaraan,17,Golongan V - Barang,GOL V B,2026-08-21,,,,,,IDR,SCHEDULE_DATA_NOT_FOUND,0,Gateway returned no schedule data for route
436200,436,Waingapu,Sape,Nusa Tenggara Barat,Kendaraan,18,Golongan VI - Penumpang,GOL VI A,2026-08-21,,,,,,IDR,SCHEDULE_DATA_NOT_FOUND,0,Gateway returned no schedule data for route
436200,436,Waingapu,Sape,Nusa Tenggara Barat,Kendaraan,19,Golongan VI - Barang,GOL VI B,2026-08-21,,,,,,IDR,SCHEDULE_DATA_NOT_FOUND,0,Gateway returned no schedule data for route
436200,436,Waingapu,Sape,Nusa Tenggara Barat,Kendaraan,20,Golongan VII,GOL VII,2026-08-21,,,,,,IDR,SCHEDULE_DATA_NOT_FOUND,0,Gateway returned no schedule data for route
436200,436,Waingapu,Sape,Nusa Tenggara Barat,Kendaraan,21,Golongan VIII,GOL VIII,2026-08-21,,,,,,IDR,SCHEDULE_DATA_NOT_FOUND,0,Gateway returned no schedule data for route
436200,436,Waingapu,Sape,Nusa Tenggara Barat,Kendaraan,22,Golongan IX,GOL IX,2026-08-21,,,,,,IDR,SCHEDULE_DATA_NOT_FOUND,0,Gateway returned no schedule data for route
436200,436,Waingapu,Sape,Nusa Tenggara Barat,Pejalan Kaki,5,Dewasa Bisnis I,DEWASA,2026-08-21,,,,,,IDR,SCHEDULE_DATA_NOT_FOUND,0,Gateway returned no schedule data for route
436200,436,Waingapu,Sape,Nusa Tenggara Barat,Pejalan Kaki,6,Anak - Anak Bisnis I,ANAK,2026-08-21,,,,,,IDR,SCHEDULE_DATA_NOT_FOUND,0,Gateway returned no schedule data for route
436200,436,Waingapu,Sape,Nusa Tenggara Barat,Pejalan Kaki,7,Dewasa Ekonomi,DEWASA,2026-08-21,,,,,,IDR,SCHEDULE_DATA_NOT_FOUND,0,Gateway returned no schedule data for route
436200,436,Waingapu,Sape,Nusa Tenggara Barat,Pejalan Kaki,9,Bayi Ekonomi,BAYI,2026-08-21,,,,,,IDR,SCHEDULE_DATA_NOT_FOUND,0,Gateway returned no schedule data for route
441440,441,Kalianget,Jangkar,Jawa Timur,Kendaraan,11,Golongan I,GOL I,2026-08-21,,,,,,IDR,SCHEDULE_DATA_NOT_FOUND,0,Gateway returned no schedule data for route
441440,441,Kalianget,Jangkar,Jawa Timur,Kendaraan,12,Golongan II ,GOL II,2026-08-21,,,,,,IDR,SCHEDULE_DATA_NOT_FOUND,0,Gateway returned no schedule data for route
441440,441,Kalianget,Jangkar,Jawa Timur,Kendaraan,13,Golongan III,GOL III,2026-08-21,,,,,,IDR,SCHEDULE_DATA_NOT_FOUND,0,Gateway returned no schedule data for route
441440,441,Kalianget,Jangkar,Jawa Timur,Kendaraan,14,Golongan IV - Penumpang,GOL IV A,2026-08-21,,,,,,IDR,SCHEDULE_DATA_NOT_FOUND,0,Gateway returned no schedule data for route
441440,441,Kalianget,Jangkar,Jawa Timur,Kendaraan,15,Golongan IV - Barang,GOL IV B,2026-08-21,,,,,,IDR,SCHEDULE_DATA_NOT_FOUND,0,Gateway returned no schedule data for route
441440,441,Kalianget,Jangkar,Jawa Timur,Kendaraan,16,Golongan V - Penumpang,GOL V A,2026-08-21,,,,,,IDR,SCHEDULE_DATA_NOT_FOUND,0,Gateway returned no schedule data for route
441440,441,Kalianget,Jangkar,Jawa Timur,Kendaraan,17,Golongan V - Barang,GOL V B,2026-08-21,,,,,,IDR,SCHEDULE_DATA_NOT_FOUND,0,Gateway returned no schedule data for route
441440,441,Kalianget,Jangkar,Jawa Timur,Kendaraan,18,Golongan VI - Penumpang,GOL VI A,2026-08-21,,,,,,IDR,SCHEDULE_DATA_NOT_FOUND,0,Gateway returned no schedule data for route
441440,441,Kalianget,Jangkar,Jawa Timur,Kendaraan,19,Golongan VI - Barang,GOL VI B,2026-08-21,,,,,,IDR,SCHEDULE_DATA_NOT_FOUND,0,Gateway returned no schedule data for route
441440,441,Kalianget,Jangkar,Jawa Timur,Kendaraan,20,Golongan VII,GOL VII,2026-08-21,,,,,,IDR,SCHEDULE_DATA_NOT_FOUND,0,Gateway returned no schedule data for route
441440,441,Kalianget,Jangkar,Jawa Timur,Kendaraan,21,Golongan VIII,GOL VIII,2026-08-21,,,,,,IDR,SCHEDULE_DATA_NOT_FOUND,0,Gateway returned no schedule data for route
441440,441,Kalianget,Jangkar,Jawa Timur,Kendaraan,22,Golongan IX,GOL IX,2026-08-21,,,,,,IDR,SCHEDULE_DATA_NOT_FOUND,0,Gateway returned no schedule data for route
441440,441,Kalianget,Jangkar,Jawa Timur,Pejalan Kaki,5,Dewasa Bisnis I,DEWASA,2026-08-21,,,,,,IDR,SCHEDULE_DATA_NOT_FOUND,0,Gateway returned no schedule data for route
441440,441,Kalianget,Jangkar,Jawa Timur,Pejalan Kaki,504,Bayi Bisnis,BAYI,2026-08-21,,,,,,IDR,SCHEDULE_DATA_NOT_FOUND,0,Gateway returned no schedule data for route
441440,441,Kalianget,Jangkar,Jawa Timur,Pejalan Kaki,525,SUPLESI BAYI EKONOMI KE BISNIS,SUPLESI,2026-08-21,,,,,,IDR,SCHEDULE_DATA_NOT_FOUND,0,Gateway returned no schedule data for route
441440,441,Kalianget,Jangkar,Jawa Timur,Pejalan Kaki,7,Dewasa Ekonomi,DEWASA,2026-08-21,,,,,,IDR,SCHEDULE_DATA_NOT_FOUND,0,Gateway returned no schedule data for route
441440,441,Kalianget,Jangkar,Jawa Timur,Pejalan Kaki,9,Bayi Ekonomi,BAYI,2026-08-21,,,,,,IDR,SCHEDULE_DATA_NOT_FOUND,0,Gateway returned no schedule data for route
441442,441,Kalianget,Kangean,Jawa Timur,Kendaraan,11,Golongan I,GOL I,2026-08-21,,,,,,IDR,NO_SCHEDULE_FOR_DATE,0,No departure slots found for date 2026-08-21 (1 total across other dates)
441442,441,Kalianget,Kangean,Jawa Timur,Kendaraan,12,Golongan II ,GOL II,2026-08-21,,,,,,IDR,NO_SCHEDULE_FOR_DATE,0,No departure slots found for date 2026-08-21 (1 total across other dates)
441442,441,Kalianget,Kangean,Jawa Timur,Kendaraan,13,Golongan III,GOL III,2026-08-21,,,,,,IDR,NO_SCHEDULE_FOR_DATE,0,No departure slots found for date 2026-08-21 (1 total across other dates)
441442,441,Kalianget,Kangean,Jawa Timur,Kendaraan,14,Golongan IV - Penumpang,GOL IV A,2026-08-21,,,,,,IDR,NO_SCHEDULE_FOR_DATE,0,No departure slots found for date 2026-08-21 (1 total across other dates)
441442,441,Kalianget,Kangean,Jawa Timur,Kendaraan,15,Golongan IV - Barang,GOL IV B,2026-08-21,,,,,,IDR,NO_SCHEDULE_FOR_DATE,0,No departure slots found for date 2026-08-21 (1 total across other dates)
441442,441,Kalianget,Kangean,Jawa Timur,Kendaraan,16,Golongan V - Penumpang,GOL V A,2026-08-21,,,,,,IDR,NO_SCHEDULE_FOR_DATE,0,No departure slots found for date 2026-08-21 (1 total across other dates)
441442,441,Kalianget,Kangean,Jawa Timur,Kendaraan,17,Golongan V - Barang,GOL V B,2026-08-21,,,,,,IDR,NO_SCHEDULE_FOR_DATE,0,No departure slots found for date 2026-08-21 (1 total across other dates)
441442,441,Kalianget,Kangean,Jawa Timur,Kendaraan,18,Golongan VI - Penumpang,GOL VI A,2026-08-21,,,,,,IDR,NO_SCHEDULE_FOR_DATE,0,No departure slots found for date 2026-08-21 (1 total across other dates)
441442,441,Kalianget,Kangean,Jawa Timur,Kendaraan,19,Golongan VI - Barang,GOL VI B,2026-08-21,,,,,,IDR,NO_SCHEDULE_FOR_DATE,0,No departure slots found for date 2026-08-21 (1 total across other dates)
441442,441,Kalianget,Kangean,Jawa Timur,Kendaraan,20,Golongan VII,GOL VII,2026-08-21,,,,,,IDR,NO_SCHEDULE_FOR_DATE,0,No departure slots found for date 2026-08-21 (1 total across other dates)
441442,441,Kalianget,Kangean,Jawa Timur,Kendaraan,21,Golongan VIII,GOL VIII,2026-08-21,,,,,,IDR,NO_SCHEDULE_FOR_DATE,0,No departure slots found for date 2026-08-21 (1 total across other dates)
441442,441,Kalianget,Kangean,Jawa Timur,Kendaraan,22,Golongan IX,GOL IX,2026-08-21,,,,,,IDR,NO_SCHEDULE_FOR_DATE,0,No departure slots found for date 2026-08-21 (1 total across other dates)
441442,441,Kalianget,Kangean,Jawa Timur,Pejalan Kaki,5,Dewasa Bisnis I,DEWASA,2026-08-21,,,,,,IDR,NO_SCHEDULE_FOR_DATE,0,No departure slots found for date 2026-08-21 (1 total across other dates)
441442,441,Kalianget,Kangean,Jawa Timur,Pejalan Kaki,6,Anak - Anak Bisnis I,ANAK,2026-08-21,,,,,,IDR,NO_SCHEDULE_FOR_DATE,0,No departure slots found for date 2026-08-21 (1 total across other dates)
441442,441,Kalianget,Kangean,Jawa Timur,Pejalan Kaki,7,Dewasa Ekonomi,DEWASA,2026-08-21,,,,,,IDR,NO_SCHEDULE_FOR_DATE,0,No departure slots found for date 2026-08-21 (1 total across other dates)
441442,441,Kalianget,Kangean,Jawa Timur,Pejalan Kaki,8,Anak - Anak Ekonomi,ANAK,2026-08-21,,,,,,IDR,NO_SCHEDULE_FOR_DATE,0,No departure slots found for date 2026-08-21 (1 total across other dates)
441442,441,Kalianget,Kangean,Jawa Timur,Pejalan Kaki,9,Bayi Ekonomi,BAYI,2026-08-21,,,,,,IDR,NO_SCHEDULE_FOR_DATE,0,No departure slots found for date 2026-08-21 (1 total across other dates)
46,106,Bastiong,Makian,Maluku Utara,Kendaraan,11,Golongan I,GOL I,2026-08-21,,,,,,IDR,SCHEDULE_DATA_NOT_FOUND,0,Gateway returned no schedule data for route
46,106,Bastiong,Makian,Maluku Utara,Kendaraan,12,Golongan II ,GOL II,2026-08-21,,,,,,IDR,SCHEDULE_DATA_NOT_FOUND,0,Gateway returned no schedule data for route
46,106,Bastiong,Makian,Maluku Utara,Kendaraan,13,Golongan III,GOL III,2026-08-21,,,,,,IDR,SCHEDULE_DATA_NOT_FOUND,0,Gateway returned no schedule data for route
46,106,Bastiong,Makian,Maluku Utara,Kendaraan,14,Golongan IV - Penumpang,GOL IV A,2026-08-21,,,,,,IDR,SCHEDULE_DATA_NOT_FOUND,0,Gateway returned no schedule data for route
46,106,Bastiong,Makian,Maluku Utara,Kendaraan,15,Golongan IV - Barang,GOL IV B,2026-08-21,,,,,,IDR,SCHEDULE_DATA_NOT_FOUND,0,Gateway returned no schedule data for route
46,106,Bastiong,Makian,Maluku Utara,Kendaraan,16,Golongan V - Penumpang,GOL V A,2026-08-21,,,,,,IDR,SCHEDULE_DATA_NOT_FOUND,0,Gateway returned no schedule data for route
46,106,Bastiong,Makian,Maluku Utara,Kendaraan,17,Golongan V - Barang,GOL V B,2026-08-21,,,,,,IDR,SCHEDULE_DATA_NOT_FOUND,0,Gateway returned no schedule data for route
46,106,Bastiong,Makian,Maluku Utara,Kendaraan,18,Golongan VI - Penumpang,GOL VI A,2026-08-21,,,,,,IDR,SCHEDULE_DATA_NOT_FOUND,0,Gateway returned no schedule data for route
46,106,Bastiong,Makian,Maluku Utara,Kendaraan,19,Golongan VI - Barang,GOL VI B,2026-08-21,,,,,,IDR,SCHEDULE_DATA_NOT_FOUND,0,Gateway returned no schedule data for route
46,106,Bastiong,Makian,Maluku Utara,Kendaraan,20,Golongan VII,GOL VII,2026-08-21,,,,,,IDR,SCHEDULE_DATA_NOT_FOUND,0,Gateway returned no schedule data for route
46,106,Bastiong,Makian,Maluku Utara,Kendaraan,21,Golongan VIII,GOL VIII,2026-08-21,,,,,,IDR,SCHEDULE_DATA_NOT_FOUND,0,Gateway returned no schedule data for route
46,106,Bastiong,Makian,Maluku Utara,Kendaraan,22,Golongan IX,GOL IX,2026-08-21,,,,,,IDR,SCHEDULE_DATA_NOT_FOUND,0,Gateway returned no schedule data for route
46,106,Bastiong,Makian,Maluku Utara,Pejalan Kaki,7,Dewasa Ekonomi,DEWASA,2026-08-21,,,,,,IDR,SCHEDULE_DATA_NOT_FOUND,0,Gateway returned no schedule data for route
46,106,Bastiong,Makian,Maluku Utara,Pejalan Kaki,9,Bayi Ekonomi,BAYI,2026-08-21,,,,,,IDR,SCHEDULE_DATA_NOT_FOUND,0,Gateway returned no schedule data for route
479541,479,Soekarno-Hatta (Makassar),Tanjung Perak,Jawa Timur,,,,,2026-08-21,,,,,,IDR,NO_SERVICE_TYPES,0,No service types configured for route
5335,177,Waingapu,Sabu,Nusa Tenggara Timur,Kendaraan,11,Golongan I,GOL I,2026-08-21,,,,,,IDR,SCHEDULE_DATA_NOT_FOUND,0,Gateway returned no schedule data for route
5335,177,Waingapu,Sabu,Nusa Tenggara Timur,Kendaraan,12,Golongan II ,GOL II,2026-08-21,,,,,,IDR,SCHEDULE_DATA_NOT_FOUND,0,Gateway returned no schedule data for route
5335,177,Waingapu,Sabu,Nusa Tenggara Timur,Kendaraan,13,Golongan III,GOL III,2026-08-21,,,,,,IDR,SCHEDULE_DATA_NOT_FOUND,0,Gateway returned no schedule data for route
5335,177,Waingapu,Sabu,Nusa Tenggara Timur,Kendaraan,14,Golongan IV - Penumpang,GOL IV A,2026-08-21,,,,,,IDR,SCHEDULE_DATA_NOT_FOUND,0,Gateway returned no schedule data for route
5335,177,Waingapu,Sabu,Nusa Tenggara Timur,Kendaraan,15,Golongan IV - Barang,GOL IV B,2026-08-21,,,,,,IDR,SCHEDULE_DATA_NOT_FOUND,0,Gateway returned no schedule data for route
5335,177,Waingapu,Sabu,Nusa Tenggara Timur,Kendaraan,16,Golongan V - Penumpang,GOL V A,2026-08-21,,,,,,IDR,SCHEDULE_DATA_NOT_FOUND,0,Gateway returned no schedule data for route
5335,177,Waingapu,Sabu,Nusa Tenggara Timur,Kendaraan,17,Golongan V - Barang,GOL V B,2026-08-21,,,,,,IDR,SCHEDULE_DATA_NOT_FOUND,0,Gateway returned no schedule data for route
5335,177,Waingapu,Sabu,Nusa Tenggara Timur,Kendaraan,18,Golongan VI - Penumpang,GOL VI A,2026-08-21,,,,,,IDR,SCHEDULE_DATA_NOT_FOUND,0,Gateway returned no schedule data for route
5335,177,Waingapu,Sabu,Nusa Tenggara Timur,Kendaraan,19,Golongan VI - Barang,GOL VI B,2026-08-21,,,,,,IDR,SCHEDULE_DATA_NOT_FOUND,0,Gateway returned no schedule data for route
5335,177,Waingapu,Sabu,Nusa Tenggara Timur,Kendaraan,20,Golongan VII,GOL VII,2026-08-21,,,,,,IDR,SCHEDULE_DATA_NOT_FOUND,0,Gateway returned no schedule data for route
5335,177,Waingapu,Sabu,Nusa Tenggara Timur,Kendaraan,21,Golongan VIII,GOL VIII,2026-08-21,,,,,,IDR,SCHEDULE_DATA_NOT_FOUND,0,Gateway returned no schedule data for route
5335,177,Waingapu,Sabu,Nusa Tenggara Timur,Kendaraan,22,Golongan IX,GOL IX,2026-08-21,,,,,,IDR,SCHEDULE_DATA_NOT_FOUND,0,Gateway returned no schedule data for route
5335,177,Waingapu,Sabu,Nusa Tenggara Timur,Pejalan Kaki,7,Dewasa Ekonomi,DEWASA,2026-08-21,,,,,,IDR,SCHEDULE_DATA_NOT_FOUND,0,Gateway returned no schedule data for route
5335,177,Waingapu,Sabu,Nusa Tenggara Timur,Pejalan Kaki,8,Anak - Anak Ekonomi,ANAK,2026-08-21,,,,,,IDR,SCHEDULE_DATA_NOT_FOUND,0,Gateway returned no schedule data for route
5350,172,Rote,Ndao,Nusa Tenggara Timur,Kendaraan,11,Golongan I,GOL I,2026-08-21,,,,,,IDR,SCHEDULE_DATA_NOT_FOUND,0,Gateway returned no schedule data for route
5350,172,Rote,Ndao,Nusa Tenggara Timur,Kendaraan,12,Golongan II ,GOL II,2026-08-21,,,,,,IDR,SCHEDULE_DATA_NOT_FOUND,0,Gateway returned no schedule data for route
5350,172,Rote,Ndao,Nusa Tenggara Timur,Kendaraan,13,Golongan III,GOL III,2026-08-21,,,,,,IDR,SCHEDULE_DATA_NOT_FOUND,0,Gateway returned no schedule data for route
5350,172,Rote,Ndao,Nusa Tenggara Timur,Kendaraan,14,Golongan IV - Penumpang,GOL IV A,2026-08-21,,,,,,IDR,SCHEDULE_DATA_NOT_FOUND,0,Gateway returned no schedule data for route
5350,172,Rote,Ndao,Nusa Tenggara Timur,Kendaraan,15,Golongan IV - Barang,GOL IV B,2026-08-21,,,,,,IDR,SCHEDULE_DATA_NOT_FOUND,0,Gateway returned no schedule data for route
5350,172,Rote,Ndao,Nusa Tenggara Timur,Kendaraan,16,Golongan V - Penumpang,GOL V A,2026-08-21,,,,,,IDR,SCHEDULE_DATA_NOT_FOUND,0,Gateway returned no schedule data for route
5350,172,Rote,Ndao,Nusa Tenggara Timur,Kendaraan,17,Golongan V - Barang,GOL V B,2026-08-21,,,,,,IDR,SCHEDULE_DATA_NOT_FOUND,0,Gateway returned no schedule data for route
5350,172,Rote,Ndao,Nusa Tenggara Timur,Kendaraan,18,Golongan VI - Penumpang,GOL VI A,2026-08-21,,,,,,IDR,SCHEDULE_DATA_NOT_FOUND,0,Gateway returned no schedule data for route
5350,172,Rote,Ndao,Nusa Tenggara Timur,Kendaraan,19,Golongan VI - Barang,GOL VI B,2026-08-21,,,,,,IDR,SCHEDULE_DATA_NOT_FOUND,0,Gateway returned no schedule data for route
5350,172,Rote,Ndao,Nusa Tenggara Timur,Kendaraan,20,Golongan VII,GOL VII,2026-08-21,,,,,,IDR,SCHEDULE_DATA_NOT_FOUND,0,Gateway returned no schedule data for route
5350,172,Rote,Ndao,Nusa Tenggara Timur,Kendaraan,21,Golongan VIII,GOL VIII,2026-08-21,,,,,,IDR,SCHEDULE_DATA_NOT_FOUND,0,Gateway returned no schedule data for route
5350,172,Rote,Ndao,Nusa Tenggara Timur,Kendaraan,22,Golongan IX,GOL IX,2026-08-21,,,,,,IDR,SCHEDULE_DATA_NOT_FOUND,0,Gateway returned no schedule data for route
5350,172,Rote,Ndao,Nusa Tenggara Timur,Pejalan Kaki,7,Dewasa Ekonomi,DEWASA,2026-08-21,,,,,,IDR,SCHEDULE_DATA_NOT_FOUND,0,Gateway returned no schedule data for route
5350,172,Rote,Ndao,Nusa Tenggara Timur,Pejalan Kaki,8,Anak - Anak Ekonomi,ANAK,2026-08-21,,,,,,IDR,SCHEDULE_DATA_NOT_FOUND,0,Gateway returned no schedule data for route
5354,172,Rote,Kupang,Nusa Tenggara Timur,Kendaraan,11,Golongan I,GOL I,2026-08-21,07:00,2627160930380751571,0,72000.0,72000.0,IDR,OK,200,Ship schedule found.
5354,172,Rote,Kupang,Nusa Tenggara Timur,Kendaraan,12,Golongan II ,GOL II,2026-08-21,07:00,2627160930380751571,39,242000.0,242000.0,IDR,OK,200,Ship schedule found.
5354,172,Rote,Kupang,Nusa Tenggara Timur,Kendaraan,13,Golongan III,GOL III,2026-08-21,07:00,2627160930380751571,0,251000.0,251000.0,IDR,OK,200,Ship schedule found.
5354,172,Rote,Kupang,Nusa Tenggara Timur,Kendaraan,14,Golongan IV - Penumpang,GOL IV A,2026-08-21,07:00,2627160930380751571,5,1148000.0,1148000.0,IDR,OK,200,Ship schedule found.
5354,172,Rote,Kupang,Nusa Tenggara Timur,Kendaraan,15,Golongan IV - Barang,GOL IV B,2026-08-21,07:00,2627160930380751571,5,1039000.0,1039000.0,IDR,OK,200,Ship schedule found.
5354,172,Rote,Kupang,Nusa Tenggara Timur,Kendaraan,16,Golongan V - Penumpang,GOL V A,2026-08-21,07:00,2627160930380751571,0,2720000.0,2720000.0,IDR,OK,200,Ship schedule found.
5354,172,Rote,Kupang,Nusa Tenggara Timur,Kendaraan,17,Golongan V - Barang,GOL V B,2026-08-21,07:00,2627160930380751571,9,1831000.0,1831000.0,IDR,OK,200,Ship schedule found.
5354,172,Rote,Kupang,Nusa Tenggara Timur,Kendaraan,18,Golongan VI - Penumpang,GOL VI A,2026-08-21,07:00,2627160930380751571,0,4741000.0,4741000.0,IDR,OK,200,Ship schedule found.
5354,172,Rote,Kupang,Nusa Tenggara Timur,Kendaraan,19,Golongan VI - Barang,GOL VI B,2026-08-21,07:00,2627160930380751571,2,2983000.0,2983000.0,IDR,OK,200,Ship schedule found.
5354,172,Rote,Kupang,Nusa Tenggara Timur,Kendaraan,20,Golongan VII,GOL VII,2026-08-21,07:00,2627160930380751571,0,4057000.0,4057000.0,IDR,OK,200,Ship schedule found.
5354,172,Rote,Kupang,Nusa Tenggara Timur,Kendaraan,21,Golongan VIII,GOL VIII,2026-08-21,07:00,2627160930380751571,0,5531000.0,5531000.0,IDR,OK,200,Ship schedule found.
5354,172,Rote,Kupang,Nusa Tenggara Timur,Kendaraan,22,Golongan IX,GOL IX,2026-08-21,07:00,2627160930380751571,0,13048000.0,13048000.0,IDR,OK,200,Ship schedule found.
5354,172,Rote,Kupang,Nusa Tenggara Timur,Pejalan Kaki,5,Dewasa Bisnis I,DEWASA,2026-08-21,07:00,2627160930380751571,0,87000.0,87000.0,IDR,OK,200,Ship schedule found.
5354,172,Rote,Kupang,Nusa Tenggara Timur,Pejalan Kaki,6,Anak - Anak Bisnis I,ANAK,2026-08-21,07:00,2627160930380751571,0,54000.0,54000.0,IDR,OK,200,Ship schedule found.
5354,172,Rote,Kupang,Nusa Tenggara Timur,Pejalan Kaki,7,Dewasa Ekonomi,DEWASA,2026-08-21,07:00,2627160930380751571,194,66000.0,66000.0,IDR,OK,200,Ship schedule found.
5354,172,Rote,Kupang,Nusa Tenggara Timur,Pejalan Kaki,8,Anak - Anak Ekonomi,ANAK,2026-08-21,07:00,2627160930380751571,20,43000.0,43000.0,IDR,OK,200,Ship schedule found.
5354,172,Rote,Kupang,Nusa Tenggara Timur,Pejalan Kaki,9,Bayi Ekonomi,BAYI,2026-08-21,07:00,2627160930380751571,0,40000.0,40000.0,IDR,OK,200,Ship schedule found.
5355,171,Kupang,Rote,Nusa Tenggara Timur,Kendaraan,11,Golongan I,GOL I,2026-08-21,,,,,,IDR,NO_SCHEDULE_FOR_DATE,0,No departure slots found for date 2026-08-21 (1 total across other dates)
5355,171,Kupang,Rote,Nusa Tenggara Timur,Kendaraan,12,Golongan II ,GOL II,2026-08-21,,,,,,IDR,NO_SCHEDULE_FOR_DATE,0,No departure slots found for date 2026-08-21 (1 total across other dates)
5355,171,Kupang,Rote,Nusa Tenggara Timur,Kendaraan,13,Golongan III,GOL III,2026-08-21,,,,,,IDR,NO_SCHEDULE_FOR_DATE,0,No departure slots found for date 2026-08-21 (1 total across other dates)
5355,171,Kupang,Rote,Nusa Tenggara Timur,Kendaraan,14,Golongan IV - Penumpang,GOL IV A,2026-08-21,,,,,,IDR,NO_SCHEDULE_FOR_DATE,0,No departure slots found for date 2026-08-21 (1 total across other dates)
5355,171,Kupang,Rote,Nusa Tenggara Timur,Kendaraan,15,Golongan IV - Barang,GOL IV B,2026-08-21,,,,,,IDR,NO_SCHEDULE_FOR_DATE,0,No departure slots found for date 2026-08-21 (1 total across other dates)
5355,171,Kupang,Rote,Nusa Tenggara Timur,Kendaraan,16,Golongan V - Penumpang,GOL V A,2026-08-21,,,,,,IDR,NO_SCHEDULE_FOR_DATE,0,No departure slots found for date 2026-08-21 (1 total across other dates)
5355,171,Kupang,Rote,Nusa Tenggara Timur,Kendaraan,17,Golongan V - Barang,GOL V B,2026-08-21,,,,,,IDR,NO_SCHEDULE_FOR_DATE,0,No departure slots found for date 2026-08-21 (1 total across other dates)
5355,171,Kupang,Rote,Nusa Tenggara Timur,Kendaraan,18,Golongan VI - Penumpang,GOL VI A,2026-08-21,,,,,,IDR,NO_SCHEDULE_FOR_DATE,0,No departure slots found for date 2026-08-21 (1 total across other dates)
5355,171,Kupang,Rote,Nusa Tenggara Timur,Kendaraan,19,Golongan VI - Barang,GOL VI B,2026-08-21,,,,,,IDR,NO_SCHEDULE_FOR_DATE,0,No departure slots found for date 2026-08-21 (1 total across other dates)
5355,171,Kupang,Rote,Nusa Tenggara Timur,Kendaraan,20,Golongan VII,GOL VII,2026-08-21,,,,,,IDR,NO_SCHEDULE_FOR_DATE,0,No departure slots found for date 2026-08-21 (1 total across other dates)
5355,171,Kupang,Rote,Nusa Tenggara Timur,Kendaraan,21,Golongan VIII,GOL VIII,2026-08-21,,,,,,IDR,NO_SCHEDULE_FOR_DATE,0,No departure slots found for date 2026-08-21 (1 total across other dates)
5355,171,Kupang,Rote,Nusa Tenggara Timur,Kendaraan,22,Golongan IX,GOL IX,2026-08-21,,,,,,IDR,NO_SCHEDULE_FOR_DATE,0,No departure slots found for date 2026-08-21 (1 total across other dates)
5355,171,Kupang,Rote,Nusa Tenggara Timur,Kendaraan,477,GOLONGAN II SENDIRI,GOL II,2026-08-21,,,,,,IDR,NO_SCHEDULE_FOR_DATE,0,No departure slots found for date 2026-08-21 (1 total across other dates)
5355,171,Kupang,Rote,Nusa Tenggara Timur,Pejalan Kaki,5,Dewasa Bisnis I,DEWASA,2026-08-21,,,,,,IDR,NO_SCHEDULE_FOR_DATE,0,No departure slots found for date 2026-08-21 (1 total across other dates)
5355,171,Kupang,Rote,Nusa Tenggara Timur,Pejalan Kaki,6,Anak - Anak Bisnis I,ANAK,2026-08-21,,,,,,IDR,NO_SCHEDULE_FOR_DATE,0,No departure slots found for date 2026-08-21 (1 total across other dates)
5355,171,Kupang,Rote,Nusa Tenggara Timur,Pejalan Kaki,7,Dewasa Ekonomi,DEWASA,2026-08-21,,,,,,IDR,NO_SCHEDULE_FOR_DATE,0,No departure slots found for date 2026-08-21 (1 total across other dates)
5355,171,Kupang,Rote,Nusa Tenggara Timur,Pejalan Kaki,8,Anak - Anak Ekonomi,ANAK,2026-08-21,,,,,,IDR,NO_SCHEDULE_FOR_DATE,0,No departure slots found for date 2026-08-21 (1 total across other dates)
5363,171,Kupang,Lewoleba,Nusa Tenggara Timur,Kendaraan,11,Golongan I,GOL I,2026-08-21,,,,,,IDR,SCHEDULE_DATA_NOT_FOUND,0,Gateway returned no schedule data for route
5363,171,Kupang,Lewoleba,Nusa Tenggara Timur,Kendaraan,12,Golongan II ,GOL II,2026-08-21,,,,,,IDR,SCHEDULE_DATA_NOT_FOUND,0,Gateway returned no schedule data for route
5363,171,Kupang,Lewoleba,Nusa Tenggara Timur,Kendaraan,13,Golongan III,GOL III,2026-08-21,,,,,,IDR,SCHEDULE_DATA_NOT_FOUND,0,Gateway returned no schedule data for route
5363,171,Kupang,Lewoleba,Nusa Tenggara Timur,Kendaraan,14,Golongan IV - Penumpang,GOL IV A,2026-08-21,,,,,,IDR,SCHEDULE_DATA_NOT_FOUND,0,Gateway returned no schedule data for route
5363,171,Kupang,Lewoleba,Nusa Tenggara Timur,Kendaraan,15,Golongan IV - Barang,GOL IV B,2026-08-21,,,,,,IDR,SCHEDULE_DATA_NOT_FOUND,0,Gateway returned no schedule data for route
5363,171,Kupang,Lewoleba,Nusa Tenggara Timur,Kendaraan,16,Golongan V - Penumpang,GOL V A,2026-08-21,,,,,,IDR,SCHEDULE_DATA_NOT_FOUND,0,Gateway returned no schedule data for route
5363,171,Kupang,Lewoleba,Nusa Tenggara Timur,Kendaraan,17,Golongan V - Barang,GOL V B,2026-08-21,,,,,,IDR,SCHEDULE_DATA_NOT_FOUND,0,Gateway returned no schedule data for route
5363,171,Kupang,Lewoleba,Nusa Tenggara Timur,Kendaraan,18,Golongan VI - Penumpang,GOL VI A,2026-08-21,,,,,,IDR,SCHEDULE_DATA_NOT_FOUND,0,Gateway returned no schedule data for route
5363,171,Kupang,Lewoleba,Nusa Tenggara Timur,Kendaraan,19,Golongan VI - Barang,GOL VI B,2026-08-21,,,,,,IDR,SCHEDULE_DATA_NOT_FOUND,0,Gateway returned no schedule data for route
5363,171,Kupang,Lewoleba,Nusa Tenggara Timur,Kendaraan,20,Golongan VII,GOL VII,2026-08-21,,,,,,IDR,SCHEDULE_DATA_NOT_FOUND,0,Gateway returned no schedule data for route
5363,171,Kupang,Lewoleba,Nusa Tenggara Timur,Kendaraan,21,Golongan VIII,GOL VIII,2026-08-21,,,,,,IDR,SCHEDULE_DATA_NOT_FOUND,0,Gateway returned no schedule data for route
5363,171,Kupang,Lewoleba,Nusa Tenggara Timur,Kendaraan,22,Golongan IX,GOL IX,2026-08-21,,,,,,IDR,SCHEDULE_DATA_NOT_FOUND,0,Gateway returned no schedule data for route
5363,171,Kupang,Lewoleba,Nusa Tenggara Timur,Pejalan Kaki,5,Dewasa Bisnis I,DEWASA,2026-08-21,,,,,,IDR,SCHEDULE_DATA_NOT_FOUND,0,Gateway returned no schedule data for route
5363,171,Kupang,Lewoleba,Nusa Tenggara Timur,Pejalan Kaki,6,Anak - Anak Bisnis I,ANAK,2026-08-21,,,,,,IDR,SCHEDULE_DATA_NOT_FOUND,0,Gateway returned no schedule data for route
5363,171,Kupang,Lewoleba,Nusa Tenggara Timur,Pejalan Kaki,7,Dewasa Ekonomi,DEWASA,2026-08-21,,,,,,IDR,SCHEDULE_DATA_NOT_FOUND,0,Gateway returned no schedule data for route
5363,171,Kupang,Lewoleba,Nusa Tenggara Timur,Pejalan Kaki,8,Anak - Anak Ekonomi,ANAK,2026-08-21,,,,,,IDR,SCHEDULE_DATA_NOT_FOUND,0,Gateway returned no schedule data for route
5369,171,Kupang,Adonara,Nusa Tenggara Timur,Kendaraan,11,Golongan I,GOL I,2026-08-21,,,,,,IDR,SCHEDULE_DATA_NOT_FOUND,0,Gateway returned no schedule data for route
5369,171,Kupang,Adonara,Nusa Tenggara Timur,Kendaraan,12,Golongan II ,GOL II,2026-08-21,,,,,,IDR,SCHEDULE_DATA_NOT_FOUND,0,Gateway returned no schedule data for route
5369,171,Kupang,Adonara,Nusa Tenggara Timur,Kendaraan,13,Golongan III,GOL III,2026-08-21,,,,,,IDR,SCHEDULE_DATA_NOT_FOUND,0,Gateway returned no schedule data for route
5369,171,Kupang,Adonara,Nusa Tenggara Timur,Kendaraan,14,Golongan IV - Penumpang,GOL IV A,2026-08-21,,,,,,IDR,SCHEDULE_DATA_NOT_FOUND,0,Gateway returned no schedule data for route
5369,171,Kupang,Adonara,Nusa Tenggara Timur,Kendaraan,15,Golongan IV - Barang,GOL IV B,2026-08-21,,,,,,IDR,SCHEDULE_DATA_NOT_FOUND,0,Gateway returned no schedule data for route
5369,171,Kupang,Adonara,Nusa Tenggara Timur,Kendaraan,16,Golongan V - Penumpang,GOL V A,2026-08-21,,,,,,IDR,SCHEDULE_DATA_NOT_FOUND,0,Gateway returned no schedule data for route
5369,171,Kupang,Adonara,Nusa Tenggara Timur,Kendaraan,17,Golongan V - Barang,GOL V B,2026-08-21,,,,,,IDR,SCHEDULE_DATA_NOT_FOUND,0,Gateway returned no schedule data for route
5369,171,Kupang,Adonara,Nusa Tenggara Timur,Kendaraan,18,Golongan VI - Penumpang,GOL VI A,2026-08-21,,,,,,IDR,SCHEDULE_DATA_NOT_FOUND,0,Gateway returned no schedule data for route
5369,171,Kupang,Adonara,Nusa Tenggara Timur,Kendaraan,19,Golongan VI - Barang,GOL VI B,2026-08-21,,,,,,IDR,SCHEDULE_DATA_NOT_FOUND,0,Gateway returned no schedule data for route
5369,171,Kupang,Adonara,Nusa Tenggara Timur,Kendaraan,20,Golongan VII,GOL VII,2026-08-21,,,,,,IDR,SCHEDULE_DATA_NOT_FOUND,0,Gateway returned no schedule data for route
5369,171,Kupang,Adonara,Nusa Tenggara Timur,Kendaraan,21,Golongan VIII,GOL VIII,2026-08-21,,,,,,IDR,SCHEDULE_DATA_NOT_FOUND,0,Gateway returned no schedule data for route
5369,171,Kupang,Adonara,Nusa Tenggara Timur,Kendaraan,22,Golongan IX,GOL IX,2026-08-21,,,,,,IDR,SCHEDULE_DATA_NOT_FOUND,0,Gateway returned no schedule data for route
5369,171,Kupang,Adonara,Nusa Tenggara Timur,Pejalan Kaki,7,Dewasa Ekonomi,DEWASA,2026-08-21,,,,,,IDR,SCHEDULE_DATA_NOT_FOUND,0,Gateway returned no schedule data for route
5369,171,Kupang,Adonara,Nusa Tenggara Timur,Pejalan Kaki,8,Anak - Anak Ekonomi,ANAK,2026-08-21,,,,,,IDR,SCHEDULE_DATA_NOT_FOUND,0,Gateway returned no schedule data for route
5373,171,Kupang,Ndao,Nusa Tenggara Timur,Kendaraan,11,Golongan I,GOL I,2026-08-21,,,,,,IDR,SCHEDULE_DATA_NOT_FOUND,0,Gateway returned no schedule data for route
5373,171,Kupang,Ndao,Nusa Tenggara Timur,Kendaraan,12,Golongan II ,GOL II,2026-08-21,,,,,,IDR,SCHEDULE_DATA_NOT_FOUND,0,Gateway returned no schedule data for route
5373,171,Kupang,Ndao,Nusa Tenggara Timur,Kendaraan,13,Golongan III,GOL III,2026-08-21,,,,,,IDR,SCHEDULE_DATA_NOT_FOUND,0,Gateway returned no schedule data for route
5373,171,Kupang,Ndao,Nusa Tenggara Timur,Kendaraan,14,Golongan IV - Penumpang,GOL IV A,2026-08-21,,,,,,IDR,SCHEDULE_DATA_NOT_FOUND,0,Gateway returned no schedule data for route
5373,171,Kupang,Ndao,Nusa Tenggara Timur,Kendaraan,15,Golongan IV - Barang,GOL IV B,2026-08-21,,,,,,IDR,SCHEDULE_DATA_NOT_FOUND,0,Gateway returned no schedule data for route
5373,171,Kupang,Ndao,Nusa Tenggara Timur,Kendaraan,16,Golongan V - Penumpang,GOL V A,2026-08-21,,,,,,IDR,SCHEDULE_DATA_NOT_FOUND,0,Gateway returned no schedule data for route
5373,171,Kupang,Ndao,Nusa Tenggara Timur,Kendaraan,17,Golongan V - Barang,GOL V B,2026-08-21,,,,,,IDR,SCHEDULE_DATA_NOT_FOUND,0,Gateway returned no schedule data for route
5373,171,Kupang,Ndao,Nusa Tenggara Timur,Kendaraan,18,Golongan VI - Penumpang,GOL VI A,2026-08-21,,,,,,IDR,SCHEDULE_DATA_NOT_FOUND,0,Gateway returned no schedule data for route
5373,171,Kupang,Ndao,Nusa Tenggara Timur,Kendaraan,19,Golongan VI - Barang,GOL VI B,2026-08-21,,,,,,IDR,SCHEDULE_DATA_NOT_FOUND,0,Gateway returned no schedule data for route
5373,171,Kupang,Ndao,Nusa Tenggara Timur,Kendaraan,20,Golongan VII,GOL VII,2026-08-21,,,,,,IDR,SCHEDULE_DATA_NOT_FOUND,0,Gateway returned no schedule data for route
5373,171,Kupang,Ndao,Nusa Tenggara Timur,Kendaraan,21,Golongan VIII,GOL VIII,2026-08-21,,,,,,IDR,SCHEDULE_DATA_NOT_FOUND,0,Gateway returned no schedule data for route
5373,171,Kupang,Ndao,Nusa Tenggara Timur,Kendaraan,22,Golongan IX,GOL IX,2026-08-21,,,,,,IDR,SCHEDULE_DATA_NOT_FOUND,0,Gateway returned no schedule data for route
5373,171,Kupang,Ndao,Nusa Tenggara Timur,Pejalan Kaki,7,Dewasa Ekonomi,DEWASA,2026-08-21,,,,,,IDR,SCHEDULE_DATA_NOT_FOUND,0,Gateway returned no schedule data for route
5373,171,Kupang,Ndao,Nusa Tenggara Timur,Pejalan Kaki,8,Anak - Anak Ekonomi,ANAK,2026-08-21,,,,,,IDR,SCHEDULE_DATA_NOT_FOUND,0,Gateway returned no schedule data for route
5378,171,Kupang,Ende,Nusa Tenggara Timur,Kendaraan,11,Golongan I,GOL I,2026-08-21,,,,,,IDR,SCHEDULE_DATA_NOT_FOUND,0,Gateway returned no schedule data for route
5378,171,Kupang,Ende,Nusa Tenggara Timur,Kendaraan,12,Golongan II ,GOL II,2026-08-21,,,,,,IDR,SCHEDULE_DATA_NOT_FOUND,0,Gateway returned no schedule data for route
5378,171,Kupang,Ende,Nusa Tenggara Timur,Kendaraan,13,Golongan III,GOL III,2026-08-21,,,,,,IDR,SCHEDULE_DATA_NOT_FOUND,0,Gateway returned no schedule data for route
5378,171,Kupang,Ende,Nusa Tenggara Timur,Kendaraan,14,Golongan IV - Penumpang,GOL IV A,2026-08-21,,,,,,IDR,SCHEDULE_DATA_NOT_FOUND,0,Gateway returned no schedule data for route
5378,171,Kupang,Ende,Nusa Tenggara Timur,Kendaraan,15,Golongan IV - Barang,GOL IV B,2026-08-21,,,,,,IDR,SCHEDULE_DATA_NOT_FOUND,0,Gateway returned no schedule data for route
5378,171,Kupang,Ende,Nusa Tenggara Timur,Kendaraan,16,Golongan V - Penumpang,GOL V A,2026-08-21,,,,,,IDR,SCHEDULE_DATA_NOT_FOUND,0,Gateway returned no schedule data for route
5378,171,Kupang,Ende,Nusa Tenggara Timur,Kendaraan,17,Golongan V - Barang,GOL V B,2026-08-21,,,,,,IDR,SCHEDULE_DATA_NOT_FOUND,0,Gateway returned no schedule data for route
5378,171,Kupang,Ende,Nusa Tenggara Timur,Kendaraan,18,Golongan VI - Penumpang,GOL VI A,2026-08-21,,,,,,IDR,SCHEDULE_DATA_NOT_FOUND,0,Gateway returned no schedule data for route
5378,171,Kupang,Ende,Nusa Tenggara Timur,Kendaraan,19,Golongan VI - Barang,GOL VI B,2026-08-21,,,,,,IDR,SCHEDULE_DATA_NOT_FOUND,0,Gateway returned no schedule data for route
5378,171,Kupang,Ende,Nusa Tenggara Timur,Kendaraan,20,Golongan VII,GOL VII,2026-08-21,,,,,,IDR,SCHEDULE_DATA_NOT_FOUND,0,Gateway returned no schedule data for route
5378,171,Kupang,Ende,Nusa Tenggara Timur,Kendaraan,21,Golongan VIII,GOL VIII,2026-08-21,,,,,,IDR,SCHEDULE_DATA_NOT_FOUND,0,Gateway returned no schedule data for route
5378,171,Kupang,Ende,Nusa Tenggara Timur,Kendaraan,22,Golongan IX,GOL IX,2026-08-21,,,,,,IDR,SCHEDULE_DATA_NOT_FOUND,0,Gateway returned no schedule data for route
5378,171,Kupang,Ende,Nusa Tenggara Timur,Pejalan Kaki,5,Dewasa Bisnis I,DEWASA,2026-08-21,,,,,,IDR,SCHEDULE_DATA_NOT_FOUND,0,Gateway returned no schedule data for route
5378,171,Kupang,Ende,Nusa Tenggara Timur,Pejalan Kaki,6,Anak - Anak Bisnis I,ANAK,2026-08-21,,,,,,IDR,SCHEDULE_DATA_NOT_FOUND,0,Gateway returned no schedule data for route
5378,171,Kupang,Ende,Nusa Tenggara Timur,Pejalan Kaki,7,Dewasa Ekonomi,DEWASA,2026-08-21,,,,,,IDR,SCHEDULE_DATA_NOT_FOUND,0,Gateway returned no schedule data for route
5378,171,Kupang,Ende,Nusa Tenggara Timur,Pejalan Kaki,8,Anak - Anak Ekonomi,ANAK,2026-08-21,,,,,,IDR,SCHEDULE_DATA_NOT_FOUND,0,Gateway returned no schedule data for route
5408,171,Kupang,Kalabahi,Nusa Tenggara Timur,Kendaraan,11,Golongan I,GOL I,2026-08-21,,,,,,IDR,SCHEDULE_DATA_NOT_FOUND,0,Gateway returned no schedule data for route
5408,171,Kupang,Kalabahi,Nusa Tenggara Timur,Kendaraan,12,Golongan II ,GOL II,2026-08-21,,,,,,IDR,SCHEDULE_DATA_NOT_FOUND,0,Gateway returned no schedule data for route
5408,171,Kupang,Kalabahi,Nusa Tenggara Timur,Kendaraan,13,Golongan III,GOL III,2026-08-21,,,,,,IDR,SCHEDULE_DATA_NOT_FOUND,0,Gateway returned no schedule data for route
5408,171,Kupang,Kalabahi,Nusa Tenggara Timur,Kendaraan,14,Golongan IV - Penumpang,GOL IV A,2026-08-21,,,,,,IDR,SCHEDULE_DATA_NOT_FOUND,0,Gateway returned no schedule data for route
5408,171,Kupang,Kalabahi,Nusa Tenggara Timur,Kendaraan,15,Golongan IV - Barang,GOL IV B,2026-08-21,,,,,,IDR,SCHEDULE_DATA_NOT_FOUND,0,Gateway returned no schedule data for route
5408,171,Kupang,Kalabahi,Nusa Tenggara Timur,Kendaraan,16,Golongan V - Penumpang,GOL V A,2026-08-21,,,,,,IDR,SCHEDULE_DATA_NOT_FOUND,0,Gateway returned no schedule data for route
5408,171,Kupang,Kalabahi,Nusa Tenggara Timur,Kendaraan,17,Golongan V - Barang,GOL V B,2026-08-21,,,,,,IDR,SCHEDULE_DATA_NOT_FOUND,0,Gateway returned no schedule data for route
5408,171,Kupang,Kalabahi,Nusa Tenggara Timur,Kendaraan,18,Golongan VI - Penumpang,GOL VI A,2026-08-21,,,,,,IDR,SCHEDULE_DATA_NOT_FOUND,0,Gateway returned no schedule data for route
5408,171,Kupang,Kalabahi,Nusa Tenggara Timur,Kendaraan,19,Golongan VI - Barang,GOL VI B,2026-08-21,,,,,,IDR,SCHEDULE_DATA_NOT_FOUND,0,Gateway returned no schedule data for route
5408,171,Kupang,Kalabahi,Nusa Tenggara Timur,Kendaraan,20,Golongan VII,GOL VII,2026-08-21,,,,,,IDR,SCHEDULE_DATA_NOT_FOUND,0,Gateway returned no schedule data for route
5408,171,Kupang,Kalabahi,Nusa Tenggara Timur,Kendaraan,21,Golongan VIII,GOL VIII,2026-08-21,,,,,,IDR,SCHEDULE_DATA_NOT_FOUND,0,Gateway returned no schedule data for route
5408,171,Kupang,Kalabahi,Nusa Tenggara Timur,Kendaraan,22,Golongan IX,GOL IX,2026-08-21,,,,,,IDR,SCHEDULE_DATA_NOT_FOUND,0,Gateway returned no schedule data for route
5408,171,Kupang,Kalabahi,Nusa Tenggara Timur,Pejalan Kaki,5,Dewasa Bisnis I,DEWASA,2026-08-21,,,,,,IDR,SCHEDULE_DATA_NOT_FOUND,0,Gateway returned no schedule data for route
5408,171,Kupang,Kalabahi,Nusa Tenggara Timur,Pejalan Kaki,6,Anak - Anak Bisnis I,ANAK,2026-08-21,,,,,,IDR,SCHEDULE_DATA_NOT_FOUND,0,Gateway returned no schedule data for route
5408,171,Kupang,Kalabahi,Nusa Tenggara Timur,Pejalan Kaki,7,Dewasa Ekonomi,DEWASA,2026-08-21,,,,,,IDR,SCHEDULE_DATA_NOT_FOUND,0,Gateway returned no schedule data for route
5408,171,Kupang,Kalabahi,Nusa Tenggara Timur,Pejalan Kaki,8,Anak - Anak Ekonomi,ANAK,2026-08-21,,,,,,IDR,SCHEDULE_DATA_NOT_FOUND,0,Gateway returned no schedule data for route
5409,174,Kalabahi,Kupang,Nusa Tenggara Timur,Kendaraan,11,Golongan I,GOL I,2026-08-21,,,,,,IDR,NO_SCHEDULE_FOR_DATE,0,No departure slots found for date 2026-08-21 (1 total across other dates)
5409,174,Kalabahi,Kupang,Nusa Tenggara Timur,Kendaraan,12,Golongan II ,GOL II,2026-08-21,,,,,,IDR,NO_SCHEDULE_FOR_DATE,0,No departure slots found for date 2026-08-21 (1 total across other dates)
5409,174,Kalabahi,Kupang,Nusa Tenggara Timur,Kendaraan,13,Golongan III,GOL III,2026-08-21,,,,,,IDR,NO_SCHEDULE_FOR_DATE,0,No departure slots found for date 2026-08-21 (1 total across other dates)
5409,174,Kalabahi,Kupang,Nusa Tenggara Timur,Kendaraan,14,Golongan IV - Penumpang,GOL IV A,2026-08-21,,,,,,IDR,NO_SCHEDULE_FOR_DATE,0,No departure slots found for date 2026-08-21 (1 total across other dates)
5409,174,Kalabahi,Kupang,Nusa Tenggara Timur,Kendaraan,15,Golongan IV - Barang,GOL IV B,2026-08-21,,,,,,IDR,NO_SCHEDULE_FOR_DATE,0,No departure slots found for date 2026-08-21 (1 total across other dates)
5409,174,Kalabahi,Kupang,Nusa Tenggara Timur,Kendaraan,16,Golongan V - Penumpang,GOL V A,2026-08-21,,,,,,IDR,NO_SCHEDULE_FOR_DATE,0,No departure slots found for date 2026-08-21 (1 total across other dates)
5409,174,Kalabahi,Kupang,Nusa Tenggara Timur,Kendaraan,17,Golongan V - Barang,GOL V B,2026-08-21,,,,,,IDR,NO_SCHEDULE_FOR_DATE,0,No departure slots found for date 2026-08-21 (1 total across other dates)
5409,174,Kalabahi,Kupang,Nusa Tenggara Timur,Kendaraan,18,Golongan VI - Penumpang,GOL VI A,2026-08-21,,,,,,IDR,NO_SCHEDULE_FOR_DATE,0,No departure slots found for date 2026-08-21 (1 total across other dates)
5409,174,Kalabahi,Kupang,Nusa Tenggara Timur,Kendaraan,19,Golongan VI - Barang,GOL VI B,2026-08-21,,,,,,IDR,NO_SCHEDULE_FOR_DATE,0,No departure slots found for date 2026-08-21 (1 total across other dates)
5409,174,Kalabahi,Kupang,Nusa Tenggara Timur,Kendaraan,20,Golongan VII,GOL VII,2026-08-21,,,,,,IDR,NO_SCHEDULE_FOR_DATE,0,No departure slots found for date 2026-08-21 (1 total across other dates)
5409,174,Kalabahi,Kupang,Nusa Tenggara Timur,Kendaraan,21,Golongan VIII,GOL VIII,2026-08-21,,,,,,IDR,NO_SCHEDULE_FOR_DATE,0,No departure slots found for date 2026-08-21 (1 total across other dates)
5409,174,Kalabahi,Kupang,Nusa Tenggara Timur,Kendaraan,22,Golongan IX,GOL IX,2026-08-21,,,,,,IDR,NO_SCHEDULE_FOR_DATE,0,No departure slots found for date 2026-08-21 (1 total across other dates)
5409,174,Kalabahi,Kupang,Nusa Tenggara Timur,Pejalan Kaki,5,Dewasa Bisnis I,DEWASA,2026-08-21,,,,,,IDR,NO_SCHEDULE_FOR_DATE,0,No departure slots found for date 2026-08-21 (1 total across other dates)
5409,174,Kalabahi,Kupang,Nusa Tenggara Timur,Pejalan Kaki,6,Anak - Anak Bisnis I,ANAK,2026-08-21,,,,,,IDR,NO_SCHEDULE_FOR_DATE,0,No departure slots found for date 2026-08-21 (1 total across other dates)
5409,174,Kalabahi,Kupang,Nusa Tenggara Timur,Pejalan Kaki,7,Dewasa Ekonomi,DEWASA,2026-08-21,,,,,,IDR,NO_SCHEDULE_FOR_DATE,0,No departure slots found for date 2026-08-21 (1 total across other dates)
5409,174,Kalabahi,Kupang,Nusa Tenggara Timur,Pejalan Kaki,8,Anak - Anak Ekonomi,ANAK,2026-08-21,,,,,,IDR,NO_SCHEDULE_FOR_DATE,0,No departure slots found for date 2026-08-21 (1 total across other dates)
5410,171,Kupang,Sabu,Nusa Tenggara Timur,Kendaraan,11,Golongan I,GOL I,2026-08-21,,,,,,IDR,SCHEDULE_DATA_NOT_FOUND,0,Gateway returned no schedule data for route
5410,171,Kupang,Sabu,Nusa Tenggara Timur,Kendaraan,12,Golongan II ,GOL II,2026-08-21,,,,,,IDR,SCHEDULE_DATA_NOT_FOUND,0,Gateway returned no schedule data for route
5410,171,Kupang,Sabu,Nusa Tenggara Timur,Kendaraan,12,Golongan II ,GOL II,2026-08-21,,,,,,IDR,SCHEDULE_DATA_NOT_FOUND,0,Gateway returned no schedule data for route
5410,171,Kupang,Sabu,Nusa Tenggara Timur,Kendaraan,13,Golongan III,GOL III,2026-08-21,,,,,,IDR,SCHEDULE_DATA_NOT_FOUND,0,Gateway returned no schedule data for route
5410,171,Kupang,Sabu,Nusa Tenggara Timur,Kendaraan,14,Golongan IV - Penumpang,GOL IV A,2026-08-21,,,,,,IDR,SCHEDULE_DATA_NOT_FOUND,0,Gateway returned no schedule data for route
5410,171,Kupang,Sabu,Nusa Tenggara Timur,Kendaraan,15,Golongan IV - Barang,GOL IV B,2026-08-21,,,,,,IDR,SCHEDULE_DATA_NOT_FOUND,0,Gateway returned no schedule data for route
5410,171,Kupang,Sabu,Nusa Tenggara Timur,Kendaraan,16,Golongan V - Penumpang,GOL V A,2026-08-21,,,,,,IDR,SCHEDULE_DATA_NOT_FOUND,0,Gateway returned no schedule data for route
5410,171,Kupang,Sabu,Nusa Tenggara Timur,Kendaraan,17,Golongan V - Barang,GOL V B,2026-08-21,,,,,,IDR,SCHEDULE_DATA_NOT_FOUND,0,Gateway returned no schedule data for route
5410,171,Kupang,Sabu,Nusa Tenggara Timur,Kendaraan,18,Golongan VI - Penumpang,GOL VI A,2026-08-21,,,,,,IDR,SCHEDULE_DATA_NOT_FOUND,0,Gateway returned no schedule data for route
5410,171,Kupang,Sabu,Nusa Tenggara Timur,Kendaraan,19,Golongan VI - Barang,GOL VI B,2026-08-21,,,,,,IDR,SCHEDULE_DATA_NOT_FOUND,0,Gateway returned no schedule data for route
5410,171,Kupang,Sabu,Nusa Tenggara Timur,Kendaraan,20,Golongan VII,GOL VII,2026-08-21,,,,,,IDR,SCHEDULE_DATA_NOT_FOUND,0,Gateway returned no schedule data for route
5410,171,Kupang,Sabu,Nusa Tenggara Timur,Kendaraan,21,Golongan VIII,GOL VIII,2026-08-21,,,,,,IDR,SCHEDULE_DATA_NOT_FOUND,0,Gateway returned no schedule data for route
5410,171,Kupang,Sabu,Nusa Tenggara Timur,Kendaraan,22,Golongan IX,GOL IX,2026-08-21,,,,,,IDR,SCHEDULE_DATA_NOT_FOUND,0,Gateway returned no schedule data for route
5410,171,Kupang,Sabu,Nusa Tenggara Timur,Pejalan Kaki,5,Dewasa Bisnis I,DEWASA,2026-08-21,,,,,,IDR,SCHEDULE_DATA_NOT_FOUND,0,Gateway returned no schedule data for route
5410,171,Kupang,Sabu,Nusa Tenggara Timur,Pejalan Kaki,6,Anak - Anak Bisnis I,ANAK,2026-08-21,,,,,,IDR,SCHEDULE_DATA_NOT_FOUND,0,Gateway returned no schedule data for route
5410,171,Kupang,Sabu,Nusa Tenggara Timur,Pejalan Kaki,7,Dewasa Ekonomi,DEWASA,2026-08-21,,,,,,IDR,SCHEDULE_DATA_NOT_FOUND,0,Gateway returned no schedule data for route
5410,171,Kupang,Sabu,Nusa Tenggara Timur,Pejalan Kaki,8,Anak - Anak Ekonomi,ANAK,2026-08-21,,,,,,IDR,SCHEDULE_DATA_NOT_FOUND,0,Gateway returned no schedule data for route
5411051,541,Tanjung Perak,Soekarno-Hatta (Makassar),Sulawesi Selatan,Kendaraan,12,Golongan II ,GOL II,2026-08-21,,,,,,IDR,NO_SCHEDULE_FOR_DATE,0,No departure slots found for date 2026-08-21 (1 total across other dates)
5411051,541,Tanjung Perak,Soekarno-Hatta (Makassar),Sulawesi Selatan,Kendaraan,14,Golongan IV - Penumpang,GOL IV A,2026-08-21,,,,,,IDR,NO_SCHEDULE_FOR_DATE,0,No departure slots found for date 2026-08-21 (1 total across other dates)
5411051,541,Tanjung Perak,Soekarno-Hatta (Makassar),Sulawesi Selatan,Pejalan Kaki,7,Dewasa Ekonomi,DEWASA,2026-08-21,,,,,,IDR,NO_SCHEDULE_FOR_DATE,0,No departure slots found for date 2026-08-21 (1 total across other dates)
5412,171,Kupang,Aimere,Nusa Tenggara Timur,Kendaraan,11,Golongan I,GOL I,2026-08-21,,,,,,IDR,NO_SCHEDULE_FOR_DATE,0,No departure slots found for date 2026-08-21 (1 total across other dates)
5412,171,Kupang,Aimere,Nusa Tenggara Timur,Kendaraan,12,Golongan II ,GOL II,2026-08-21,,,,,,IDR,NO_SCHEDULE_FOR_DATE,0,No departure slots found for date 2026-08-21 (1 total across other dates)
5412,171,Kupang,Aimere,Nusa Tenggara Timur,Kendaraan,13,Golongan III,GOL III,2026-08-21,,,,,,IDR,NO_SCHEDULE_FOR_DATE,0,No departure slots found for date 2026-08-21 (1 total across other dates)
5412,171,Kupang,Aimere,Nusa Tenggara Timur,Kendaraan,14,Golongan IV - Penumpang,GOL IV A,2026-08-21,,,,,,IDR,NO_SCHEDULE_FOR_DATE,0,No departure slots found for date 2026-08-21 (1 total across other dates)
5412,171,Kupang,Aimere,Nusa Tenggara Timur,Kendaraan,15,Golongan IV - Barang,GOL IV B,2026-08-21,,,,,,IDR,NO_SCHEDULE_FOR_DATE,0,No departure slots found for date 2026-08-21 (1 total across other dates)
5412,171,Kupang,Aimere,Nusa Tenggara Timur,Kendaraan,16,Golongan V - Penumpang,GOL V A,2026-08-21,,,,,,IDR,NO_SCHEDULE_FOR_DATE,0,No departure slots found for date 2026-08-21 (1 total across other dates)
5412,171,Kupang,Aimere,Nusa Tenggara Timur,Kendaraan,17,Golongan V - Barang,GOL V B,2026-08-21,,,,,,IDR,NO_SCHEDULE_FOR_DATE,0,No departure slots found for date 2026-08-21 (1 total across other dates)
5412,171,Kupang,Aimere,Nusa Tenggara Timur,Kendaraan,18,Golongan VI - Penumpang,GOL VI A,2026-08-21,,,,,,IDR,NO_SCHEDULE_FOR_DATE,0,No departure slots found for date 2026-08-21 (1 total across other dates)
5412,171,Kupang,Aimere,Nusa Tenggara Timur,Kendaraan,19,Golongan VI - Barang,GOL VI B,2026-08-21,,,,,,IDR,NO_SCHEDULE_FOR_DATE,0,No departure slots found for date 2026-08-21 (1 total across other dates)
5412,171,Kupang,Aimere,Nusa Tenggara Timur,Kendaraan,20,Golongan VII,GOL VII,2026-08-21,,,,,,IDR,NO_SCHEDULE_FOR_DATE,0,No departure slots found for date 2026-08-21 (1 total across other dates)
5412,171,Kupang,Aimere,Nusa Tenggara Timur,Kendaraan,21,Golongan VIII,GOL VIII,2026-08-21,,,,,,IDR,NO_SCHEDULE_FOR_DATE,0,No departure slots found for date 2026-08-21 (1 total across other dates)
5412,171,Kupang,Aimere,Nusa Tenggara Timur,Kendaraan,22,Golongan IX,GOL IX,2026-08-21,,,,,,IDR,NO_SCHEDULE_FOR_DATE,0,No departure slots found for date 2026-08-21 (1 total across other dates)
5412,171,Kupang,Aimere,Nusa Tenggara Timur,Pejalan Kaki,5,Dewasa Bisnis I,DEWASA,2026-08-21,,,,,,IDR,NO_SCHEDULE_FOR_DATE,0,No departure slots found for date 2026-08-21 (1 total across other dates)
5412,171,Kupang,Aimere,Nusa Tenggara Timur,Pejalan Kaki,6,Anak - Anak Bisnis I,ANAK,2026-08-21,,,,,,IDR,NO_SCHEDULE_FOR_DATE,0,No departure slots found for date 2026-08-21 (1 total across other dates)
5412,171,Kupang,Aimere,Nusa Tenggara Timur,Pejalan Kaki,7,Dewasa Ekonomi,DEWASA,2026-08-21,,,,,,IDR,NO_SCHEDULE_FOR_DATE,0,No departure slots found for date 2026-08-21 (1 total across other dates)
5412,171,Kupang,Aimere,Nusa Tenggara Timur,Pejalan Kaki,8,Anak - Anak Ekonomi,ANAK,2026-08-21,,,,,,IDR,NO_SCHEDULE_FOR_DATE,0,No departure slots found for date 2026-08-21 (1 total across other dates)
5414,171,Kupang,Waingapu,Nusa Tenggara Timur,Kendaraan,11,Golongan I,GOL I,2026-08-21,,,,,,IDR,SCHEDULE_DATA_NOT_FOUND,0,Gateway returned no schedule data for route
5414,171,Kupang,Waingapu,Nusa Tenggara Timur,Kendaraan,12,Golongan II ,GOL II,2026-08-21,,,,,,IDR,SCHEDULE_DATA_NOT_FOUND,0,Gateway returned no schedule data for route
5414,171,Kupang,Waingapu,Nusa Tenggara Timur,Kendaraan,13,Golongan III,GOL III,2026-08-21,,,,,,IDR,SCHEDULE_DATA_NOT_FOUND,0,Gateway returned no schedule data for route
5414,171,Kupang,Waingapu,Nusa Tenggara Timur,Kendaraan,14,Golongan IV - Penumpang,GOL IV A,2026-08-21,,,,,,IDR,SCHEDULE_DATA_NOT_FOUND,0,Gateway returned no schedule data for route
5414,171,Kupang,Waingapu,Nusa Tenggara Timur,Kendaraan,15,Golongan IV - Barang,GOL IV B,2026-08-21,,,,,,IDR,SCHEDULE_DATA_NOT_FOUND,0,Gateway returned no schedule data for route
5414,171,Kupang,Waingapu,Nusa Tenggara Timur,Kendaraan,16,Golongan V - Penumpang,GOL V A,2026-08-21,,,,,,IDR,SCHEDULE_DATA_NOT_FOUND,0,Gateway returned no schedule data for route
5414,171,Kupang,Waingapu,Nusa Tenggara Timur,Kendaraan,17,Golongan V - Barang,GOL V B,2026-08-21,,,,,,IDR,SCHEDULE_DATA_NOT_FOUND,0,Gateway returned no schedule data for route
5414,171,Kupang,Waingapu,Nusa Tenggara Timur,Kendaraan,18,Golongan VI - Penumpang,GOL VI A,2026-08-21,,,,,,IDR,SCHEDULE_DATA_NOT_FOUND,0,Gateway returned no schedule data for route
5414,171,Kupang,Waingapu,Nusa Tenggara Timur,Kendaraan,19,Golongan VI - Barang,GOL VI B,2026-08-21,,,,,,IDR,SCHEDULE_DATA_NOT_FOUND,0,Gateway returned no schedule data for route
5414,171,Kupang,Waingapu,Nusa Tenggara Timur,Kendaraan,20,Golongan VII,GOL VII,2026-08-21,,,,,,IDR,SCHEDULE_DATA_NOT_FOUND,0,Gateway returned no schedule data for route
5414,171,Kupang,Waingapu,Nusa Tenggara Timur,Kendaraan,21,Golongan VIII,GOL VIII,2026-08-21,,,,,,IDR,SCHEDULE_DATA_NOT_FOUND,0,Gateway returned no schedule data for route
5414,171,Kupang,Waingapu,Nusa Tenggara Timur,Kendaraan,22,Golongan IX,GOL IX,2026-08-21,,,,,,IDR,SCHEDULE_DATA_NOT_FOUND,0,Gateway returned no schedule data for route
5414,171,Kupang,Waingapu,Nusa Tenggara Timur,Pejalan Kaki,5,Dewasa Bisnis I,DEWASA,2026-08-21,,,,,,IDR,SCHEDULE_DATA_NOT_FOUND,0,Gateway returned no schedule data for route
5414,171,Kupang,Waingapu,Nusa Tenggara Timur,Pejalan Kaki,6,Anak - Anak Bisnis I,ANAK,2026-08-21,,,,,,IDR,SCHEDULE_DATA_NOT_FOUND,0,Gateway returned no schedule data for route
5414,171,Kupang,Waingapu,Nusa Tenggara Timur,Pejalan Kaki,7,Dewasa Ekonomi,DEWASA,2026-08-21,,,,,,IDR,SCHEDULE_DATA_NOT_FOUND,0,Gateway returned no schedule data for route
5414,171,Kupang,Waingapu,Nusa Tenggara Timur,Pejalan Kaki,8,Anak - Anak Ekonomi,ANAK,2026-08-21,,,,,,IDR,SCHEDULE_DATA_NOT_FOUND,0,Gateway returned no schedule data for route
5415,177,Waingapu,Kupang,Nusa Tenggara Timur,Kendaraan,11,Golongan I,GOL I,2026-08-21,,,,,,IDR,SCHEDULE_DATA_NOT_FOUND,0,Gateway returned no schedule data for route
5415,177,Waingapu,Kupang,Nusa Tenggara Timur,Kendaraan,12,Golongan II ,GOL II,2026-08-21,,,,,,IDR,SCHEDULE_DATA_NOT_FOUND,0,Gateway returned no schedule data for route
5415,177,Waingapu,Kupang,Nusa Tenggara Timur,Kendaraan,13,Golongan III,GOL III,2026-08-21,,,,,,IDR,SCHEDULE_DATA_NOT_FOUND,0,Gateway returned no schedule data for route
5415,177,Waingapu,Kupang,Nusa Tenggara Timur,Kendaraan,14,Golongan IV - Penumpang,GOL IV A,2026-08-21,,,,,,IDR,SCHEDULE_DATA_NOT_FOUND,0,Gateway returned no schedule data for route
5415,177,Waingapu,Kupang,Nusa Tenggara Timur,Kendaraan,15,Golongan IV - Barang,GOL IV B,2026-08-21,,,,,,IDR,SCHEDULE_DATA_NOT_FOUND,0,Gateway returned no schedule data for route
5415,177,Waingapu,Kupang,Nusa Tenggara Timur,Kendaraan,16,Golongan V - Penumpang,GOL V A,2026-08-21,,,,,,IDR,SCHEDULE_DATA_NOT_FOUND,0,Gateway returned no schedule data for route
5415,177,Waingapu,Kupang,Nusa Tenggara Timur,Kendaraan,17,Golongan V - Barang,GOL V B,2026-08-21,,,,,,IDR,SCHEDULE_DATA_NOT_FOUND,0,Gateway returned no schedule data for route
5415,177,Waingapu,Kupang,Nusa Tenggara Timur,Kendaraan,18,Golongan VI - Penumpang,GOL VI A,2026-08-21,,,,,,IDR,SCHEDULE_DATA_NOT_FOUND,0,Gateway returned no schedule data for route
5415,177,Waingapu,Kupang,Nusa Tenggara Timur,Kendaraan,19,Golongan VI - Barang,GOL VI B,2026-08-21,,,,,,IDR,SCHEDULE_DATA_NOT_FOUND,0,Gateway returned no schedule data for route
5415,177,Waingapu,Kupang,Nusa Tenggara Timur,Kendaraan,20,Golongan VII,GOL VII,2026-08-21,,,,,,IDR,SCHEDULE_DATA_NOT_FOUND,0,Gateway returned no schedule data for route
5415,177,Waingapu,Kupang,Nusa Tenggara Timur,Kendaraan,21,Golongan VIII,GOL VIII,2026-08-21,,,,,,IDR,SCHEDULE_DATA_NOT_FOUND,0,Gateway returned no schedule data for route
5415,177,Waingapu,Kupang,Nusa Tenggara Timur,Kendaraan,22,Golongan IX,GOL IX,2026-08-21,,,,,,IDR,SCHEDULE_DATA_NOT_FOUND,0,Gateway returned no schedule data for route
5415,177,Waingapu,Kupang,Nusa Tenggara Timur,Pejalan Kaki,5,Dewasa Bisnis I,DEWASA,2026-08-21,,,,,,IDR,SCHEDULE_DATA_NOT_FOUND,0,Gateway returned no schedule data for route
5415,177,Waingapu,Kupang,Nusa Tenggara Timur,Pejalan Kaki,6,Anak - Anak Bisnis I,ANAK,2026-08-21,,,,,,IDR,SCHEDULE_DATA_NOT_FOUND,0,Gateway returned no schedule data for route
5415,177,Waingapu,Kupang,Nusa Tenggara Timur,Pejalan Kaki,7,Dewasa Ekonomi,DEWASA,2026-08-21,,,,,,IDR,SCHEDULE_DATA_NOT_FOUND,0,Gateway returned no schedule data for route
5415,177,Waingapu,Kupang,Nusa Tenggara Timur,Pejalan Kaki,8,Anak - Anak Ekonomi,ANAK,2026-08-21,,,,,,IDR,SCHEDULE_DATA_NOT_FOUND,0,Gateway returned no schedule data for route
5417,174,Kalabahi,Adonara,Nusa Tenggara Timur,Kendaraan,11,Golongan I,GOL I,2026-08-21,,,,,,IDR,SCHEDULE_DATA_NOT_FOUND,0,Gateway returned no schedule data for route
5417,174,Kalabahi,Adonara,Nusa Tenggara Timur,Kendaraan,12,Golongan II ,GOL II,2026-08-21,,,,,,IDR,SCHEDULE_DATA_NOT_FOUND,0,Gateway returned no schedule data for route
5417,174,Kalabahi,Adonara,Nusa Tenggara Timur,Kendaraan,13,Golongan III,GOL III,2026-08-21,,,,,,IDR,SCHEDULE_DATA_NOT_FOUND,0,Gateway returned no schedule data for route
5417,174,Kalabahi,Adonara,Nusa Tenggara Timur,Kendaraan,14,Golongan IV - Penumpang,GOL IV A,2026-08-21,,,,,,IDR,SCHEDULE_DATA_NOT_FOUND,0,Gateway returned no schedule data for route
5417,174,Kalabahi,Adonara,Nusa Tenggara Timur,Kendaraan,15,Golongan IV - Barang,GOL IV B,2026-08-21,,,,,,IDR,SCHEDULE_DATA_NOT_FOUND,0,Gateway returned no schedule data for route
5417,174,Kalabahi,Adonara,Nusa Tenggara Timur,Kendaraan,16,Golongan V - Penumpang,GOL V A,2026-08-21,,,,,,IDR,SCHEDULE_DATA_NOT_FOUND,0,Gateway returned no schedule data for route
5417,174,Kalabahi,Adonara,Nusa Tenggara Timur,Kendaraan,17,Golongan V - Barang,GOL V B,2026-08-21,,,,,,IDR,SCHEDULE_DATA_NOT_FOUND,0,Gateway returned no schedule data for route
5417,174,Kalabahi,Adonara,Nusa Tenggara Timur,Kendaraan,18,Golongan VI - Penumpang,GOL VI A,2026-08-21,,,,,,IDR,SCHEDULE_DATA_NOT_FOUND,0,Gateway returned no schedule data for route
5417,174,Kalabahi,Adonara,Nusa Tenggara Timur,Kendaraan,19,Golongan VI - Barang,GOL VI B,2026-08-21,,,,,,IDR,SCHEDULE_DATA_NOT_FOUND,0,Gateway returned no schedule data for route
5417,174,Kalabahi,Adonara,Nusa Tenggara Timur,Kendaraan,20,Golongan VII,GOL VII,2026-08-21,,,,,,IDR,SCHEDULE_DATA_NOT_FOUND,0,Gateway returned no schedule data for route
5417,174,Kalabahi,Adonara,Nusa Tenggara Timur,Kendaraan,21,Golongan VIII,GOL VIII,2026-08-21,,,,,,IDR,SCHEDULE_DATA_NOT_FOUND,0,Gateway returned no schedule data for route
5417,174,Kalabahi,Adonara,Nusa Tenggara Timur,Kendaraan,22,Golongan IX,GOL IX,2026-08-21,,,,,,IDR,SCHEDULE_DATA_NOT_FOUND,0,Gateway returned no schedule data for route
5417,174,Kalabahi,Adonara,Nusa Tenggara Timur,Pejalan Kaki,5,Dewasa Bisnis I,DEWASA,2026-08-21,,,,,,IDR,SCHEDULE_DATA_NOT_FOUND,0,Gateway returned no schedule data for route
5417,174,Kalabahi,Adonara,Nusa Tenggara Timur,Pejalan Kaki,7,Dewasa Ekonomi,DEWASA,2026-08-21,,,,,,IDR,SCHEDULE_DATA_NOT_FOUND,0,Gateway returned no schedule data for route
5417,174,Kalabahi,Adonara,Nusa Tenggara Timur,Pejalan Kaki,8,Anak - Anak Ekonomi,ANAK,2026-08-21,,,,,,IDR,SCHEDULE_DATA_NOT_FOUND,0,Gateway returned no schedule data for route
5418,174,Kalabahi,Teluk Gurita,Nusa Tenggara Timur,Kendaraan,11,Golongan I,GOL I,2026-08-21,,,,,,IDR,SCHEDULE_DATA_NOT_FOUND,0,Gateway returned no schedule data for route
5418,174,Kalabahi,Teluk Gurita,Nusa Tenggara Timur,Kendaraan,12,Golongan II ,GOL II,2026-08-21,,,,,,IDR,SCHEDULE_DATA_NOT_FOUND,0,Gateway returned no schedule data for route
5418,174,Kalabahi,Teluk Gurita,Nusa Tenggara Timur,Kendaraan,13,Golongan III,GOL III,2026-08-21,,,,,,IDR,SCHEDULE_DATA_NOT_FOUND,0,Gateway returned no schedule data for route
5418,174,Kalabahi,Teluk Gurita,Nusa Tenggara Timur,Kendaraan,14,Golongan IV - Penumpang,GOL IV A,2026-08-21,,,,,,IDR,SCHEDULE_DATA_NOT_FOUND,0,Gateway returned no schedule data for route
5418,174,Kalabahi,Teluk Gurita,Nusa Tenggara Timur,Kendaraan,15,Golongan IV - Barang,GOL IV B,2026-08-21,,,,,,IDR,SCHEDULE_DATA_NOT_FOUND,0,Gateway returned no schedule data for route
5418,174,Kalabahi,Teluk Gurita,Nusa Tenggara Timur,Kendaraan,16,Golongan V - Penumpang,GOL V A,2026-08-21,,,,,,IDR,SCHEDULE_DATA_NOT_FOUND,0,Gateway returned no schedule data for route
5418,174,Kalabahi,Teluk Gurita,Nusa Tenggara Timur,Kendaraan,17,Golongan V - Barang,GOL V B,2026-08-21,,,,,,IDR,SCHEDULE_DATA_NOT_FOUND,0,Gateway returned no schedule data for route
5418,174,Kalabahi,Teluk Gurita,Nusa Tenggara Timur,Kendaraan,18,Golongan VI - Penumpang,GOL VI A,2026-08-21,,,,,,IDR,SCHEDULE_DATA_NOT_FOUND,0,Gateway returned no schedule data for route
5418,174,Kalabahi,Teluk Gurita,Nusa Tenggara Timur,Kendaraan,19,Golongan VI - Barang,GOL VI B,2026-08-21,,,,,,IDR,SCHEDULE_DATA_NOT_FOUND,0,Gateway returned no schedule data for route
5418,174,Kalabahi,Teluk Gurita,Nusa Tenggara Timur,Kendaraan,20,Golongan VII,GOL VII,2026-08-21,,,,,,IDR,SCHEDULE_DATA_NOT_FOUND,0,Gateway returned no schedule data for route
5418,174,Kalabahi,Teluk Gurita,Nusa Tenggara Timur,Kendaraan,21,Golongan VIII,GOL VIII,2026-08-21,,,,,,IDR,SCHEDULE_DATA_NOT_FOUND,0,Gateway returned no schedule data for route
5418,174,Kalabahi,Teluk Gurita,Nusa Tenggara Timur,Kendaraan,22,Golongan IX,GOL IX,2026-08-21,,,,,,IDR,SCHEDULE_DATA_NOT_FOUND,0,Gateway returned no schedule data for route
5418,174,Kalabahi,Teluk Gurita,Nusa Tenggara Timur,Pejalan Kaki,7,Dewasa Ekonomi,DEWASA,2026-08-21,,,,,,IDR,SCHEDULE_DATA_NOT_FOUND,0,Gateway returned no schedule data for route
5418,174,Kalabahi,Teluk Gurita,Nusa Tenggara Timur,Pejalan Kaki,8,Anak - Anak Ekonomi,ANAK,2026-08-21,,,,,,IDR,SCHEDULE_DATA_NOT_FOUND,0,Gateway returned no schedule data for route
5422,171,Kupang,Hansisi,Nusa Tenggara Timur,Kendaraan,11,Golongan I,GOL I,2026-08-21,,,,,,IDR,SCHEDULE_DATA_NOT_FOUND,0,Gateway returned no schedule data for route
5422,171,Kupang,Hansisi,Nusa Tenggara Timur,Kendaraan,12,Golongan II ,GOL II,2026-08-21,,,,,,IDR,SCHEDULE_DATA_NOT_FOUND,0,Gateway returned no schedule data for route
5422,171,Kupang,Hansisi,Nusa Tenggara Timur,Kendaraan,13,Golongan III,GOL III,2026-08-21,,,,,,IDR,SCHEDULE_DATA_NOT_FOUND,0,Gateway returned no schedule data for route
5422,171,Kupang,Hansisi,Nusa Tenggara Timur,Kendaraan,14,Golongan IV - Penumpang,GOL IV A,2026-08-21,,,,,,IDR,SCHEDULE_DATA_NOT_FOUND,0,Gateway returned no schedule data for route
5422,171,Kupang,Hansisi,Nusa Tenggara Timur,Kendaraan,15,Golongan IV - Barang,GOL IV B,2026-08-21,,,,,,IDR,SCHEDULE_DATA_NOT_FOUND,0,Gateway returned no schedule data for route
5422,171,Kupang,Hansisi,Nusa Tenggara Timur,Kendaraan,16,Golongan V - Penumpang,GOL V A,2026-08-21,,,,,,IDR,SCHEDULE_DATA_NOT_FOUND,0,Gateway returned no schedule data for route
5422,171,Kupang,Hansisi,Nusa Tenggara Timur,Kendaraan,17,Golongan V - Barang,GOL V B,2026-08-21,,,,,,IDR,SCHEDULE_DATA_NOT_FOUND,0,Gateway returned no schedule data for route
5422,171,Kupang,Hansisi,Nusa Tenggara Timur,Kendaraan,18,Golongan VI - Penumpang,GOL VI A,2026-08-21,,,,,,IDR,SCHEDULE_DATA_NOT_FOUND,0,Gateway returned no schedule data for route
5422,171,Kupang,Hansisi,Nusa Tenggara Timur,Kendaraan,19,Golongan VI - Barang,GOL VI B,2026-08-21,,,,,,IDR,SCHEDULE_DATA_NOT_FOUND,0,Gateway returned no schedule data for route
5422,171,Kupang,Hansisi,Nusa Tenggara Timur,Kendaraan,20,Golongan VII,GOL VII,2026-08-21,,,,,,IDR,SCHEDULE_DATA_NOT_FOUND,0,Gateway returned no schedule data for route
5422,171,Kupang,Hansisi,Nusa Tenggara Timur,Kendaraan,21,Golongan VIII,GOL VIII,2026-08-21,,,,,,IDR,SCHEDULE_DATA_NOT_FOUND,0,Gateway returned no schedule data for route
5422,171,Kupang,Hansisi,Nusa Tenggara Timur,Kendaraan,22,Golongan IX,GOL IX,2026-08-21,,,,,,IDR,SCHEDULE_DATA_NOT_FOUND,0,Gateway returned no schedule data for route
5422,171,Kupang,Hansisi,Nusa Tenggara Timur,Pejalan Kaki,5,Dewasa Bisnis I,DEWASA,2026-08-21,,,,,,IDR,SCHEDULE_DATA_NOT_FOUND,0,Gateway returned no schedule data for route
5422,171,Kupang,Hansisi,Nusa Tenggara Timur,Pejalan Kaki,7,Dewasa Ekonomi,DEWASA,2026-08-21,,,,,,IDR,SCHEDULE_DATA_NOT_FOUND,0,Gateway returned no schedule data for route
5422,171,Kupang,Hansisi,Nusa Tenggara Timur,Pejalan Kaki,8,Anak - Anak Ekonomi,ANAK,2026-08-21,,,,,,IDR,SCHEDULE_DATA_NOT_FOUND,0,Gateway returned no schedule data for route
5425,172,Rote,Hansisi,Nusa Tenggara Timur,Kendaraan,11,Golongan I,GOL I,2026-08-21,,,,,,IDR,SCHEDULE_DATA_NOT_FOUND,0,Gateway returned no schedule data for route
5425,172,Rote,Hansisi,Nusa Tenggara Timur,Kendaraan,12,Golongan II ,GOL II,2026-08-21,,,,,,IDR,SCHEDULE_DATA_NOT_FOUND,0,Gateway returned no schedule data for route
5425,172,Rote,Hansisi,Nusa Tenggara Timur,Kendaraan,13,Golongan III,GOL III,2026-08-21,,,,,,IDR,SCHEDULE_DATA_NOT_FOUND,0,Gateway returned no schedule data for route
5425,172,Rote,Hansisi,Nusa Tenggara Timur,Kendaraan,14,Golongan IV - Penumpang,GOL IV A,2026-08-21,,,,,,IDR,SCHEDULE_DATA_NOT_FOUND,0,Gateway returned no schedule data for route
5425,172,Rote,Hansisi,Nusa Tenggara Timur,Kendaraan,15,Golongan IV - Barang,GOL IV B,2026-08-21,,,,,,IDR,SCHEDULE_DATA_NOT_FOUND,0,Gateway returned no schedule data for route
5425,172,Rote,Hansisi,Nusa Tenggara Timur,Kendaraan,16,Golongan V - Penumpang,GOL V A,2026-08-21,,,,,,IDR,SCHEDULE_DATA_NOT_FOUND,0,Gateway returned no schedule data for route
5425,172,Rote,Hansisi,Nusa Tenggara Timur,Kendaraan,17,Golongan V - Barang,GOL V B,2026-08-21,,,,,,IDR,SCHEDULE_DATA_NOT_FOUND,0,Gateway returned no schedule data for route
5425,172,Rote,Hansisi,Nusa Tenggara Timur,Kendaraan,18,Golongan VI - Penumpang,GOL VI A,2026-08-21,,,,,,IDR,SCHEDULE_DATA_NOT_FOUND,0,Gateway returned no schedule data for route
5425,172,Rote,Hansisi,Nusa Tenggara Timur,Kendaraan,19,Golongan VI - Barang,GOL VI B,2026-08-21,,,,,,IDR,SCHEDULE_DATA_NOT_FOUND,0,Gateway returned no schedule data for route
5425,172,Rote,Hansisi,Nusa Tenggara Timur,Kendaraan,20,Golongan VII,GOL VII,2026-08-21,,,,,,IDR,SCHEDULE_DATA_NOT_FOUND,0,Gateway returned no schedule data for route
5425,172,Rote,Hansisi,Nusa Tenggara Timur,Kendaraan,21,Golongan VIII,GOL VIII,2026-08-21,,,,,,IDR,SCHEDULE_DATA_NOT_FOUND,0,Gateway returned no schedule data for route
5425,172,Rote,Hansisi,Nusa Tenggara Timur,Kendaraan,22,Golongan IX,GOL IX,2026-08-21,,,,,,IDR,SCHEDULE_DATA_NOT_FOUND,0,Gateway returned no schedule data for route
5425,172,Rote,Hansisi,Nusa Tenggara Timur,Pejalan Kaki,7,Dewasa Ekonomi,DEWASA,2026-08-21,,,,,,IDR,SCHEDULE_DATA_NOT_FOUND,0,Gateway returned no schedule data for route
5425,172,Rote,Hansisi,Nusa Tenggara Timur,Pejalan Kaki,8,Anak - Anak Ekonomi,ANAK,2026-08-21,,,,,,IDR,SCHEDULE_DATA_NOT_FOUND,0,Gateway returned no schedule data for route
5426,174,Kalabahi,Larantuka,Nusa Tenggara Timur,Kendaraan,11,Golongan I,GOL I,2026-08-21,,,,,,IDR,SCHEDULE_DATA_NOT_FOUND,0,Gateway returned no schedule data for route
5426,174,Kalabahi,Larantuka,Nusa Tenggara Timur,Kendaraan,12,Golongan II ,GOL II,2026-08-21,,,,,,IDR,SCHEDULE_DATA_NOT_FOUND,0,Gateway returned no schedule data for route
5426,174,Kalabahi,Larantuka,Nusa Tenggara Timur,Kendaraan,13,Golongan III,GOL III,2026-08-21,,,,,,IDR,SCHEDULE_DATA_NOT_FOUND,0,Gateway returned no schedule data for route
5426,174,Kalabahi,Larantuka,Nusa Tenggara Timur,Kendaraan,14,Golongan IV - Penumpang,GOL IV A,2026-08-21,,,,,,IDR,SCHEDULE_DATA_NOT_FOUND,0,Gateway returned no schedule data for route
5426,174,Kalabahi,Larantuka,Nusa Tenggara Timur,Kendaraan,15,Golongan IV - Barang,GOL IV B,2026-08-21,,,,,,IDR,SCHEDULE_DATA_NOT_FOUND,0,Gateway returned no schedule data for route
5426,174,Kalabahi,Larantuka,Nusa Tenggara Timur,Kendaraan,16,Golongan V - Penumpang,GOL V A,2026-08-21,,,,,,IDR,SCHEDULE_DATA_NOT_FOUND,0,Gateway returned no schedule data for route
5426,174,Kalabahi,Larantuka,Nusa Tenggara Timur,Kendaraan,17,Golongan V - Barang,GOL V B,2026-08-21,,,,,,IDR,SCHEDULE_DATA_NOT_FOUND,0,Gateway returned no schedule data for route
5426,174,Kalabahi,Larantuka,Nusa Tenggara Timur,Kendaraan,18,Golongan VI - Penumpang,GOL VI A,2026-08-21,,,,,,IDR,SCHEDULE_DATA_NOT_FOUND,0,Gateway returned no schedule data for route
5426,174,Kalabahi,Larantuka,Nusa Tenggara Timur,Kendaraan,19,Golongan VI - Barang,GOL VI B,2026-08-21,,,,,,IDR,SCHEDULE_DATA_NOT_FOUND,0,Gateway returned no schedule data for route
5426,174,Kalabahi,Larantuka,Nusa Tenggara Timur,Kendaraan,20,Golongan VII,GOL VII,2026-08-21,,,,,,IDR,SCHEDULE_DATA_NOT_FOUND,0,Gateway returned no schedule data for route
5426,174,Kalabahi,Larantuka,Nusa Tenggara Timur,Kendaraan,21,Golongan VIII,GOL VIII,2026-08-21,,,,,,IDR,SCHEDULE_DATA_NOT_FOUND,0,Gateway returned no schedule data for route
5426,174,Kalabahi,Larantuka,Nusa Tenggara Timur,Kendaraan,22,Golongan IX,GOL IX,2026-08-21,,,,,,IDR,SCHEDULE_DATA_NOT_FOUND,0,Gateway returned no schedule data for route
5426,174,Kalabahi,Larantuka,Nusa Tenggara Timur,Pejalan Kaki,7,Dewasa Ekonomi,DEWASA,2026-08-21,,,,,,IDR,SCHEDULE_DATA_NOT_FOUND,0,Gateway returned no schedule data for route
5426,174,Kalabahi,Larantuka,Nusa Tenggara Timur,Pejalan Kaki,8,Anak - Anak Ekonomi,ANAK,2026-08-21,,,,,,IDR,SCHEDULE_DATA_NOT_FOUND,0,Gateway returned no schedule data for route
5427,173,Larantuka,Kalabahi,Nusa Tenggara Timur,Kendaraan,11,Golongan I,GOL I,2026-08-21,,,,,,IDR,SCHEDULE_DATA_NOT_FOUND,0,Gateway returned no schedule data for route
5427,173,Larantuka,Kalabahi,Nusa Tenggara Timur,Kendaraan,12,Golongan II ,GOL II,2026-08-21,,,,,,IDR,SCHEDULE_DATA_NOT_FOUND,0,Gateway returned no schedule data for route
5427,173,Larantuka,Kalabahi,Nusa Tenggara Timur,Kendaraan,13,Golongan III,GOL III,2026-08-21,,,,,,IDR,SCHEDULE_DATA_NOT_FOUND,0,Gateway returned no schedule data for route
5427,173,Larantuka,Kalabahi,Nusa Tenggara Timur,Kendaraan,14,Golongan IV - Penumpang,GOL IV A,2026-08-21,,,,,,IDR,SCHEDULE_DATA_NOT_FOUND,0,Gateway returned no schedule data for route
5427,173,Larantuka,Kalabahi,Nusa Tenggara Timur,Kendaraan,15,Golongan IV - Barang,GOL IV B,2026-08-21,,,,,,IDR,SCHEDULE_DATA_NOT_FOUND,0,Gateway returned no schedule data for route
5427,173,Larantuka,Kalabahi,Nusa Tenggara Timur,Kendaraan,16,Golongan V - Penumpang,GOL V A,2026-08-21,,,,,,IDR,SCHEDULE_DATA_NOT_FOUND,0,Gateway returned no schedule data for route
5427,173,Larantuka,Kalabahi,Nusa Tenggara Timur,Kendaraan,17,Golongan V - Barang,GOL V B,2026-08-21,,,,,,IDR,SCHEDULE_DATA_NOT_FOUND,0,Gateway returned no schedule data for route
5427,173,Larantuka,Kalabahi,Nusa Tenggara Timur,Kendaraan,18,Golongan VI - Penumpang,GOL VI A,2026-08-21,,,,,,IDR,SCHEDULE_DATA_NOT_FOUND,0,Gateway returned no schedule data for route
5427,173,Larantuka,Kalabahi,Nusa Tenggara Timur,Kendaraan,19,Golongan VI - Barang,GOL VI B,2026-08-21,,,,,,IDR,SCHEDULE_DATA_NOT_FOUND,0,Gateway returned no schedule data for route
5427,173,Larantuka,Kalabahi,Nusa Tenggara Timur,Kendaraan,20,Golongan VII,GOL VII,2026-08-21,,,,,,IDR,SCHEDULE_DATA_NOT_FOUND,0,Gateway returned no schedule data for route
5427,173,Larantuka,Kalabahi,Nusa Tenggara Timur,Kendaraan,21,Golongan VIII,GOL VIII,2026-08-21,,,,,,IDR,SCHEDULE_DATA_NOT_FOUND,0,Gateway returned no schedule data for route
5427,173,Larantuka,Kalabahi,Nusa Tenggara Timur,Kendaraan,22,Golongan IX,GOL IX,2026-08-21,,,,,,IDR,SCHEDULE_DATA_NOT_FOUND,0,Gateway returned no schedule data for route
5427,173,Larantuka,Kalabahi,Nusa Tenggara Timur,Pejalan Kaki,7,Dewasa Ekonomi,DEWASA,2026-08-21,,,,,,IDR,SCHEDULE_DATA_NOT_FOUND,0,Gateway returned no schedule data for route
5430,171,Kupang,Naikliu,Nusa Tenggara Timur,Kendaraan,11,Golongan I,GOL I,2026-08-21,,,,,,IDR,SCHEDULE_DATA_NOT_FOUND,0,Gateway returned no schedule data for route
5430,171,Kupang,Naikliu,Nusa Tenggara Timur,Kendaraan,12,Golongan II ,GOL II,2026-08-21,,,,,,IDR,SCHEDULE_DATA_NOT_FOUND,0,Gateway returned no schedule data for route
5430,171,Kupang,Naikliu,Nusa Tenggara Timur,Kendaraan,13,Golongan III,GOL III,2026-08-21,,,,,,IDR,SCHEDULE_DATA_NOT_FOUND,0,Gateway returned no schedule data for route
5430,171,Kupang,Naikliu,Nusa Tenggara Timur,Kendaraan,14,Golongan IV - Penumpang,GOL IV A,2026-08-21,,,,,,IDR,SCHEDULE_DATA_NOT_FOUND,0,Gateway returned no schedule data for route
5430,171,Kupang,Naikliu,Nusa Tenggara Timur,Kendaraan,15,Golongan IV - Barang,GOL IV B,2026-08-21,,,,,,IDR,SCHEDULE_DATA_NOT_FOUND,0,Gateway returned no schedule data for route
5430,171,Kupang,Naikliu,Nusa Tenggara Timur,Kendaraan,16,Golongan V - Penumpang,GOL V A,2026-08-21,,,,,,IDR,SCHEDULE_DATA_NOT_FOUND,0,Gateway returned no schedule data for route
5430,171,Kupang,Naikliu,Nusa Tenggara Timur,Kendaraan,17,Golongan V - Barang,GOL V B,2026-08-21,,,,,,IDR,SCHEDULE_DATA_NOT_FOUND,0,Gateway returned no schedule data for route
5430,171,Kupang,Naikliu,Nusa Tenggara Timur,Kendaraan,18,Golongan VI - Penumpang,GOL VI A,2026-08-21,,,,,,IDR,SCHEDULE_DATA_NOT_FOUND,0,Gateway returned no schedule data for route
5430,171,Kupang,Naikliu,Nusa Tenggara Timur,Kendaraan,19,Golongan VI - Barang,GOL VI B,2026-08-21,,,,,,IDR,SCHEDULE_DATA_NOT_FOUND,0,Gateway returned no schedule data for route
5430,171,Kupang,Naikliu,Nusa Tenggara Timur,Kendaraan,20,Golongan VII,GOL VII,2026-08-21,,,,,,IDR,SCHEDULE_DATA_NOT_FOUND,0,Gateway returned no schedule data for route
5430,171,Kupang,Naikliu,Nusa Tenggara Timur,Kendaraan,21,Golongan VIII,GOL VIII,2026-08-21,,,,,,IDR,SCHEDULE_DATA_NOT_FOUND,0,Gateway returned no schedule data for route
5430,171,Kupang,Naikliu,Nusa Tenggara Timur,Kendaraan,22,Golongan IX,GOL IX,2026-08-21,,,,,,IDR,SCHEDULE_DATA_NOT_FOUND,0,Gateway returned no schedule data for route
5430,171,Kupang,Naikliu,Nusa Tenggara Timur,Pejalan Kaki,7,Dewasa Ekonomi,DEWASA,2026-08-21,,,,,,IDR,SCHEDULE_DATA_NOT_FOUND,0,Gateway returned no schedule data for route
5430,171,Kupang,Naikliu,Nusa Tenggara Timur,Pejalan Kaki,8,Anak - Anak Ekonomi,ANAK,2026-08-21,,,,,,IDR,SCHEDULE_DATA_NOT_FOUND,0,Gateway returned no schedule data for route
5431,173,Larantuka,Adonara,Nusa Tenggara Timur,Kendaraan,11,Golongan I,GOL I,2026-08-21,,,,,,IDR,SCHEDULE_DATA_NOT_FOUND,0,Gateway returned no schedule data for route
5431,173,Larantuka,Adonara,Nusa Tenggara Timur,Kendaraan,12,Golongan II ,GOL II,2026-08-21,,,,,,IDR,SCHEDULE_DATA_NOT_FOUND,0,Gateway returned no schedule data for route
5431,173,Larantuka,Adonara,Nusa Tenggara Timur,Kendaraan,13,Golongan III,GOL III,2026-08-21,,,,,,IDR,SCHEDULE_DATA_NOT_FOUND,0,Gateway returned no schedule data for route
5431,173,Larantuka,Adonara,Nusa Tenggara Timur,Kendaraan,14,Golongan IV - Penumpang,GOL IV A,2026-08-21,,,,,,IDR,SCHEDULE_DATA_NOT_FOUND,0,Gateway returned no schedule data for route
5431,173,Larantuka,Adonara,Nusa Tenggara Timur,Kendaraan,15,Golongan IV - Barang,GOL IV B,2026-08-21,,,,,,IDR,SCHEDULE_DATA_NOT_FOUND,0,Gateway returned no schedule data for route
5431,173,Larantuka,Adonara,Nusa Tenggara Timur,Kendaraan,16,Golongan V - Penumpang,GOL V A,2026-08-21,,,,,,IDR,SCHEDULE_DATA_NOT_FOUND,0,Gateway returned no schedule data for route
5431,173,Larantuka,Adonara,Nusa Tenggara Timur,Kendaraan,17,Golongan V - Barang,GOL V B,2026-08-21,,,,,,IDR,SCHEDULE_DATA_NOT_FOUND,0,Gateway returned no schedule data for route
5431,173,Larantuka,Adonara,Nusa Tenggara Timur,Kendaraan,18,Golongan VI - Penumpang,GOL VI A,2026-08-21,,,,,,IDR,SCHEDULE_DATA_NOT_FOUND,0,Gateway returned no schedule data for route
5431,173,Larantuka,Adonara,Nusa Tenggara Timur,Kendaraan,19,Golongan VI - Barang,GOL VI B,2026-08-21,,,,,,IDR,SCHEDULE_DATA_NOT_FOUND,0,Gateway returned no schedule data for route
5431,173,Larantuka,Adonara,Nusa Tenggara Timur,Kendaraan,20,Golongan VII,GOL VII,2026-08-21,,,,,,IDR,SCHEDULE_DATA_NOT_FOUND,0,Gateway returned no schedule data for route
5431,173,Larantuka,Adonara,Nusa Tenggara Timur,Kendaraan,21,Golongan VIII,GOL VIII,2026-08-21,,,,,,IDR,SCHEDULE_DATA_NOT_FOUND,0,Gateway returned no schedule data for route
5431,173,Larantuka,Adonara,Nusa Tenggara Timur,Kendaraan,22,Golongan IX,GOL IX,2026-08-21,,,,,,IDR,SCHEDULE_DATA_NOT_FOUND,0,Gateway returned no schedule data for route
5431,173,Larantuka,Adonara,Nusa Tenggara Timur,Pejalan Kaki,7,Dewasa Ekonomi,DEWASA,2026-08-21,,,,,,IDR,SCHEDULE_DATA_NOT_FOUND,0,Gateway returned no schedule data for route
5432,173,Larantuka,Solor,Nusa Tenggara Timur,Kendaraan,11,Golongan I,GOL I,2026-08-21,,,,,,IDR,SCHEDULE_DATA_NOT_FOUND,0,Gateway returned no schedule data for route
5432,173,Larantuka,Solor,Nusa Tenggara Timur,Kendaraan,12,Golongan II ,GOL II,2026-08-21,,,,,,IDR,SCHEDULE_DATA_NOT_FOUND,0,Gateway returned no schedule data for route
5432,173,Larantuka,Solor,Nusa Tenggara Timur,Kendaraan,13,Golongan III,GOL III,2026-08-21,,,,,,IDR,SCHEDULE_DATA_NOT_FOUND,0,Gateway returned no schedule data for route
5432,173,Larantuka,Solor,Nusa Tenggara Timur,Kendaraan,14,Golongan IV - Penumpang,GOL IV A,2026-08-21,,,,,,IDR,SCHEDULE_DATA_NOT_FOUND,0,Gateway returned no schedule data for route
5432,173,Larantuka,Solor,Nusa Tenggara Timur,Kendaraan,15,Golongan IV - Barang,GOL IV B,2026-08-21,,,,,,IDR,SCHEDULE_DATA_NOT_FOUND,0,Gateway returned no schedule data for route
5432,173,Larantuka,Solor,Nusa Tenggara Timur,Kendaraan,16,Golongan V - Penumpang,GOL V A,2026-08-21,,,,,,IDR,SCHEDULE_DATA_NOT_FOUND,0,Gateway returned no schedule data for route
5432,173,Larantuka,Solor,Nusa Tenggara Timur,Kendaraan,17,Golongan V - Barang,GOL V B,2026-08-21,,,,,,IDR,SCHEDULE_DATA_NOT_FOUND,0,Gateway returned no schedule data for route
5432,173,Larantuka,Solor,Nusa Tenggara Timur,Kendaraan,18,Golongan VI - Penumpang,GOL VI A,2026-08-21,,,,,,IDR,SCHEDULE_DATA_NOT_FOUND,0,Gateway returned no schedule data for route
5432,173,Larantuka,Solor,Nusa Tenggara Timur,Kendaraan,19,Golongan VI - Barang,GOL VI B,2026-08-21,,,,,,IDR,SCHEDULE_DATA_NOT_FOUND,0,Gateway returned no schedule data for route
5432,173,Larantuka,Solor,Nusa Tenggara Timur,Kendaraan,20,Golongan VII,GOL VII,2026-08-21,,,,,,IDR,SCHEDULE_DATA_NOT_FOUND,0,Gateway returned no schedule data for route
5432,173,Larantuka,Solor,Nusa Tenggara Timur,Kendaraan,21,Golongan VIII,GOL VIII,2026-08-21,,,,,,IDR,SCHEDULE_DATA_NOT_FOUND,0,Gateway returned no schedule data for route
5432,173,Larantuka,Solor,Nusa Tenggara Timur,Kendaraan,22,Golongan IX,GOL IX,2026-08-21,,,,,,IDR,SCHEDULE_DATA_NOT_FOUND,0,Gateway returned no schedule data for route
5432,173,Larantuka,Solor,Nusa Tenggara Timur,Pejalan Kaki,7,Dewasa Ekonomi,DEWASA,2026-08-21,,,,,,IDR,SCHEDULE_DATA_NOT_FOUND,0,Gateway returned no schedule data for route
5433,173,Larantuka,Baranusa,Nusa Tenggara Timur,Kendaraan,11,Golongan I,GOL I,2026-08-21,,,,,,IDR,SCHEDULE_DATA_NOT_FOUND,0,Gateway returned no schedule data for route
5433,173,Larantuka,Baranusa,Nusa Tenggara Timur,Kendaraan,12,Golongan II ,GOL II,2026-08-21,,,,,,IDR,SCHEDULE_DATA_NOT_FOUND,0,Gateway returned no schedule data for route
5433,173,Larantuka,Baranusa,Nusa Tenggara Timur,Kendaraan,13,Golongan III,GOL III,2026-08-21,,,,,,IDR,SCHEDULE_DATA_NOT_FOUND,0,Gateway returned no schedule data for route
5433,173,Larantuka,Baranusa,Nusa Tenggara Timur,Kendaraan,14,Golongan IV - Penumpang,GOL IV A,2026-08-21,,,,,,IDR,SCHEDULE_DATA_NOT_FOUND,0,Gateway returned no schedule data for route
5433,173,Larantuka,Baranusa,Nusa Tenggara Timur,Kendaraan,15,Golongan IV - Barang,GOL IV B,2026-08-21,,,,,,IDR,SCHEDULE_DATA_NOT_FOUND,0,Gateway returned no schedule data for route
5433,173,Larantuka,Baranusa,Nusa Tenggara Timur,Kendaraan,16,Golongan V - Penumpang,GOL V A,2026-08-21,,,,,,IDR,SCHEDULE_DATA_NOT_FOUND,0,Gateway returned no schedule data for route
5433,173,Larantuka,Baranusa,Nusa Tenggara Timur,Kendaraan,17,Golongan V - Barang,GOL V B,2026-08-21,,,,,,IDR,SCHEDULE_DATA_NOT_FOUND,0,Gateway returned no schedule data for route
5433,173,Larantuka,Baranusa,Nusa Tenggara Timur,Kendaraan,18,Golongan VI - Penumpang,GOL VI A,2026-08-21,,,,,,IDR,SCHEDULE_DATA_NOT_FOUND,0,Gateway returned no schedule data for route
5433,173,Larantuka,Baranusa,Nusa Tenggara Timur,Kendaraan,19,Golongan VI - Barang,GOL VI B,2026-08-21,,,,,,IDR,SCHEDULE_DATA_NOT_FOUND,0,Gateway returned no schedule data for route
5433,173,Larantuka,Baranusa,Nusa Tenggara Timur,Kendaraan,20,Golongan VII,GOL VII,2026-08-21,,,,,,IDR,SCHEDULE_DATA_NOT_FOUND,0,Gateway returned no schedule data for route
5433,173,Larantuka,Baranusa,Nusa Tenggara Timur,Kendaraan,21,Golongan VIII,GOL VIII,2026-08-21,,,,,,IDR,SCHEDULE_DATA_NOT_FOUND,0,Gateway returned no schedule data for route
5433,173,Larantuka,Baranusa,Nusa Tenggara Timur,Kendaraan,22,Golongan IX,GOL IX,2026-08-21,,,,,,IDR,SCHEDULE_DATA_NOT_FOUND,0,Gateway returned no schedule data for route
5433,173,Larantuka,Baranusa,Nusa Tenggara Timur,Pejalan Kaki,7,Dewasa Ekonomi,DEWASA,2026-08-21,,,,,,IDR,SCHEDULE_DATA_NOT_FOUND,0,Gateway returned no schedule data for route
5434,173,Larantuka,Lewoleba,Nusa Tenggara Timur,Kendaraan,11,Golongan I,GOL I,2026-08-21,,,,,,IDR,SCHEDULE_DATA_NOT_FOUND,0,Gateway returned no schedule data for route
5434,173,Larantuka,Lewoleba,Nusa Tenggara Timur,Kendaraan,12,Golongan II ,GOL II,2026-08-21,,,,,,IDR,SCHEDULE_DATA_NOT_FOUND,0,Gateway returned no schedule data for route
5434,173,Larantuka,Lewoleba,Nusa Tenggara Timur,Kendaraan,13,Golongan III,GOL III,2026-08-21,,,,,,IDR,SCHEDULE_DATA_NOT_FOUND,0,Gateway returned no schedule data for route
5434,173,Larantuka,Lewoleba,Nusa Tenggara Timur,Kendaraan,14,Golongan IV - Penumpang,GOL IV A,2026-08-21,,,,,,IDR,SCHEDULE_DATA_NOT_FOUND,0,Gateway returned no schedule data for route
5434,173,Larantuka,Lewoleba,Nusa Tenggara Timur,Kendaraan,15,Golongan IV - Barang,GOL IV B,2026-08-21,,,,,,IDR,SCHEDULE_DATA_NOT_FOUND,0,Gateway returned no schedule data for route
5434,173,Larantuka,Lewoleba,Nusa Tenggara Timur,Kendaraan,16,Golongan V - Penumpang,GOL V A,2026-08-21,,,,,,IDR,SCHEDULE_DATA_NOT_FOUND,0,Gateway returned no schedule data for route
5434,173,Larantuka,Lewoleba,Nusa Tenggara Timur,Kendaraan,17,Golongan V - Barang,GOL V B,2026-08-21,,,,,,IDR,SCHEDULE_DATA_NOT_FOUND,0,Gateway returned no schedule data for route
5434,173,Larantuka,Lewoleba,Nusa Tenggara Timur,Kendaraan,18,Golongan VI - Penumpang,GOL VI A,2026-08-21,,,,,,IDR,SCHEDULE_DATA_NOT_FOUND,0,Gateway returned no schedule data for route
5434,173,Larantuka,Lewoleba,Nusa Tenggara Timur,Kendaraan,19,Golongan VI - Barang,GOL VI B,2026-08-21,,,,,,IDR,SCHEDULE_DATA_NOT_FOUND,0,Gateway returned no schedule data for route
5434,173,Larantuka,Lewoleba,Nusa Tenggara Timur,Kendaraan,20,Golongan VII,GOL VII,2026-08-21,,,,,,IDR,SCHEDULE_DATA_NOT_FOUND,0,Gateway returned no schedule data for route
5434,173,Larantuka,Lewoleba,Nusa Tenggara Timur,Kendaraan,21,Golongan VIII,GOL VIII,2026-08-21,,,,,,IDR,SCHEDULE_DATA_NOT_FOUND,0,Gateway returned no schedule data for route
5434,173,Larantuka,Lewoleba,Nusa Tenggara Timur,Kendaraan,22,Golongan IX,GOL IX,2026-08-21,,,,,,IDR,SCHEDULE_DATA_NOT_FOUND,0,Gateway returned no schedule data for route
5434,173,Larantuka,Lewoleba,Nusa Tenggara Timur,Pejalan Kaki,7,Dewasa Ekonomi,DEWASA,2026-08-21,,,,,,IDR,SCHEDULE_DATA_NOT_FOUND,0,Gateway returned no schedule data for route
5434,173,Larantuka,Lewoleba,Nusa Tenggara Timur,Pejalan Kaki,8,Anak - Anak Ekonomi,ANAK,2026-08-21,,,,,,IDR,SCHEDULE_DATA_NOT_FOUND,0,Gateway returned no schedule data for route
5435,171,Kupang,Raijua,Nusa Tenggara Timur,Kendaraan,11,Golongan I,GOL I,2026-08-21,,,,,,IDR,SCHEDULE_DATA_NOT_FOUND,0,Gateway returned no schedule data for route
5435,171,Kupang,Raijua,Nusa Tenggara Timur,Kendaraan,12,Golongan II ,GOL II,2026-08-21,,,,,,IDR,SCHEDULE_DATA_NOT_FOUND,0,Gateway returned no schedule data for route
5435,171,Kupang,Raijua,Nusa Tenggara Timur,Kendaraan,13,Golongan III,GOL III,2026-08-21,,,,,,IDR,SCHEDULE_DATA_NOT_FOUND,0,Gateway returned no schedule data for route
5435,171,Kupang,Raijua,Nusa Tenggara Timur,Kendaraan,14,Golongan IV - Penumpang,GOL IV A,2026-08-21,,,,,,IDR,SCHEDULE_DATA_NOT_FOUND,0,Gateway returned no schedule data for route
5435,171,Kupang,Raijua,Nusa Tenggara Timur,Kendaraan,15,Golongan IV - Barang,GOL IV B,2026-08-21,,,,,,IDR,SCHEDULE_DATA_NOT_FOUND,0,Gateway returned no schedule data for route
5435,171,Kupang,Raijua,Nusa Tenggara Timur,Kendaraan,16,Golongan V - Penumpang,GOL V A,2026-08-21,,,,,,IDR,SCHEDULE_DATA_NOT_FOUND,0,Gateway returned no schedule data for route
5435,171,Kupang,Raijua,Nusa Tenggara Timur,Kendaraan,17,Golongan V - Barang,GOL V B,2026-08-21,,,,,,IDR,SCHEDULE_DATA_NOT_FOUND,0,Gateway returned no schedule data for route
5435,171,Kupang,Raijua,Nusa Tenggara Timur,Kendaraan,18,Golongan VI - Penumpang,GOL VI A,2026-08-21,,,,,,IDR,SCHEDULE_DATA_NOT_FOUND,0,Gateway returned no schedule data for route
5435,171,Kupang,Raijua,Nusa Tenggara Timur,Kendaraan,19,Golongan VI - Barang,GOL VI B,2026-08-21,,,,,,IDR,SCHEDULE_DATA_NOT_FOUND,0,Gateway returned no schedule data for route
5435,171,Kupang,Raijua,Nusa Tenggara Timur,Kendaraan,20,Golongan VII,GOL VII,2026-08-21,,,,,,IDR,SCHEDULE_DATA_NOT_FOUND,0,Gateway returned no schedule data for route
5435,171,Kupang,Raijua,Nusa Tenggara Timur,Kendaraan,21,Golongan VIII,GOL VIII,2026-08-21,,,,,,IDR,SCHEDULE_DATA_NOT_FOUND,0,Gateway returned no schedule data for route
5435,171,Kupang,Raijua,Nusa Tenggara Timur,Kendaraan,22,Golongan IX,GOL IX,2026-08-21,,,,,,IDR,SCHEDULE_DATA_NOT_FOUND,0,Gateway returned no schedule data for route
5435,171,Kupang,Raijua,Nusa Tenggara Timur,Pejalan Kaki,7,Dewasa Ekonomi,DEWASA,2026-08-21,,,,,,IDR,SCHEDULE_DATA_NOT_FOUND,0,Gateway returned no schedule data for route
5435,171,Kupang,Raijua,Nusa Tenggara Timur,Pejalan Kaki,8,Anak - Anak Ekonomi,ANAK,2026-08-21,,,,,,IDR,SCHEDULE_DATA_NOT_FOUND,0,Gateway returned no schedule data for route
5436,174,Kalabahi,Solor,Nusa Tenggara Timur,Kendaraan,11,Golongan I,GOL I,2026-08-21,,,,,,IDR,SCHEDULE_DATA_NOT_FOUND,0,Gateway returned no schedule data for route
5436,174,Kalabahi,Solor,Nusa Tenggara Timur,Kendaraan,12,Golongan II ,GOL II,2026-08-21,,,,,,IDR,SCHEDULE_DATA_NOT_FOUND,0,Gateway returned no schedule data for route
5436,174,Kalabahi,Solor,Nusa Tenggara Timur,Kendaraan,13,Golongan III,GOL III,2026-08-21,,,,,,IDR,SCHEDULE_DATA_NOT_FOUND,0,Gateway returned no schedule data for route
5436,174,Kalabahi,Solor,Nusa Tenggara Timur,Kendaraan,14,Golongan IV - Penumpang,GOL IV A,2026-08-21,,,,,,IDR,SCHEDULE_DATA_NOT_FOUND,0,Gateway returned no schedule data for route
5436,174,Kalabahi,Solor,Nusa Tenggara Timur,Kendaraan,15,Golongan IV - Barang,GOL IV B,2026-08-21,,,,,,IDR,SCHEDULE_DATA_NOT_FOUND,0,Gateway returned no schedule data for route
5436,174,Kalabahi,Solor,Nusa Tenggara Timur,Kendaraan,16,Golongan V - Penumpang,GOL V A,2026-08-21,,,,,,IDR,SCHEDULE_DATA_NOT_FOUND,0,Gateway returned no schedule data for route
5436,174,Kalabahi,Solor,Nusa Tenggara Timur,Kendaraan,17,Golongan V - Barang,GOL V B,2026-08-21,,,,,,IDR,SCHEDULE_DATA_NOT_FOUND,0,Gateway returned no schedule data for route
5436,174,Kalabahi,Solor,Nusa Tenggara Timur,Kendaraan,18,Golongan VI - Penumpang,GOL VI A,2026-08-21,,,,,,IDR,SCHEDULE_DATA_NOT_FOUND,0,Gateway returned no schedule data for route
5436,174,Kalabahi,Solor,Nusa Tenggara Timur,Kendaraan,19,Golongan VI - Barang,GOL VI B,2026-08-21,,,,,,IDR,SCHEDULE_DATA_NOT_FOUND,0,Gateway returned no schedule data for route
5436,174,Kalabahi,Solor,Nusa Tenggara Timur,Kendaraan,20,Golongan VII,GOL VII,2026-08-21,,,,,,IDR,SCHEDULE_DATA_NOT_FOUND,0,Gateway returned no schedule data for route
5436,174,Kalabahi,Solor,Nusa Tenggara Timur,Kendaraan,21,Golongan VIII,GOL VIII,2026-08-21,,,,,,IDR,SCHEDULE_DATA_NOT_FOUND,0,Gateway returned no schedule data for route
5436,174,Kalabahi,Solor,Nusa Tenggara Timur,Kendaraan,22,Golongan IX,GOL IX,2026-08-21,,,,,,IDR,SCHEDULE_DATA_NOT_FOUND,0,Gateway returned no schedule data for route
5436,174,Kalabahi,Solor,Nusa Tenggara Timur,Pejalan Kaki,7,Dewasa Ekonomi,DEWASA,2026-08-21,,,,,,IDR,SCHEDULE_DATA_NOT_FOUND,0,Gateway returned no schedule data for route
5436,174,Kalabahi,Solor,Nusa Tenggara Timur,Pejalan Kaki,8,Anak - Anak Ekonomi,ANAK,2026-08-21,,,,,,IDR,SCHEDULE_DATA_NOT_FOUND,0,Gateway returned no schedule data for route
5437,174,Kalabahi,Lewoleba,Nusa Tenggara Timur,Kendaraan,11,Golongan I,GOL I,2026-08-21,,,,,,IDR,SCHEDULE_DATA_NOT_FOUND,0,Gateway returned no schedule data for route
5437,174,Kalabahi,Lewoleba,Nusa Tenggara Timur,Kendaraan,12,Golongan II ,GOL II,2026-08-21,,,,,,IDR,SCHEDULE_DATA_NOT_FOUND,0,Gateway returned no schedule data for route
5437,174,Kalabahi,Lewoleba,Nusa Tenggara Timur,Kendaraan,13,Golongan III,GOL III,2026-08-21,,,,,,IDR,SCHEDULE_DATA_NOT_FOUND,0,Gateway returned no schedule data for route
5437,174,Kalabahi,Lewoleba,Nusa Tenggara Timur,Kendaraan,14,Golongan IV - Penumpang,GOL IV A,2026-08-21,,,,,,IDR,SCHEDULE_DATA_NOT_FOUND,0,Gateway returned no schedule data for route
5437,174,Kalabahi,Lewoleba,Nusa Tenggara Timur,Kendaraan,15,Golongan IV - Barang,GOL IV B,2026-08-21,,,,,,IDR,SCHEDULE_DATA_NOT_FOUND,0,Gateway returned no schedule data for route
5437,174,Kalabahi,Lewoleba,Nusa Tenggara Timur,Kendaraan,16,Golongan V - Penumpang,GOL V A,2026-08-21,,,,,,IDR,SCHEDULE_DATA_NOT_FOUND,0,Gateway returned no schedule data for route
5437,174,Kalabahi,Lewoleba,Nusa Tenggara Timur,Kendaraan,17,Golongan V - Barang,GOL V B,2026-08-21,,,,,,IDR,SCHEDULE_DATA_NOT_FOUND,0,Gateway returned no schedule data for route
5437,174,Kalabahi,Lewoleba,Nusa Tenggara Timur,Kendaraan,18,Golongan VI - Penumpang,GOL VI A,2026-08-21,,,,,,IDR,SCHEDULE_DATA_NOT_FOUND,0,Gateway returned no schedule data for route
5437,174,Kalabahi,Lewoleba,Nusa Tenggara Timur,Kendaraan,19,Golongan VI - Barang,GOL VI B,2026-08-21,,,,,,IDR,SCHEDULE_DATA_NOT_FOUND,0,Gateway returned no schedule data for route
5437,174,Kalabahi,Lewoleba,Nusa Tenggara Timur,Kendaraan,20,Golongan VII,GOL VII,2026-08-21,,,,,,IDR,SCHEDULE_DATA_NOT_FOUND,0,Gateway returned no schedule data for route
5437,174,Kalabahi,Lewoleba,Nusa Tenggara Timur,Kendaraan,21,Golongan VIII,GOL VIII,2026-08-21,,,,,,IDR,SCHEDULE_DATA_NOT_FOUND,0,Gateway returned no schedule data for route
5437,174,Kalabahi,Lewoleba,Nusa Tenggara Timur,Kendaraan,22,Golongan IX,GOL IX,2026-08-21,,,,,,IDR,SCHEDULE_DATA_NOT_FOUND,0,Gateway returned no schedule data for route
5437,174,Kalabahi,Lewoleba,Nusa Tenggara Timur,Pejalan Kaki,7,Dewasa Ekonomi,DEWASA,2026-08-21,,,,,,IDR,SCHEDULE_DATA_NOT_FOUND,0,Gateway returned no schedule data for route
5437,174,Kalabahi,Lewoleba,Nusa Tenggara Timur,Pejalan Kaki,8,Anak - Anak Ekonomi,ANAK,2026-08-21,,,,,,IDR,SCHEDULE_DATA_NOT_FOUND,0,Gateway returned no schedule data for route
5438,174,Kalabahi,Baranusa,Nusa Tenggara Timur,Kendaraan,11,Golongan I,GOL I,2026-08-21,,,,,,IDR,SCHEDULE_DATA_NOT_FOUND,0,Gateway returned no schedule data for route
5438,174,Kalabahi,Baranusa,Nusa Tenggara Timur,Kendaraan,12,Golongan II ,GOL II,2026-08-21,,,,,,IDR,SCHEDULE_DATA_NOT_FOUND,0,Gateway returned no schedule data for route
5438,174,Kalabahi,Baranusa,Nusa Tenggara Timur,Kendaraan,13,Golongan III,GOL III,2026-08-21,,,,,,IDR,SCHEDULE_DATA_NOT_FOUND,0,Gateway returned no schedule data for route
5438,174,Kalabahi,Baranusa,Nusa Tenggara Timur,Kendaraan,14,Golongan IV - Penumpang,GOL IV A,2026-08-21,,,,,,IDR,SCHEDULE_DATA_NOT_FOUND,0,Gateway returned no schedule data for route
5438,174,Kalabahi,Baranusa,Nusa Tenggara Timur,Kendaraan,15,Golongan IV - Barang,GOL IV B,2026-08-21,,,,,,IDR,SCHEDULE_DATA_NOT_FOUND,0,Gateway returned no schedule data for route
5438,174,Kalabahi,Baranusa,Nusa Tenggara Timur,Kendaraan,16,Golongan V - Penumpang,GOL V A,2026-08-21,,,,,,IDR,SCHEDULE_DATA_NOT_FOUND,0,Gateway returned no schedule data for route
5438,174,Kalabahi,Baranusa,Nusa Tenggara Timur,Kendaraan,17,Golongan V - Barang,GOL V B,2026-08-21,,,,,,IDR,SCHEDULE_DATA_NOT_FOUND,0,Gateway returned no schedule data for route
5438,174,Kalabahi,Baranusa,Nusa Tenggara Timur,Kendaraan,18,Golongan VI - Penumpang,GOL VI A,2026-08-21,,,,,,IDR,SCHEDULE_DATA_NOT_FOUND,0,Gateway returned no schedule data for route
5438,174,Kalabahi,Baranusa,Nusa Tenggara Timur,Kendaraan,19,Golongan VI - Barang,GOL VI B,2026-08-21,,,,,,IDR,SCHEDULE_DATA_NOT_FOUND,0,Gateway returned no schedule data for route
5438,174,Kalabahi,Baranusa,Nusa Tenggara Timur,Kendaraan,20,Golongan VII,GOL VII,2026-08-21,,,,,,IDR,SCHEDULE_DATA_NOT_FOUND,0,Gateway returned no schedule data for route
5438,174,Kalabahi,Baranusa,Nusa Tenggara Timur,Kendaraan,21,Golongan VIII,GOL VIII,2026-08-21,,,,,,IDR,SCHEDULE_DATA_NOT_FOUND,0,Gateway returned no schedule data for route
5438,174,Kalabahi,Baranusa,Nusa Tenggara Timur,Kendaraan,22,Golongan IX,GOL IX,2026-08-21,,,,,,IDR,SCHEDULE_DATA_NOT_FOUND,0,Gateway returned no schedule data for route
5438,174,Kalabahi,Baranusa,Nusa Tenggara Timur,Pejalan Kaki,7,Dewasa Ekonomi,DEWASA,2026-08-21,,,,,,IDR,SCHEDULE_DATA_NOT_FOUND,0,Gateway returned no schedule data for route
5438,174,Kalabahi,Baranusa,Nusa Tenggara Timur,Pejalan Kaki,8,Anak - Anak Ekonomi,ANAK,2026-08-21,,,,,,IDR,SCHEDULE_DATA_NOT_FOUND,0,Gateway returned no schedule data for route
5439,175,Aimere,Waingapu,Nusa Tenggara Timur,Kendaraan,11,Golongan I,GOL I,2026-08-21,,,,,,IDR,SCHEDULE_DATA_NOT_FOUND,0,Gateway returned no schedule data for route
5439,175,Aimere,Waingapu,Nusa Tenggara Timur,Kendaraan,12,Golongan II ,GOL II,2026-08-21,,,,,,IDR,SCHEDULE_DATA_NOT_FOUND,0,Gateway returned no schedule data for route
5439,175,Aimere,Waingapu,Nusa Tenggara Timur,Kendaraan,13,Golongan III,GOL III,2026-08-21,,,,,,IDR,SCHEDULE_DATA_NOT_FOUND,0,Gateway returned no schedule data for route
5439,175,Aimere,Waingapu,Nusa Tenggara Timur,Kendaraan,14,Golongan IV - Penumpang,GOL IV A,2026-08-21,,,,,,IDR,SCHEDULE_DATA_NOT_FOUND,0,Gateway returned no schedule data for route
5439,175,Aimere,Waingapu,Nusa Tenggara Timur,Kendaraan,15,Golongan IV - Barang,GOL IV B,2026-08-21,,,,,,IDR,SCHEDULE_DATA_NOT_FOUND,0,Gateway returned no schedule data for route
5439,175,Aimere,Waingapu,Nusa Tenggara Timur,Kendaraan,16,Golongan V - Penumpang,GOL V A,2026-08-21,,,,,,IDR,SCHEDULE_DATA_NOT_FOUND,0,Gateway returned no schedule data for route
5439,175,Aimere,Waingapu,Nusa Tenggara Timur,Kendaraan,17,Golongan V - Barang,GOL V B,2026-08-21,,,,,,IDR,SCHEDULE_DATA_NOT_FOUND,0,Gateway returned no schedule data for route
5439,175,Aimere,Waingapu,Nusa Tenggara Timur,Kendaraan,18,Golongan VI - Penumpang,GOL VI A,2026-08-21,,,,,,IDR,SCHEDULE_DATA_NOT_FOUND,0,Gateway returned no schedule data for route
5439,175,Aimere,Waingapu,Nusa Tenggara Timur,Kendaraan,19,Golongan VI - Barang,GOL VI B,2026-08-21,,,,,,IDR,SCHEDULE_DATA_NOT_FOUND,0,Gateway returned no schedule data for route
5439,175,Aimere,Waingapu,Nusa Tenggara Timur,Kendaraan,20,Golongan VII,GOL VII,2026-08-21,,,,,,IDR,SCHEDULE_DATA_NOT_FOUND,0,Gateway returned no schedule data for route
5439,175,Aimere,Waingapu,Nusa Tenggara Timur,Kendaraan,21,Golongan VIII,GOL VIII,2026-08-21,,,,,,IDR,SCHEDULE_DATA_NOT_FOUND,0,Gateway returned no schedule data for route
5439,175,Aimere,Waingapu,Nusa Tenggara Timur,Kendaraan,22,Golongan IX,GOL IX,2026-08-21,,,,,,IDR,SCHEDULE_DATA_NOT_FOUND,0,Gateway returned no schedule data for route
5439,175,Aimere,Waingapu,Nusa Tenggara Timur,Pejalan Kaki,5,Dewasa Bisnis I,DEWASA,2026-08-21,,,,,,IDR,SCHEDULE_DATA_NOT_FOUND,0,Gateway returned no schedule data for route
5439,175,Aimere,Waingapu,Nusa Tenggara Timur,Pejalan Kaki,6,Anak - Anak Bisnis I,ANAK,2026-08-21,,,,,,IDR,SCHEDULE_DATA_NOT_FOUND,0,Gateway returned no schedule data for route
5439,175,Aimere,Waingapu,Nusa Tenggara Timur,Pejalan Kaki,7,Dewasa Ekonomi,DEWASA,2026-08-21,,,,,,IDR,SCHEDULE_DATA_NOT_FOUND,0,Gateway returned no schedule data for route
5439,175,Aimere,Waingapu,Nusa Tenggara Timur,Pejalan Kaki,8,Anak - Anak Ekonomi,ANAK,2026-08-21,,,,,,IDR,SCHEDULE_DATA_NOT_FOUND,0,Gateway returned no schedule data for route
5442,177,Waingapu,Aimere,Nusa Tenggara Timur,Kendaraan,11,Golongan I,GOL I,2026-08-21,,,,,,IDR,SCHEDULE_DATA_NOT_FOUND,0,Gateway returned no schedule data for route
5442,177,Waingapu,Aimere,Nusa Tenggara Timur,Kendaraan,12,Golongan II ,GOL II,2026-08-21,,,,,,IDR,SCHEDULE_DATA_NOT_FOUND,0,Gateway returned no schedule data for route
5442,177,Waingapu,Aimere,Nusa Tenggara Timur,Kendaraan,13,Golongan III,GOL III,2026-08-21,,,,,,IDR,SCHEDULE_DATA_NOT_FOUND,0,Gateway returned no schedule data for route
5442,177,Waingapu,Aimere,Nusa Tenggara Timur,Kendaraan,14,Golongan IV - Penumpang,GOL IV A,2026-08-21,,,,,,IDR,SCHEDULE_DATA_NOT_FOUND,0,Gateway returned no schedule data for route
5442,177,Waingapu,Aimere,Nusa Tenggara Timur,Kendaraan,15,Golongan IV - Barang,GOL IV B,2026-08-21,,,,,,IDR,SCHEDULE_DATA_NOT_FOUND,0,Gateway returned no schedule data for route
5442,177,Waingapu,Aimere,Nusa Tenggara Timur,Kendaraan,16,Golongan V - Penumpang,GOL V A,2026-08-21,,,,,,IDR,SCHEDULE_DATA_NOT_FOUND,0,Gateway returned no schedule data for route
5442,177,Waingapu,Aimere,Nusa Tenggara Timur,Kendaraan,17,Golongan V - Barang,GOL V B,2026-08-21,,,,,,IDR,SCHEDULE_DATA_NOT_FOUND,0,Gateway returned no schedule data for route
5442,177,Waingapu,Aimere,Nusa Tenggara Timur,Kendaraan,18,Golongan VI - Penumpang,GOL VI A,2026-08-21,,,,,,IDR,SCHEDULE_DATA_NOT_FOUND,0,Gateway returned no schedule data for route
5442,177,Waingapu,Aimere,Nusa Tenggara Timur,Kendaraan,19,Golongan VI - Barang,GOL VI B,2026-08-21,,,,,,IDR,SCHEDULE_DATA_NOT_FOUND,0,Gateway returned no schedule data for route
5442,177,Waingapu,Aimere,Nusa Tenggara Timur,Kendaraan,20,Golongan VII,GOL VII,2026-08-21,,,,,,IDR,SCHEDULE_DATA_NOT_FOUND,0,Gateway returned no schedule data for route
5442,177,Waingapu,Aimere,Nusa Tenggara Timur,Kendaraan,21,Golongan VIII,GOL VIII,2026-08-21,,,,,,IDR,SCHEDULE_DATA_NOT_FOUND,0,Gateway returned no schedule data for route
5442,177,Waingapu,Aimere,Nusa Tenggara Timur,Kendaraan,22,Golongan IX,GOL IX,2026-08-21,,,,,,IDR,SCHEDULE_DATA_NOT_FOUND,0,Gateway returned no schedule data for route
5442,177,Waingapu,Aimere,Nusa Tenggara Timur,Pejalan Kaki,5,Dewasa Bisnis I,DEWASA,2026-08-21,,,,,,IDR,SCHEDULE_DATA_NOT_FOUND,0,Gateway returned no schedule data for route
5442,177,Waingapu,Aimere,Nusa Tenggara Timur,Pejalan Kaki,6,Anak - Anak Bisnis I,ANAK,2026-08-21,,,,,,IDR,SCHEDULE_DATA_NOT_FOUND,0,Gateway returned no schedule data for route
5442,177,Waingapu,Aimere,Nusa Tenggara Timur,Pejalan Kaki,7,Dewasa Ekonomi,DEWASA,2026-08-21,,,,,,IDR,SCHEDULE_DATA_NOT_FOUND,0,Gateway returned no schedule data for route
5442,177,Waingapu,Aimere,Nusa Tenggara Timur,Pejalan Kaki,8,Anak - Anak Ekonomi,ANAK,2026-08-21,,,,,,IDR,SCHEDULE_DATA_NOT_FOUND,0,Gateway returned no schedule data for route
5443,177,Waingapu,Ende,Nusa Tenggara Timur,Kendaraan,11,Golongan I,GOL I,2026-08-21,,,,,,IDR,SCHEDULE_DATA_NOT_FOUND,0,Gateway returned no schedule data for route
5443,177,Waingapu,Ende,Nusa Tenggara Timur,Kendaraan,12,Golongan II ,GOL II,2026-08-21,,,,,,IDR,SCHEDULE_DATA_NOT_FOUND,0,Gateway returned no schedule data for route
5443,177,Waingapu,Ende,Nusa Tenggara Timur,Kendaraan,13,Golongan III,GOL III,2026-08-21,,,,,,IDR,SCHEDULE_DATA_NOT_FOUND,0,Gateway returned no schedule data for route
5443,177,Waingapu,Ende,Nusa Tenggara Timur,Kendaraan,14,Golongan IV - Penumpang,GOL IV A,2026-08-21,,,,,,IDR,SCHEDULE_DATA_NOT_FOUND,0,Gateway returned no schedule data for route
5443,177,Waingapu,Ende,Nusa Tenggara Timur,Kendaraan,15,Golongan IV - Barang,GOL IV B,2026-08-21,,,,,,IDR,SCHEDULE_DATA_NOT_FOUND,0,Gateway returned no schedule data for route
5443,177,Waingapu,Ende,Nusa Tenggara Timur,Kendaraan,16,Golongan V - Penumpang,GOL V A,2026-08-21,,,,,,IDR,SCHEDULE_DATA_NOT_FOUND,0,Gateway returned no schedule data for route
5443,177,Waingapu,Ende,Nusa Tenggara Timur,Kendaraan,17,Golongan V - Barang,GOL V B,2026-08-21,,,,,,IDR,SCHEDULE_DATA_NOT_FOUND,0,Gateway returned no schedule data for route
5443,177,Waingapu,Ende,Nusa Tenggara Timur,Kendaraan,18,Golongan VI - Penumpang,GOL VI A,2026-08-21,,,,,,IDR,SCHEDULE_DATA_NOT_FOUND,0,Gateway returned no schedule data for route
5443,177,Waingapu,Ende,Nusa Tenggara Timur,Kendaraan,19,Golongan VI - Barang,GOL VI B,2026-08-21,,,,,,IDR,SCHEDULE_DATA_NOT_FOUND,0,Gateway returned no schedule data for route
5443,177,Waingapu,Ende,Nusa Tenggara Timur,Kendaraan,20,Golongan VII,GOL VII,2026-08-21,,,,,,IDR,SCHEDULE_DATA_NOT_FOUND,0,Gateway returned no schedule data for route
5443,177,Waingapu,Ende,Nusa Tenggara Timur,Kendaraan,21,Golongan VIII,GOL VIII,2026-08-21,,,,,,IDR,SCHEDULE_DATA_NOT_FOUND,0,Gateway returned no schedule data for route
5443,177,Waingapu,Ende,Nusa Tenggara Timur,Kendaraan,22,Golongan IX,GOL IX,2026-08-21,,,,,,IDR,SCHEDULE_DATA_NOT_FOUND,0,Gateway returned no schedule data for route
5443,177,Waingapu,Ende,Nusa Tenggara Timur,Pejalan Kaki,7,Dewasa Ekonomi,DEWASA,2026-08-21,,,,,,IDR,SCHEDULE_DATA_NOT_FOUND,0,Gateway returned no schedule data for route
5471,174,Kalabahi,Bakalang,Nusa Tenggara Timur,Kendaraan,11,Golongan I,GOL I,2026-08-21,,,,,,IDR,SCHEDULE_DATA_NOT_FOUND,0,Gateway returned no schedule data for route
5471,174,Kalabahi,Bakalang,Nusa Tenggara Timur,Kendaraan,12,Golongan II ,GOL II,2026-08-21,,,,,,IDR,SCHEDULE_DATA_NOT_FOUND,0,Gateway returned no schedule data for route
5471,174,Kalabahi,Bakalang,Nusa Tenggara Timur,Kendaraan,13,Golongan III,GOL III,2026-08-21,,,,,,IDR,SCHEDULE_DATA_NOT_FOUND,0,Gateway returned no schedule data for route
5471,174,Kalabahi,Bakalang,Nusa Tenggara Timur,Kendaraan,14,Golongan IV - Penumpang,GOL IV A,2026-08-21,,,,,,IDR,SCHEDULE_DATA_NOT_FOUND,0,Gateway returned no schedule data for route
5471,174,Kalabahi,Bakalang,Nusa Tenggara Timur,Kendaraan,15,Golongan IV - Barang,GOL IV B,2026-08-21,,,,,,IDR,SCHEDULE_DATA_NOT_FOUND,0,Gateway returned no schedule data for route
5471,174,Kalabahi,Bakalang,Nusa Tenggara Timur,Kendaraan,16,Golongan V - Penumpang,GOL V A,2026-08-21,,,,,,IDR,SCHEDULE_DATA_NOT_FOUND,0,Gateway returned no schedule data for route
5471,174,Kalabahi,Bakalang,Nusa Tenggara Timur,Kendaraan,17,Golongan V - Barang,GOL V B,2026-08-21,,,,,,IDR,SCHEDULE_DATA_NOT_FOUND,0,Gateway returned no schedule data for route
5471,174,Kalabahi,Bakalang,Nusa Tenggara Timur,Kendaraan,18,Golongan VI - Penumpang,GOL VI A,2026-08-21,,,,,,IDR,SCHEDULE_DATA_NOT_FOUND,0,Gateway returned no schedule data for route
5471,174,Kalabahi,Bakalang,Nusa Tenggara Timur,Kendaraan,19,Golongan VI - Barang,GOL VI B,2026-08-21,,,,,,IDR,SCHEDULE_DATA_NOT_FOUND,0,Gateway returned no schedule data for route
5471,174,Kalabahi,Bakalang,Nusa Tenggara Timur,Kendaraan,20,Golongan VII,GOL VII,2026-08-21,,,,,,IDR,SCHEDULE_DATA_NOT_FOUND,0,Gateway returned no schedule data for route
5471,174,Kalabahi,Bakalang,Nusa Tenggara Timur,Kendaraan,21,Golongan VIII,GOL VIII,2026-08-21,,,,,,IDR,SCHEDULE_DATA_NOT_FOUND,0,Gateway returned no schedule data for route
5471,174,Kalabahi,Bakalang,Nusa Tenggara Timur,Kendaraan,22,Golongan IX,GOL IX,2026-08-21,,,,,,IDR,SCHEDULE_DATA_NOT_FOUND,0,Gateway returned no schedule data for route
5471,174,Kalabahi,Bakalang,Nusa Tenggara Timur,Pejalan Kaki,7,Dewasa Ekonomi,DEWASA,2026-08-21,,,,,,IDR,SCHEDULE_DATA_NOT_FOUND,0,Gateway returned no schedule data for route
5471,174,Kalabahi,Bakalang,Nusa Tenggara Timur,Pejalan Kaki,8,Anak - Anak Ekonomi,ANAK,2026-08-21,,,,,,IDR,SCHEDULE_DATA_NOT_FOUND,0,Gateway returned no schedule data for route
5476,173,Larantuka,Waiwerang,Nusa Tenggara Timur,Kendaraan,11,Golongan I,GOL I,2026-08-21,,,,,,IDR,SCHEDULE_DATA_NOT_FOUND,0,Gateway returned no schedule data for route
5476,173,Larantuka,Waiwerang,Nusa Tenggara Timur,Kendaraan,12,Golongan II ,GOL II,2026-08-21,,,,,,IDR,SCHEDULE_DATA_NOT_FOUND,0,Gateway returned no schedule data for route
5476,173,Larantuka,Waiwerang,Nusa Tenggara Timur,Kendaraan,13,Golongan III,GOL III,2026-08-21,,,,,,IDR,SCHEDULE_DATA_NOT_FOUND,0,Gateway returned no schedule data for route
5476,173,Larantuka,Waiwerang,Nusa Tenggara Timur,Kendaraan,14,Golongan IV - Penumpang,GOL IV A,2026-08-21,,,,,,IDR,SCHEDULE_DATA_NOT_FOUND,0,Gateway returned no schedule data for route
5476,173,Larantuka,Waiwerang,Nusa Tenggara Timur,Kendaraan,15,Golongan IV - Barang,GOL IV B,2026-08-21,,,,,,IDR,SCHEDULE_DATA_NOT_FOUND,0,Gateway returned no schedule data for route
5476,173,Larantuka,Waiwerang,Nusa Tenggara Timur,Kendaraan,16,Golongan V - Penumpang,GOL V A,2026-08-21,,,,,,IDR,SCHEDULE_DATA_NOT_FOUND,0,Gateway returned no schedule data for route
5476,173,Larantuka,Waiwerang,Nusa Tenggara Timur,Kendaraan,17,Golongan V - Barang,GOL V B,2026-08-21,,,,,,IDR,SCHEDULE_DATA_NOT_FOUND,0,Gateway returned no schedule data for route
5476,173,Larantuka,Waiwerang,Nusa Tenggara Timur,Kendaraan,18,Golongan VI - Penumpang,GOL VI A,2026-08-21,,,,,,IDR,SCHEDULE_DATA_NOT_FOUND,0,Gateway returned no schedule data for route
5476,173,Larantuka,Waiwerang,Nusa Tenggara Timur,Kendaraan,19,Golongan VI - Barang,GOL VI B,2026-08-21,,,,,,IDR,SCHEDULE_DATA_NOT_FOUND,0,Gateway returned no schedule data for route
5476,173,Larantuka,Waiwerang,Nusa Tenggara Timur,Kendaraan,20,Golongan VII,GOL VII,2026-08-21,,,,,,IDR,SCHEDULE_DATA_NOT_FOUND,0,Gateway returned no schedule data for route
5476,173,Larantuka,Waiwerang,Nusa Tenggara Timur,Kendaraan,21,Golongan VIII,GOL VIII,2026-08-21,,,,,,IDR,SCHEDULE_DATA_NOT_FOUND,0,Gateway returned no schedule data for route
5476,173,Larantuka,Waiwerang,Nusa Tenggara Timur,Kendaraan,22,Golongan IX,GOL IX,2026-08-21,,,,,,IDR,SCHEDULE_DATA_NOT_FOUND,0,Gateway returned no schedule data for route
5484,94,Hunimua,Waipirit,Maluku,Kendaraan,11,Golongan I,GOL I,2026-08-21,05:00,2627160930380753293,0,26990.0,26990.0,IDR,OK,200,Ship schedule found.
5484,94,Hunimua,Waipirit,Maluku,Kendaraan,12,Golongan II ,GOL II,2026-08-21,05:00,2627160930380753293,150,63000.0,63000.0,IDR,OK,200,Ship schedule found.
5484,94,Hunimua,Waipirit,Maluku,Kendaraan,13,Golongan III,GOL III,2026-08-21,05:00,2627160930380753293,3,81510.0,81510.0,IDR,OK,200,Ship schedule found.
5484,94,Hunimua,Waipirit,Maluku,Kendaraan,14,Golongan IV - Penumpang,GOL IV A,2026-08-21,05:00,2627160930380753293,15,303445.0,303445.0,IDR,OK,200,Ship schedule found.
5484,94,Hunimua,Waipirit,Maluku,Kendaraan,15,Golongan IV - Barang,GOL IV B,2026-08-21,05:00,2627160930380753293,10,299959.0,299959.0,IDR,OK,200,Ship schedule found.
5484,94,Hunimua,Waipirit,Maluku,Kendaraan,16,Golongan V - Penumpang,GOL V A,2026-08-21,05:00,2627160930380753293,6,414475.0,414475.0,IDR,OK,200,Ship schedule found.
5484,94,Hunimua,Waipirit,Maluku,Kendaraan,17,Golongan V - Barang,GOL V B,2026-08-21,05:00,2627160930380753293,12,436231.0,436231.0,IDR,OK,200,Ship schedule found.
5484,94,Hunimua,Waipirit,Maluku,Kendaraan,18,Golongan VI - Penumpang,GOL VI A,2026-08-21,05:00,2627160930380753293,6,592150.0,592150.0,IDR,OK,200,Ship schedule found.
5484,94,Hunimua,Waipirit,Maluku,Kendaraan,19,Golongan VI - Barang,GOL VI B,2026-08-21,05:00,2627160930380753293,6,577962.0,577962.0,IDR,OK,200,Ship schedule found.
5484,94,Hunimua,Waipirit,Maluku,Kendaraan,20,Golongan VII,GOL VII,2026-08-21,05:00,2627160930380753293,3,904597.0,904597.0,IDR,OK,200,Ship schedule found.
5484,94,Hunimua,Waipirit,Maluku,Kendaraan,21,Golongan VIII,GOL VIII,2026-08-21,05:00,2627160930380753293,3,1191060.0,1191060.0,IDR,OK,200,Ship schedule found.
5484,94,Hunimua,Waipirit,Maluku,Kendaraan,22,Golongan IX,GOL IX,2026-08-21,05:00,2627160930380753293,3,1824130.0,1824130.0,IDR,OK,200,Ship schedule found.
5484,94,Hunimua,Waipirit,Maluku,Pejalan Kaki,3,Dewasa Eksekutif,DEWASA,2026-08-21,05:00,2627160930380753293,0,58600.0,58600.0,IDR,OK,200,Ship schedule found.
5484,94,Hunimua,Waipirit,Maluku,Pejalan Kaki,5,Dewasa Bisnis I,DEWASA,2026-08-21,05:00,2627160930380753293,0,39600.0,39600.0,IDR,OK,200,Ship schedule found.
5484,94,Hunimua,Waipirit,Maluku,Pejalan Kaki,504,Bayi Bisnis,BAYI,2026-08-21,05:00,2627160930380753293,0,6600.0,6600.0,IDR,OK,200,Ship schedule found.
5484,94,Hunimua,Waipirit,Maluku,Pejalan Kaki,505,Bayi Eksekutif,BAYI,2026-08-21,05:00,2627160930380753293,0,9600.0,9600.0,IDR,OK,200,Ship schedule found.
5484,94,Hunimua,Waipirit,Maluku,Pejalan Kaki,7,Dewasa Ekonomi,DEWASA,2026-08-21,05:00,2627160930380753293,250,27500.0,27500.0,IDR,OK,200,Ship schedule found.
5484,94,Hunimua,Waipirit,Maluku,Pejalan Kaki,9,Bayi Ekonomi,BAYI,2026-08-21,05:00,2627160930380753293,6,2700.0,2700.0,IDR,OK,200,Ship schedule found.
5485,95,Waipirit,Hunimua,Maluku,Kendaraan,11,Golongan I,GOL I,2026-08-21,05:00,2627160930380747733,0,26990.0,26990.0,IDR,OK,200,Ship schedule found.
5485,95,Waipirit,Hunimua,Maluku,Kendaraan,12,Golongan II ,GOL II,2026-08-21,05:00,2627160930380747733,150,63000.0,63000.0,IDR,OK,200,Ship schedule found.
5485,95,Waipirit,Hunimua,Maluku,Kendaraan,13,Golongan III,GOL III,2026-08-21,05:00,2627160930380747733,0,81510.0,81510.0,IDR,OK,200,Ship schedule found.
5485,95,Waipirit,Hunimua,Maluku,Kendaraan,14,Golongan IV - Penumpang,GOL IV A,2026-08-21,05:00,2627160930380747733,15,303445.0,303445.0,IDR,OK,200,Ship schedule found.
5485,95,Waipirit,Hunimua,Maluku,Kendaraan,15,Golongan IV - Barang,GOL IV B,2026-08-21,05:00,2627160930380747733,15,299959.0,299959.0,IDR,OK,200,Ship schedule found.
5485,95,Waipirit,Hunimua,Maluku,Kendaraan,16,Golongan V - Penumpang,GOL V A,2026-08-21,05:00,2627160930380747733,5,414475.0,414475.0,IDR,OK,200,Ship schedule found.
5485,95,Waipirit,Hunimua,Maluku,Kendaraan,17,Golongan V - Barang,GOL V B,2026-08-21,05:00,2627160930380747733,12,436231.0,436231.0,IDR,OK,200,Ship schedule found.
5485,95,Waipirit,Hunimua,Maluku,Kendaraan,18,Golongan VI - Penumpang,GOL VI A,2026-08-21,05:00,2627160930380747733,5,592150.0,592150.0,IDR,OK,200,Ship schedule found.
5485,95,Waipirit,Hunimua,Maluku,Kendaraan,19,Golongan VI - Barang,GOL VI B,2026-08-21,05:00,2627160930380747733,5,577962.0,577962.0,IDR,OK,200,Ship schedule found.
5485,95,Waipirit,Hunimua,Maluku,Kendaraan,20,Golongan VII,GOL VII,2026-08-21,05:00,2627160930380747733,3,904597.0,904597.0,IDR,OK,200,Ship schedule found.
5485,95,Waipirit,Hunimua,Maluku,Kendaraan,21,Golongan VIII,GOL VIII,2026-08-21,05:00,2627160930380747733,3,1191060.0,1191060.0,IDR,OK,200,Ship schedule found.
5485,95,Waipirit,Hunimua,Maluku,Kendaraan,22,Golongan IX,GOL IX,2026-08-21,05:00,2627160930380747733,3,1824130.0,1824130.0,IDR,OK,200,Ship schedule found.
5485,95,Waipirit,Hunimua,Maluku,Pejalan Kaki,1,Dewasa,DEWASA,2026-08-21,05:00,2627160930380747733,,,,IDR,HTTP_400,400,"{""status"": ""false"", ""message"": ""Ship schedule not found."", ""data"": null}"
5485,95,Waipirit,Hunimua,Maluku,Pejalan Kaki,3,Dewasa Eksekutif,DEWASA,2026-08-21,05:00,2627160930380747733,0,58600.0,58600.0,IDR,OK,200,Ship schedule found.
5485,95,Waipirit,Hunimua,Maluku,Pejalan Kaki,5,Dewasa Bisnis I,DEWASA,2026-08-21,05:00,2627160930380747733,0,39600.0,39600.0,IDR,OK,200,Ship schedule found.
5485,95,Waipirit,Hunimua,Maluku,Pejalan Kaki,504,Bayi Bisnis,BAYI,2026-08-21,05:00,2627160930380747733,0,6600.0,6600.0,IDR,OK,200,Ship schedule found.
5485,95,Waipirit,Hunimua,Maluku,Pejalan Kaki,505,Bayi Eksekutif,BAYI,2026-08-21,05:00,2627160930380747733,0,9600.0,9600.0,IDR,OK,200,Ship schedule found.
5485,95,Waipirit,Hunimua,Maluku,Pejalan Kaki,7,Dewasa Ekonomi,DEWASA,2026-08-21,05:00,2627160930380747733,150,27500.0,27500.0,IDR,OK,200,Ship schedule found.
5485,95,Waipirit,Hunimua,Maluku,Pejalan Kaki,9,Bayi Ekonomi,BAYI,2026-08-21,05:00,2627160930380747733,5,2700.0,2700.0,IDR,OK,200,Ship schedule found.
5486,88,Galala,Namlea,Maluku,Kendaraan,11,Golongan I,GOL I,2026-08-21,20:00,2627160930380750524,0,69990.0,69990.0,IDR,OK,200,Ship schedule found.
5486,88,Galala,Namlea,Maluku,Kendaraan,12,Golongan II ,GOL II,2026-08-21,20:00,2627160930380750524,0,218435.0,218435.0,IDR,OK,200,Ship schedule found.
5486,88,Galala,Namlea,Maluku,Kendaraan,13,Golongan III,GOL III,2026-08-21,20:00,2627160930380750524,0,202910.0,202910.0,IDR,OK,200,Ship schedule found.
5486,88,Galala,Namlea,Maluku,Kendaraan,14,Golongan IV - Penumpang,GOL IV A,2026-08-21,20:00,2627160930380750524,0,1006779.0,1006779.0,IDR,OK,200,Ship schedule found.
5486,88,Galala,Namlea,Maluku,Kendaraan,15,Golongan IV - Barang,GOL IV B,2026-08-21,20:00,2627160930380750524,0,1042995.0,1042995.0,IDR,OK,200,Ship schedule found.
5486,88,Galala,Namlea,Maluku,Kendaraan,16,Golongan V - Penumpang,GOL V A,2026-08-21,20:00,2627160930380750524,0,1244020.0,1244020.0,IDR,OK,200,Ship schedule found.
5486,88,Galala,Namlea,Maluku,Kendaraan,17,Golongan V - Barang,GOL V B,2026-08-21,20:00,2627160930380750524,0,1515200.0,1515200.0,IDR,OK,200,Ship schedule found.
5486,88,Galala,Namlea,Maluku,Kendaraan,18,Golongan VI - Penumpang,GOL VI A,2026-08-21,20:00,2627160930380750524,0,1773995.0,1773995.0,IDR,OK,200,Ship schedule found.
5486,88,Galala,Namlea,Maluku,Kendaraan,19,Golongan VI - Barang,GOL VI B,2026-08-21,20:00,2627160930380750524,0,1884255.0,1884255.0,IDR,OK,200,Ship schedule found.
5486,88,Galala,Namlea,Maluku,Kendaraan,20,Golongan VII,GOL VII,2026-08-21,20:00,2627160930380750524,0,2466755.0,2466755.0,IDR,OK,200,Ship schedule found.
5486,88,Galala,Namlea,Maluku,Kendaraan,21,Golongan VIII,GOL VIII,2026-08-21,20:00,2627160930380750524,0,2808695.0,2808695.0,IDR,OK,200,Ship schedule found.
5486,88,Galala,Namlea,Maluku,Kendaraan,22,Golongan IX,GOL IX,2026-08-21,20:00,2627160930380750524,0,7588695.0,7588695.0,IDR,OK,200,Ship schedule found.
5486,88,Galala,Namlea,Maluku,Pejalan Kaki,5,Dewasa Bisnis I,DEWASA,2026-08-21,20:00,2627160930380750524,0,163000.0,163000.0,IDR,OK,200,Ship schedule found.
5486,88,Galala,Namlea,Maluku,Pejalan Kaki,504,Bayi Bisnis,BAYI,2026-08-21,20:00,2627160930380750524,0,21000.0,21000.0,IDR,OK,200,Ship schedule found.
5486,88,Galala,Namlea,Maluku,Pejalan Kaki,7,Dewasa Ekonomi,DEWASA,2026-08-21,20:00,2627160930380750524,0,123600.0,123600.0,IDR,OK,200,Ship schedule found.
5486,88,Galala,Namlea,Maluku,Pejalan Kaki,9,Bayi Ekonomi,BAYI,2026-08-21,20:00,2627160930380750524,0,13800.0,13800.0,IDR,OK,200,Ship schedule found.
5487,89,Namlea,Galala,Maluku,Kendaraan,11,Golongan I,GOL I,2026-08-21,20:00,2627160930380750594,0,69990.0,69990.0,IDR,OK,200,Ship schedule found.
5487,89,Namlea,Galala,Maluku,Kendaraan,12,Golongan II ,GOL II,2026-08-21,20:00,2627160930380750594,0,218435.0,218435.0,IDR,OK,200,Ship schedule found.
5487,89,Namlea,Galala,Maluku,Kendaraan,13,Golongan III,GOL III,2026-08-21,20:00,2627160930380750594,0,202910.0,202910.0,IDR,OK,200,Ship schedule found.
5487,89,Namlea,Galala,Maluku,Kendaraan,14,Golongan IV - Penumpang,GOL IV A,2026-08-21,20:00,2627160930380750594,0,1006779.0,1006779.0,IDR,OK,200,Ship schedule found.
5487,89,Namlea,Galala,Maluku,Kendaraan,15,Golongan IV - Barang,GOL IV B,2026-08-21,20:00,2627160930380750594,0,1042995.0,1042995.0,IDR,OK,200,Ship schedule found.
5487,89,Namlea,Galala,Maluku,Kendaraan,16,Golongan V - Penumpang,GOL V A,2026-08-21,20:00,2627160930380750594,0,1244020.0,1244020.0,IDR,OK,200,Ship schedule found.
5487,89,Namlea,Galala,Maluku,Kendaraan,17,Golongan V - Barang,GOL V B,2026-08-21,20:00,2627160930380750594,0,1515200.0,1515200.0,IDR,OK,200,Ship schedule found.
5487,89,Namlea,Galala,Maluku,Kendaraan,18,Golongan VI - Penumpang,GOL VI A,2026-08-21,20:00,2627160930380750594,0,1773995.0,1773995.0,IDR,OK,200,Ship schedule found.
5487,89,Namlea,Galala,Maluku,Kendaraan,19,Golongan VI - Barang,GOL VI B,2026-08-21,20:00,2627160930380750594,0,1884255.0,1884255.0,IDR,OK,200,Ship schedule found.
5487,89,Namlea,Galala,Maluku,Kendaraan,20,Golongan VII,GOL VII,2026-08-21,20:00,2627160930380750594,0,2466755.0,2466755.0,IDR,OK,200,Ship schedule found.
5487,89,Namlea,Galala,Maluku,Kendaraan,21,Golongan VIII,GOL VIII,2026-08-21,20:00,2627160930380750594,0,2808695.0,2808695.0,IDR,OK,200,Ship schedule found.
5487,89,Namlea,Galala,Maluku,Kendaraan,22,Golongan IX,GOL IX,2026-08-21,20:00,2627160930380750594,0,7588695.0,7588695.0,IDR,OK,200,Ship schedule found.
5487,89,Namlea,Galala,Maluku,Pejalan Kaki,5,Dewasa Bisnis I,DEWASA,2026-08-21,20:00,2627160930380750594,0,163000.0,163000.0,IDR,OK,200,Ship schedule found.
5487,89,Namlea,Galala,Maluku,Pejalan Kaki,504,Bayi Bisnis,BAYI,2026-08-21,20:00,2627160930380750594,0,21000.0,21000.0,IDR,OK,200,Ship schedule found.
5487,89,Namlea,Galala,Maluku,Pejalan Kaki,7,Dewasa Ekonomi,DEWASA,2026-08-21,20:00,2627160930380750594,0,123600.0,123600.0,IDR,OK,200,Ship schedule found.
5487,89,Namlea,Galala,Maluku,Pejalan Kaki,9,Bayi Ekonomi,BAYI,2026-08-21,20:00,2627160930380750594,0,13800.0,13800.0,IDR,OK,200,Ship schedule found.
5488,175,Aimere,Kupang,Nusa Tenggara Timur,Kendaraan,11,Golongan I,GOL I,2026-08-21,,,,,,IDR,SCHEDULE_DATA_NOT_FOUND,0,Gateway returned no schedule data for route
5488,175,Aimere,Kupang,Nusa Tenggara Timur,Kendaraan,12,Golongan II ,GOL II,2026-08-21,,,,,,IDR,SCHEDULE_DATA_NOT_FOUND,0,Gateway returned no schedule data for route
5488,175,Aimere,Kupang,Nusa Tenggara Timur,Kendaraan,13,Golongan III,GOL III,2026-08-21,,,,,,IDR,SCHEDULE_DATA_NOT_FOUND,0,Gateway returned no schedule data for route
5488,175,Aimere,Kupang,Nusa Tenggara Timur,Kendaraan,14,Golongan IV - Penumpang,GOL IV A,2026-08-21,,,,,,IDR,SCHEDULE_DATA_NOT_FOUND,0,Gateway returned no schedule data for route
5488,175,Aimere,Kupang,Nusa Tenggara Timur,Kendaraan,15,Golongan IV - Barang,GOL IV B,2026-08-21,,,,,,IDR,SCHEDULE_DATA_NOT_FOUND,0,Gateway returned no schedule data for route
5488,175,Aimere,Kupang,Nusa Tenggara Timur,Kendaraan,16,Golongan V - Penumpang,GOL V A,2026-08-21,,,,,,IDR,SCHEDULE_DATA_NOT_FOUND,0,Gateway returned no schedule data for route
5488,175,Aimere,Kupang,Nusa Tenggara Timur,Kendaraan,17,Golongan V - Barang,GOL V B,2026-08-21,,,,,,IDR,SCHEDULE_DATA_NOT_FOUND,0,Gateway returned no schedule data for route
5488,175,Aimere,Kupang,Nusa Tenggara Timur,Kendaraan,18,Golongan VI - Penumpang,GOL VI A,2026-08-21,,,,,,IDR,SCHEDULE_DATA_NOT_FOUND,0,Gateway returned no schedule data for route
5488,175,Aimere,Kupang,Nusa Tenggara Timur,Kendaraan,19,Golongan VI - Barang,GOL VI B,2026-08-21,,,,,,IDR,SCHEDULE_DATA_NOT_FOUND,0,Gateway returned no schedule data for route
5488,175,Aimere,Kupang,Nusa Tenggara Timur,Kendaraan,20,Golongan VII,GOL VII,2026-08-21,,,,,,IDR,SCHEDULE_DATA_NOT_FOUND,0,Gateway returned no schedule data for route
5488,175,Aimere,Kupang,Nusa Tenggara Timur,Kendaraan,21,Golongan VIII,GOL VIII,2026-08-21,,,,,,IDR,SCHEDULE_DATA_NOT_FOUND,0,Gateway returned no schedule data for route
5488,175,Aimere,Kupang,Nusa Tenggara Timur,Kendaraan,22,Golongan IX,GOL IX,2026-08-21,,,,,,IDR,SCHEDULE_DATA_NOT_FOUND,0,Gateway returned no schedule data for route
5488,175,Aimere,Kupang,Nusa Tenggara Timur,Pejalan Kaki,30,Dewasa Bisnis II,DEWASA,2026-08-21,,,,,,IDR,SCHEDULE_DATA_NOT_FOUND,0,Gateway returned no schedule data for route
5488,175,Aimere,Kupang,Nusa Tenggara Timur,Pejalan Kaki,31,Anak - Anak Bisnis II,ANAK,2026-08-21,,,,,,IDR,SCHEDULE_DATA_NOT_FOUND,0,Gateway returned no schedule data for route
5488,175,Aimere,Kupang,Nusa Tenggara Timur,Pejalan Kaki,5,Dewasa Bisnis I,DEWASA,2026-08-21,,,,,,IDR,SCHEDULE_DATA_NOT_FOUND,0,Gateway returned no schedule data for route
5488,175,Aimere,Kupang,Nusa Tenggara Timur,Pejalan Kaki,7,Dewasa Ekonomi,DEWASA,2026-08-21,,,,,,IDR,SCHEDULE_DATA_NOT_FOUND,0,Gateway returned no schedule data for route
5488,175,Aimere,Kupang,Nusa Tenggara Timur,Pejalan Kaki,8,Anak - Anak Ekonomi,ANAK,2026-08-21,,,,,,IDR,SCHEDULE_DATA_NOT_FOUND,0,Gateway returned no schedule data for route
5489,54,Penajam,Kariangau,Kalimantan Timur,Kendaraan,11,Golongan I,GOL I,2026-08-21,00:00,2627160930380725010,100,18690.0,18690.0,IDR,OK,200,Ship schedule found.
5489,54,Penajam,Kariangau,Kalimantan Timur,Kendaraan,12,Golongan II ,GOL II,2026-08-21,00:00,2627160930380725010,100,50300.0,50300.0,IDR,OK,200,Ship schedule found.
5489,54,Penajam,Kariangau,Kalimantan Timur,Kendaraan,13,Golongan III,GOL III,2026-08-21,00:00,2627160930380725010,100,89010.0,89010.0,IDR,OK,200,Ship schedule found.
5489,54,Penajam,Kariangau,Kalimantan Timur,Kendaraan,14,Golongan IV - Penumpang,GOL IV A,2026-08-21,00:00,2627160930380725010,100,325985.0,325985.0,IDR,OK,200,Ship schedule found.
5489,54,Penajam,Kariangau,Kalimantan Timur,Kendaraan,15,Golongan IV - Barang,GOL IV B,2026-08-21,00:00,2627160930380725010,100,291845.0,291845.0,IDR,OK,200,Ship schedule found.
5489,54,Penajam,Kariangau,Kalimantan Timur,Kendaraan,16,Golongan V - Penumpang,GOL V A,2026-08-21,00:00,2627160930380725010,100,609215.0,609215.0,IDR,OK,200,Ship schedule found.
5489,54,Penajam,Kariangau,Kalimantan Timur,Kendaraan,17,Golongan V - Barang,GOL V B,2026-08-21,00:00,2627160930380725010,100,548855.0,548855.0,IDR,OK,200,Ship schedule found.
5489,54,Penajam,Kariangau,Kalimantan Timur,Kendaraan,18,Golongan VI - Penumpang,GOL VI A,2026-08-21,00:00,2627160930380725010,100,895875.0,895875.0,IDR,OK,200,Ship schedule found.
5489,54,Penajam,Kariangau,Kalimantan Timur,Kendaraan,19,Golongan VI - Barang,GOL VI B,2026-08-21,00:00,2627160930380725010,100,876155.0,876155.0,IDR,OK,200,Ship schedule found.
5489,54,Penajam,Kariangau,Kalimantan Timur,Kendaraan,20,Golongan VII,GOL VII,2026-08-21,00:00,2627160930380725010,100,1077305.0,1077305.0,IDR,OK,200,Ship schedule found.
5489,54,Penajam,Kariangau,Kalimantan Timur,Kendaraan,21,Golongan VIII,GOL VIII,2026-08-21,00:00,2627160930380725010,100,1474975.0,1474975.0,IDR,OK,200,Ship schedule found.
5489,54,Penajam,Kariangau,Kalimantan Timur,Kendaraan,22,Golongan IX,GOL IX,2026-08-21,00:00,2627160930380725010,100,1683275.0,1683275.0,IDR,OK,200,Ship schedule found.
5489,54,Penajam,Kariangau,Kalimantan Timur,Kendaraan,514,Golongan BBM 5 TON,GOL V B,2026-08-21,00:00,2627160930380725010,0,1054500.0,1054500.0,IDR,OK,200,Ship schedule found.
5489,54,Penajam,Kariangau,Kalimantan Timur,Kendaraan,515,Golongan BBM 10 TON,GOL VI B,2026-08-21,00:00,2627160930380725010,0,1424500.0,1424500.0,IDR,OK,200,Ship schedule found.
5489,54,Penajam,Kariangau,Kalimantan Timur,Kendaraan,516,Golongan BBM 16 TON,GOL VII B,2026-08-21,00:00,2627160930380725010,0,2097000.0,2097000.0,IDR,OK,200,Ship schedule found.
5489,54,Penajam,Kariangau,Kalimantan Timur,Pejalan Kaki,7,Dewasa Ekonomi,DEWASA,2026-08-21,00:00,2627160930380725010,100,19600.0,19600.0,IDR,OK,200,Ship schedule found.
5489,54,Penajam,Kariangau,Kalimantan Timur,Pejalan Kaki,9,Bayi Ekonomi,BAYI,2026-08-21,00:00,2627160930380725010,100,4900.0,4900.0,IDR,OK,200,Ship schedule found.
5491,19,Telaga Punggur,Tanjung Uban,Kepulauan Riau,Kendaraan,11,Golongan I,GOL I,2026-08-21,06:00,2627160930380737896,5,22000.0,22000.0,IDR,OK,200,Ship schedule found.
5491,19,Telaga Punggur,Tanjung Uban,Kepulauan Riau,Kendaraan,12,Golongan II ,GOL II,2026-08-21,06:00,2627160930380737896,27,51000.0,51000.0,IDR,OK,200,Ship schedule found.
5491,19,Telaga Punggur,Tanjung Uban,Kepulauan Riau,Kendaraan,13,Golongan III,GOL III,2026-08-21,06:00,2627160930380737896,1,216000.0,216000.0,IDR,OK,200,Ship schedule found.
5491,19,Telaga Punggur,Tanjung Uban,Kepulauan Riau,Kendaraan,14,Golongan IV - Penumpang,GOL IV A,2026-08-21,06:00,2627160930380737896,20,309000.0,309000.0,IDR,OK,200,Ship schedule found.
5491,19,Telaga Punggur,Tanjung Uban,Kepulauan Riau,Kendaraan,15,Golongan IV - Barang,GOL IV B,2026-08-21,06:00,2627160930380737896,5,268000.0,268000.0,IDR,OK,200,Ship schedule found.
5491,19,Telaga Punggur,Tanjung Uban,Kepulauan Riau,Kendaraan,16,Golongan V - Penumpang,GOL V A,2026-08-21,06:00,2627160930380737896,0,565000.0,565000.0,IDR,OK,200,Ship schedule found.
5491,19,Telaga Punggur,Tanjung Uban,Kepulauan Riau,Kendaraan,17,Golongan V - Barang,GOL V B,2026-08-21,06:00,2627160930380737896,4,471000.0,471000.0,IDR,OK,200,Ship schedule found.
5491,19,Telaga Punggur,Tanjung Uban,Kepulauan Riau,Kendaraan,18,Golongan VI - Penumpang,GOL VI A,2026-08-21,06:00,2627160930380737896,0,821000.0,821000.0,IDR,OK,200,Ship schedule found.
5491,19,Telaga Punggur,Tanjung Uban,Kepulauan Riau,Kendaraan,19,Golongan VI - Barang,GOL VI B,2026-08-21,06:00,2627160930380737896,1,728000.0,728000.0,IDR,OK,200,Ship schedule found.
5491,19,Telaga Punggur,Tanjung Uban,Kepulauan Riau,Kendaraan,20,Golongan VII,GOL VII,2026-08-21,06:00,2627160930380737896,0,931000.0,931000.0,IDR,OK,200,Ship schedule found.
5491,19,Telaga Punggur,Tanjung Uban,Kepulauan Riau,Kendaraan,21,Golongan VIII,GOL VIII,2026-08-21,06:00,2627160930380737896,0,1371000.0,1371000.0,IDR,OK,200,Ship schedule found.
5491,19,Telaga Punggur,Tanjung Uban,Kepulauan Riau,Kendaraan,22,Golongan IX,GOL IX,2026-08-21,06:00,2627160930380737896,0,2307000.0,2307000.0,IDR,OK,200,Ship schedule found.
5491,19,Telaga Punggur,Tanjung Uban,Kepulauan Riau,Pejalan Kaki,7,Dewasa Ekonomi,DEWASA,2026-08-21,06:00,2627160930380737896,180,27000.0,27000.0,IDR,OK,200,Ship schedule found.
5491,19,Telaga Punggur,Tanjung Uban,Kepulauan Riau,Pejalan Kaki,9,Bayi Ekonomi,BAYI,2026-08-21,06:00,2627160930380737896,10,2000.0,2000.0,IDR,OK,200,Ship schedule found.
5492,19,Telaga Punggur,Tanjung Balai Karimun,Kepulauan Riau,Kendaraan,11,Golongan I,GOL I,2026-08-21,,,,,,IDR,NO_SCHEDULE_FOR_DATE,0,No departure slots found for date 2026-08-21 (3 total across other dates)
5492,19,Telaga Punggur,Tanjung Balai Karimun,Kepulauan Riau,Kendaraan,12,Golongan II ,GOL II,2026-08-21,,,,,,IDR,NO_SCHEDULE_FOR_DATE,0,No departure slots found for date 2026-08-21 (3 total across other dates)
5492,19,Telaga Punggur,Tanjung Balai Karimun,Kepulauan Riau,Kendaraan,13,Golongan III,GOL III,2026-08-21,,,,,,IDR,NO_SCHEDULE_FOR_DATE,0,No departure slots found for date 2026-08-21 (3 total across other dates)
5492,19,Telaga Punggur,Tanjung Balai Karimun,Kepulauan Riau,Kendaraan,14,Golongan IV - Penumpang,GOL IV A,2026-08-21,,,,,,IDR,NO_SCHEDULE_FOR_DATE,0,No departure slots found for date 2026-08-21 (3 total across other dates)
5492,19,Telaga Punggur,Tanjung Balai Karimun,Kepulauan Riau,Kendaraan,15,Golongan IV - Barang,GOL IV B,2026-08-21,,,,,,IDR,NO_SCHEDULE_FOR_DATE,0,No departure slots found for date 2026-08-21 (3 total across other dates)
5492,19,Telaga Punggur,Tanjung Balai Karimun,Kepulauan Riau,Kendaraan,16,Golongan V - Penumpang,GOL V A,2026-08-21,,,,,,IDR,NO_SCHEDULE_FOR_DATE,0,No departure slots found for date 2026-08-21 (3 total across other dates)
5492,19,Telaga Punggur,Tanjung Balai Karimun,Kepulauan Riau,Kendaraan,17,Golongan V - Barang,GOL V B,2026-08-21,,,,,,IDR,NO_SCHEDULE_FOR_DATE,0,No departure slots found for date 2026-08-21 (3 total across other dates)
5492,19,Telaga Punggur,Tanjung Balai Karimun,Kepulauan Riau,Kendaraan,18,Golongan VI - Penumpang,GOL VI A,2026-08-21,,,,,,IDR,NO_SCHEDULE_FOR_DATE,0,No departure slots found for date 2026-08-21 (3 total across other dates)
5492,19,Telaga Punggur,Tanjung Balai Karimun,Kepulauan Riau,Kendaraan,19,Golongan VI - Barang,GOL VI B,2026-08-21,,,,,,IDR,NO_SCHEDULE_FOR_DATE,0,No departure slots found for date 2026-08-21 (3 total across other dates)
5492,19,Telaga Punggur,Tanjung Balai Karimun,Kepulauan Riau,Kendaraan,20,Golongan VII,GOL VII,2026-08-21,,,,,,IDR,NO_SCHEDULE_FOR_DATE,0,No departure slots found for date 2026-08-21 (3 total across other dates)
5492,19,Telaga Punggur,Tanjung Balai Karimun,Kepulauan Riau,Kendaraan,21,Golongan VIII,GOL VIII,2026-08-21,,,,,,IDR,NO_SCHEDULE_FOR_DATE,0,No departure slots found for date 2026-08-21 (3 total across other dates)
5492,19,Telaga Punggur,Tanjung Balai Karimun,Kepulauan Riau,Kendaraan,22,Golongan IX,GOL IX,2026-08-21,,,,,,IDR,NO_SCHEDULE_FOR_DATE,0,No departure slots found for date 2026-08-21 (3 total across other dates)
5492,19,Telaga Punggur,Tanjung Balai Karimun,Kepulauan Riau,Pejalan Kaki,7,Dewasa Ekonomi,DEWASA,2026-08-21,,,,,,IDR,NO_SCHEDULE_FOR_DATE,0,No departure slots found for date 2026-08-21 (3 total across other dates)
5492,19,Telaga Punggur,Tanjung Balai Karimun,Kepulauan Riau,Pejalan Kaki,9,Bayi Ekonomi,BAYI,2026-08-21,,,,,,IDR,NO_SCHEDULE_FOR_DATE,0,No departure slots found for date 2026-08-21 (3 total across other dates)
5493,19,Telaga Punggur,Dabo,Kepulauan Riau,Kendaraan,11,Golongan I,GOL I,2026-08-21,,,,,,IDR,NO_SCHEDULE_FOR_DATE,0,No departure slots found for date 2026-08-21 (1 total across other dates)
5493,19,Telaga Punggur,Dabo,Kepulauan Riau,Kendaraan,12,Golongan II ,GOL II,2026-08-21,,,,,,IDR,NO_SCHEDULE_FOR_DATE,0,No departure slots found for date 2026-08-21 (1 total across other dates)
5493,19,Telaga Punggur,Dabo,Kepulauan Riau,Kendaraan,13,Golongan III,GOL III,2026-08-21,,,,,,IDR,NO_SCHEDULE_FOR_DATE,0,No departure slots found for date 2026-08-21 (1 total across other dates)
5493,19,Telaga Punggur,Dabo,Kepulauan Riau,Kendaraan,14,Golongan IV - Penumpang,GOL IV A,2026-08-21,,,,,,IDR,NO_SCHEDULE_FOR_DATE,0,No departure slots found for date 2026-08-21 (1 total across other dates)
5493,19,Telaga Punggur,Dabo,Kepulauan Riau,Kendaraan,15,Golongan IV - Barang,GOL IV B,2026-08-21,,,,,,IDR,NO_SCHEDULE_FOR_DATE,0,No departure slots found for date 2026-08-21 (1 total across other dates)
5493,19,Telaga Punggur,Dabo,Kepulauan Riau,Kendaraan,16,Golongan V - Penumpang,GOL V A,2026-08-21,,,,,,IDR,NO_SCHEDULE_FOR_DATE,0,No departure slots found for date 2026-08-21 (1 total across other dates)
5493,19,Telaga Punggur,Dabo,Kepulauan Riau,Kendaraan,17,Golongan V - Barang,GOL V B,2026-08-21,,,,,,IDR,NO_SCHEDULE_FOR_DATE,0,No departure slots found for date 2026-08-21 (1 total across other dates)
5493,19,Telaga Punggur,Dabo,Kepulauan Riau,Kendaraan,18,Golongan VI - Penumpang,GOL VI A,2026-08-21,,,,,,IDR,NO_SCHEDULE_FOR_DATE,0,No departure slots found for date 2026-08-21 (1 total across other dates)
5493,19,Telaga Punggur,Dabo,Kepulauan Riau,Kendaraan,19,Golongan VI - Barang,GOL VI B,2026-08-21,,,,,,IDR,NO_SCHEDULE_FOR_DATE,0,No departure slots found for date 2026-08-21 (1 total across other dates)
5493,19,Telaga Punggur,Dabo,Kepulauan Riau,Kendaraan,20,Golongan VII,GOL VII,2026-08-21,,,,,,IDR,NO_SCHEDULE_FOR_DATE,0,No departure slots found for date 2026-08-21 (1 total across other dates)
5493,19,Telaga Punggur,Dabo,Kepulauan Riau,Kendaraan,21,Golongan VIII,GOL VIII,2026-08-21,,,,,,IDR,NO_SCHEDULE_FOR_DATE,0,No departure slots found for date 2026-08-21 (1 total across other dates)
5493,19,Telaga Punggur,Dabo,Kepulauan Riau,Kendaraan,22,Golongan IX,GOL IX,2026-08-21,,,,,,IDR,NO_SCHEDULE_FOR_DATE,0,No departure slots found for date 2026-08-21 (1 total across other dates)
5493,19,Telaga Punggur,Dabo,Kepulauan Riau,Pejalan Kaki,7,Dewasa Ekonomi,DEWASA,2026-08-21,,,,,,IDR,NO_SCHEDULE_FOR_DATE,0,No departure slots found for date 2026-08-21 (1 total across other dates)
5493,19,Telaga Punggur,Dabo,Kepulauan Riau,Pejalan Kaki,9,Bayi Ekonomi,BAYI,2026-08-21,,,,,,IDR,NO_SCHEDULE_FOR_DATE,0,No departure slots found for date 2026-08-21 (1 total across other dates)
5496,19,Telaga Punggur,Mengkapan,Riau,Kendaraan,11,Golongan I,GOL I,2026-08-21,14:00,2627160930380748938,0,155200.0,155200.0,IDR,OK,200,Ship schedule found.
5496,19,Telaga Punggur,Mengkapan,Riau,Kendaraan,12,Golongan II ,GOL II,2026-08-21,14:00,2627160930380748938,28,296900.0,296900.0,IDR,OK,200,Ship schedule found.
5496,19,Telaga Punggur,Mengkapan,Riau,Kendaraan,13,Golongan III,GOL III,2026-08-21,14:00,2627160930380748938,0,524400.0,524400.0,IDR,OK,200,Ship schedule found.
5496,19,Telaga Punggur,Mengkapan,Riau,Kendaraan,14,Golongan IV - Penumpang,GOL IV A,2026-08-21,14:00,2627160930380748938,9,1948700.0,1948700.0,IDR,OK,200,Ship schedule found.
5496,19,Telaga Punggur,Mengkapan,Riau,Kendaraan,15,Golongan IV - Barang,GOL IV B,2026-08-21,14:00,2627160930380748938,5,1782500.0,1782500.0,IDR,OK,200,Ship schedule found.
5496,19,Telaga Punggur,Mengkapan,Riau,Kendaraan,16,Golongan V - Penumpang,GOL V A,2026-08-21,14:00,2627160930380748938,0,3524700.0,3524700.0,IDR,OK,200,Ship schedule found.
5496,19,Telaga Punggur,Mengkapan,Riau,Kendaraan,17,Golongan V - Barang,GOL V B,2026-08-21,14:00,2627160930380748938,5,2974000.0,2974000.0,IDR,OK,200,Ship schedule found.
5496,19,Telaga Punggur,Mengkapan,Riau,Kendaraan,18,Golongan VI - Penumpang,GOL VI A,2026-08-21,14:00,2627160930380748938,0,5511400.0,5511400.0,IDR,OK,200,Ship schedule found.
5496,19,Telaga Punggur,Mengkapan,Riau,Kendaraan,19,Golongan VI - Barang,GOL VI B,2026-08-21,14:00,2627160930380748938,0,4582300.0,4582300.0,IDR,OK,200,Ship schedule found.
5496,19,Telaga Punggur,Mengkapan,Riau,Kendaraan,20,Golongan VII,GOL VII,2026-08-21,14:00,2627160930380748938,0,5674400.0,5674400.0,IDR,OK,200,Ship schedule found.
5496,19,Telaga Punggur,Mengkapan,Riau,Kendaraan,21,Golongan VIII,GOL VIII,2026-08-21,14:00,2627160930380748938,0,8082700.0,8082700.0,IDR,OK,200,Ship schedule found.
5496,19,Telaga Punggur,Mengkapan,Riau,Kendaraan,22,Golongan IX,GOL IX,2026-08-21,14:00,2627160930380748938,0,11678400.0,11678400.0,IDR,OK,200,Ship schedule found.
5496,19,Telaga Punggur,Mengkapan,Riau,Pejalan Kaki,7,Dewasa Ekonomi,DEWASA,2026-08-21,14:00,2627160930380748938,161,134200.0,134200.0,IDR,OK,200,Ship schedule found.
5496,19,Telaga Punggur,Mengkapan,Riau,Pejalan Kaki,9,Bayi Ekonomi,BAYI,2026-08-21,14:00,2627160930380748938,8,13200.0,13200.0,IDR,OK,200,Ship schedule found.
5505,26,Tanjung Uban,Telaga Punggur,Kepulauan Riau,Kendaraan,11,Golongan I,GOL I,2026-08-21,06:00,2627160930380738299,5,22000.0,22000.0,IDR,OK,200,Ship schedule found.
5505,26,Tanjung Uban,Telaga Punggur,Kepulauan Riau,Kendaraan,12,Golongan II ,GOL II,2026-08-21,06:00,2627160930380738299,30,51000.0,51000.0,IDR,OK,200,Ship schedule found.
5505,26,Tanjung Uban,Telaga Punggur,Kepulauan Riau,Kendaraan,13,Golongan III,GOL III,2026-08-21,06:00,2627160930380738299,1,216000.0,216000.0,IDR,OK,200,Ship schedule found.
5505,26,Tanjung Uban,Telaga Punggur,Kepulauan Riau,Kendaraan,14,Golongan IV - Penumpang,GOL IV A,2026-08-21,06:00,2627160930380738299,19,309000.0,309000.0,IDR,OK,200,Ship schedule found.
5505,26,Tanjung Uban,Telaga Punggur,Kepulauan Riau,Kendaraan,15,Golongan IV - Barang,GOL IV B,2026-08-21,06:00,2627160930380738299,5,268000.0,268000.0,IDR,OK,200,Ship schedule found.
5505,26,Tanjung Uban,Telaga Punggur,Kepulauan Riau,Kendaraan,16,Golongan V - Penumpang,GOL V A,2026-08-21,06:00,2627160930380738299,0,565000.0,565000.0,IDR,OK,200,Ship schedule found.
5505,26,Tanjung Uban,Telaga Punggur,Kepulauan Riau,Kendaraan,17,Golongan V - Barang,GOL V B,2026-08-21,06:00,2627160930380738299,5,471000.0,471000.0,IDR,OK,200,Ship schedule found.
5505,26,Tanjung Uban,Telaga Punggur,Kepulauan Riau,Kendaraan,18,Golongan VI - Penumpang,GOL VI A,2026-08-21,06:00,2627160930380738299,0,821000.0,821000.0,IDR,OK,200,Ship schedule found.
5505,26,Tanjung Uban,Telaga Punggur,Kepulauan Riau,Kendaraan,19,Golongan VI - Barang,GOL VI B,2026-08-21,06:00,2627160930380738299,1,728000.0,728000.0,IDR,OK,200,Ship schedule found.
5505,26,Tanjung Uban,Telaga Punggur,Kepulauan Riau,Kendaraan,20,Golongan VII,GOL VII,2026-08-21,06:00,2627160930380738299,0,931000.0,931000.0,IDR,OK,200,Ship schedule found.
5505,26,Tanjung Uban,Telaga Punggur,Kepulauan Riau,Kendaraan,21,Golongan VIII,GOL VIII,2026-08-21,06:00,2627160930380738299,0,1371000.0,1371000.0,IDR,OK,200,Ship schedule found.
5505,26,Tanjung Uban,Telaga Punggur,Kepulauan Riau,Kendaraan,22,Golongan IX,GOL IX,2026-08-21,06:00,2627160930380738299,0,2307000.0,2307000.0,IDR,OK,200,Ship schedule found.
5505,26,Tanjung Uban,Telaga Punggur,Kepulauan Riau,Pejalan Kaki,7,Dewasa Ekonomi,DEWASA,2026-08-21,06:00,2627160930380738299,179,27000.0,27000.0,IDR,OK,200,Ship schedule found.
5505,26,Tanjung Uban,Telaga Punggur,Kepulauan Riau,Pejalan Kaki,9,Bayi Ekonomi,BAYI,2026-08-21,06:00,2627160930380738299,10,2000.0,2000.0,IDR,OK,200,Ship schedule found.
55052,55,Tarakan,Sebawang,Kalimantan Utara,Kendaraan,11,Golongan I,GOL I,2026-08-21,,,,,,IDR,NO_SCHEDULE_FOR_DATE,0,No departure slots found for date 2026-08-21 (1 total across other dates)
55052,55,Tarakan,Sebawang,Kalimantan Utara,Kendaraan,12,Golongan II ,GOL II,2026-08-21,,,,,,IDR,NO_SCHEDULE_FOR_DATE,0,No departure slots found for date 2026-08-21 (1 total across other dates)
55052,55,Tarakan,Sebawang,Kalimantan Utara,Kendaraan,13,Golongan III,GOL III,2026-08-21,,,,,,IDR,NO_SCHEDULE_FOR_DATE,0,No departure slots found for date 2026-08-21 (1 total across other dates)
55052,55,Tarakan,Sebawang,Kalimantan Utara,Kendaraan,14,Golongan IV - Penumpang,GOL IV A,2026-08-21,,,,,,IDR,NO_SCHEDULE_FOR_DATE,0,No departure slots found for date 2026-08-21 (1 total across other dates)
55052,55,Tarakan,Sebawang,Kalimantan Utara,Kendaraan,15,Golongan IV - Barang,GOL IV B,2026-08-21,,,,,,IDR,NO_SCHEDULE_FOR_DATE,0,No departure slots found for date 2026-08-21 (1 total across other dates)
55052,55,Tarakan,Sebawang,Kalimantan Utara,Kendaraan,16,Golongan V - Penumpang,GOL V A,2026-08-21,,,,,,IDR,NO_SCHEDULE_FOR_DATE,0,No departure slots found for date 2026-08-21 (1 total across other dates)
55052,55,Tarakan,Sebawang,Kalimantan Utara,Kendaraan,17,Golongan V - Barang,GOL V B,2026-08-21,,,,,,IDR,NO_SCHEDULE_FOR_DATE,0,No departure slots found for date 2026-08-21 (1 total across other dates)
55052,55,Tarakan,Sebawang,Kalimantan Utara,Kendaraan,18,Golongan VI - Penumpang,GOL VI A,2026-08-21,,,,,,IDR,NO_SCHEDULE_FOR_DATE,0,No departure slots found for date 2026-08-21 (1 total across other dates)
55052,55,Tarakan,Sebawang,Kalimantan Utara,Kendaraan,19,Golongan VI - Barang,GOL VI B,2026-08-21,,,,,,IDR,NO_SCHEDULE_FOR_DATE,0,No departure slots found for date 2026-08-21 (1 total across other dates)
55052,55,Tarakan,Sebawang,Kalimantan Utara,Kendaraan,20,Golongan VII,GOL VII,2026-08-21,,,,,,IDR,NO_SCHEDULE_FOR_DATE,0,No departure slots found for date 2026-08-21 (1 total across other dates)
55052,55,Tarakan,Sebawang,Kalimantan Utara,Kendaraan,21,Golongan VIII,GOL VIII,2026-08-21,,,,,,IDR,NO_SCHEDULE_FOR_DATE,0,No departure slots found for date 2026-08-21 (1 total across other dates)
55052,55,Tarakan,Sebawang,Kalimantan Utara,Kendaraan,22,Golongan IX,GOL IX,2026-08-21,,,,,,IDR,NO_SCHEDULE_FOR_DATE,0,No departure slots found for date 2026-08-21 (1 total across other dates)
55052,55,Tarakan,Sebawang,Kalimantan Utara,Pejalan Kaki,7,Dewasa Ekonomi,DEWASA,2026-08-21,,,,,,IDR,NO_SCHEDULE_FOR_DATE,0,No departure slots found for date 2026-08-21 (1 total across other dates)
55052,55,Tarakan,Sebawang,Kalimantan Utara,Pejalan Kaki,9,Bayi Ekonomi,BAYI,2026-08-21,,,,,,IDR,NO_SCHEDULE_FOR_DATE,0,No departure slots found for date 2026-08-21 (1 total across other dates)
55057,55,Tarakan,Nunukan,Kalimantan Utara,Kendaraan,11,Golongan I,GOL I,2026-08-21,,,,,,IDR,SCHEDULE_DATA_NOT_FOUND,0,Gateway returned no schedule data for route
55057,55,Tarakan,Nunukan,Kalimantan Utara,Kendaraan,12,Golongan II ,GOL II,2026-08-21,,,,,,IDR,SCHEDULE_DATA_NOT_FOUND,0,Gateway returned no schedule data for route
55057,55,Tarakan,Nunukan,Kalimantan Utara,Kendaraan,13,Golongan III,GOL III,2026-08-21,,,,,,IDR,SCHEDULE_DATA_NOT_FOUND,0,Gateway returned no schedule data for route
55057,55,Tarakan,Nunukan,Kalimantan Utara,Kendaraan,14,Golongan IV - Penumpang,GOL IV A,2026-08-21,,,,,,IDR,SCHEDULE_DATA_NOT_FOUND,0,Gateway returned no schedule data for route
55057,55,Tarakan,Nunukan,Kalimantan Utara,Kendaraan,15,Golongan IV - Barang,GOL IV B,2026-08-21,,,,,,IDR,SCHEDULE_DATA_NOT_FOUND,0,Gateway returned no schedule data for route
55057,55,Tarakan,Nunukan,Kalimantan Utara,Kendaraan,16,Golongan V - Penumpang,GOL V A,2026-08-21,,,,,,IDR,SCHEDULE_DATA_NOT_FOUND,0,Gateway returned no schedule data for route
55057,55,Tarakan,Nunukan,Kalimantan Utara,Kendaraan,17,Golongan V - Barang,GOL V B,2026-08-21,,,,,,IDR,SCHEDULE_DATA_NOT_FOUND,0,Gateway returned no schedule data for route
55057,55,Tarakan,Nunukan,Kalimantan Utara,Kendaraan,18,Golongan VI - Penumpang,GOL VI A,2026-08-21,,,,,,IDR,SCHEDULE_DATA_NOT_FOUND,0,Gateway returned no schedule data for route
55057,55,Tarakan,Nunukan,Kalimantan Utara,Kendaraan,19,Golongan VI - Barang,GOL VI B,2026-08-21,,,,,,IDR,SCHEDULE_DATA_NOT_FOUND,0,Gateway returned no schedule data for route
55057,55,Tarakan,Nunukan,Kalimantan Utara,Kendaraan,20,Golongan VII,GOL VII,2026-08-21,,,,,,IDR,SCHEDULE_DATA_NOT_FOUND,0,Gateway returned no schedule data for route
55057,55,Tarakan,Nunukan,Kalimantan Utara,Kendaraan,21,Golongan VIII,GOL VIII,2026-08-21,,,,,,IDR,SCHEDULE_DATA_NOT_FOUND,0,Gateway returned no schedule data for route
55057,55,Tarakan,Nunukan,Kalimantan Utara,Kendaraan,22,Golongan IX,GOL IX,2026-08-21,,,,,,IDR,SCHEDULE_DATA_NOT_FOUND,0,Gateway returned no schedule data for route
55057,55,Tarakan,Nunukan,Kalimantan Utara,Pejalan Kaki,7,Dewasa Ekonomi,DEWASA,2026-08-21,,,,,,IDR,SCHEDULE_DATA_NOT_FOUND,0,Gateway returned no schedule data for route
55057,55,Tarakan,Nunukan,Kalimantan Utara,Pejalan Kaki,9,Bayi Ekonomi,BAYI,2026-08-21,,,,,,IDR,SCHEDULE_DATA_NOT_FOUND,0,Gateway returned no schedule data for route
55059,55,Tarakan,Toli Toli,Sulawesi Tengah,Kendaraan,11,Golongan I,GOL I,2026-08-21,,,,,,IDR,SCHEDULE_DATA_NOT_FOUND,0,Gateway returned no schedule data for route
55059,55,Tarakan,Toli Toli,Sulawesi Tengah,Kendaraan,12,Golongan II ,GOL II,2026-08-21,,,,,,IDR,SCHEDULE_DATA_NOT_FOUND,0,Gateway returned no schedule data for route
55059,55,Tarakan,Toli Toli,Sulawesi Tengah,Kendaraan,13,Golongan III,GOL III,2026-08-21,,,,,,IDR,SCHEDULE_DATA_NOT_FOUND,0,Gateway returned no schedule data for route
55059,55,Tarakan,Toli Toli,Sulawesi Tengah,Kendaraan,14,Golongan IV - Penumpang,GOL IV A,2026-08-21,,,,,,IDR,SCHEDULE_DATA_NOT_FOUND,0,Gateway returned no schedule data for route
55059,55,Tarakan,Toli Toli,Sulawesi Tengah,Kendaraan,15,Golongan IV - Barang,GOL IV B,2026-08-21,,,,,,IDR,SCHEDULE_DATA_NOT_FOUND,0,Gateway returned no schedule data for route
55059,55,Tarakan,Toli Toli,Sulawesi Tengah,Kendaraan,16,Golongan V - Penumpang,GOL V A,2026-08-21,,,,,,IDR,SCHEDULE_DATA_NOT_FOUND,0,Gateway returned no schedule data for route
55059,55,Tarakan,Toli Toli,Sulawesi Tengah,Kendaraan,17,Golongan V - Barang,GOL V B,2026-08-21,,,,,,IDR,SCHEDULE_DATA_NOT_FOUND,0,Gateway returned no schedule data for route
55059,55,Tarakan,Toli Toli,Sulawesi Tengah,Kendaraan,18,Golongan VI - Penumpang,GOL VI A,2026-08-21,,,,,,IDR,SCHEDULE_DATA_NOT_FOUND,0,Gateway returned no schedule data for route
55059,55,Tarakan,Toli Toli,Sulawesi Tengah,Kendaraan,19,Golongan VI - Barang,GOL VI B,2026-08-21,,,,,,IDR,SCHEDULE_DATA_NOT_FOUND,0,Gateway returned no schedule data for route
55059,55,Tarakan,Toli Toli,Sulawesi Tengah,Kendaraan,20,Golongan VII,GOL VII,2026-08-21,,,,,,IDR,SCHEDULE_DATA_NOT_FOUND,0,Gateway returned no schedule data for route
55059,55,Tarakan,Toli Toli,Sulawesi Tengah,Kendaraan,21,Golongan VIII,GOL VIII,2026-08-21,,,,,,IDR,SCHEDULE_DATA_NOT_FOUND,0,Gateway returned no schedule data for route
55059,55,Tarakan,Toli Toli,Sulawesi Tengah,Kendaraan,22,Golongan IX,GOL IX,2026-08-21,,,,,,IDR,SCHEDULE_DATA_NOT_FOUND,0,Gateway returned no schedule data for route
55059,55,Tarakan,Toli Toli,Sulawesi Tengah,Pejalan Kaki,7,Dewasa Ekonomi,DEWASA,2026-08-21,,,,,,IDR,SCHEDULE_DATA_NOT_FOUND,0,Gateway returned no schedule data for route
55059,55,Tarakan,Toli Toli,Sulawesi Tengah,Pejalan Kaki,9,Bayi Ekonomi,BAYI,2026-08-21,,,,,,IDR,SCHEDULE_DATA_NOT_FOUND,0,Gateway returned no schedule data for route
5510,348,Ajibata,Ambarita,Sumatera Utara,Kendaraan,11,Golongan I,GOL I,2026-08-21,07:00,2627160930380753063,5,22300.0,22300.0,IDR,OK,200,Ship schedule found.
5510,348,Ajibata,Ambarita,Sumatera Utara,Kendaraan,12,Golongan II ,GOL II,2026-08-21,07:00,2627160930380753063,5,39900.0,39900.0,IDR,OK,200,Ship schedule found.
5510,348,Ajibata,Ambarita,Sumatera Utara,Kendaraan,13,Golongan III,GOL III,2026-08-21,07:00,2627160930380753063,5,79100.0,79100.0,IDR,OK,200,Ship schedule found.
5510,348,Ajibata,Ambarita,Sumatera Utara,Kendaraan,14,Golongan IV - Penumpang,GOL IV A,2026-08-21,07:00,2627160930380753063,20,232700.0,232700.0,IDR,OK,200,Ship schedule found.
5510,348,Ajibata,Ambarita,Sumatera Utara,Kendaraan,15,Golongan IV - Barang,GOL IV B,2026-08-21,07:00,2627160930380753063,0,187200.0,187200.0,IDR,OK,200,Ship schedule found.
5510,348,Ajibata,Ambarita,Sumatera Utara,Kendaraan,16,Golongan V - Penumpang,GOL V A,2026-08-21,07:00,2627160930380753063,1,422900.0,422900.0,IDR,OK,200,Ship schedule found.
5510,348,Ajibata,Ambarita,Sumatera Utara,Kendaraan,17,Golongan V - Barang,GOL V B,2026-08-21,07:00,2627160930380753063,0,332300.0,332300.0,IDR,OK,200,Ship schedule found.
5510,348,Ajibata,Ambarita,Sumatera Utara,Kendaraan,18,Golongan VI - Penumpang,GOL VI A,2026-08-21,07:00,2627160930380753063,0,684800.0,684800.0,IDR,OK,200,Ship schedule found.
5510,348,Ajibata,Ambarita,Sumatera Utara,Kendaraan,19,Golongan VI - Barang,GOL VI B,2026-08-21,07:00,2627160930380753063,0,540800.0,540800.0,IDR,OK,200,Ship schedule found.
5510,348,Ajibata,Ambarita,Sumatera Utara,Kendaraan,20,Golongan VII,GOL VII,2026-08-21,07:00,2627160930380753063,0,769900.0,769900.0,IDR,OK,200,Ship schedule found.
5510,348,Ajibata,Ambarita,Sumatera Utara,Kendaraan,21,Golongan VIII,GOL VIII,2026-08-21,07:00,2627160930380753063,0,1058200.0,1058200.0,IDR,OK,200,Ship schedule found.
5510,348,Ajibata,Ambarita,Sumatera Utara,Kendaraan,22,Golongan IX,GOL IX,2026-08-21,07:00,2627160930380753063,0,1449200.0,1449200.0,IDR,OK,200,Ship schedule found.
5510,348,Ajibata,Ambarita,Sumatera Utara,Pejalan Kaki,7,Dewasa Ekonomi,DEWASA,2026-08-21,07:00,2627160930380753063,179,16700.0,16700.0,IDR,OK,200,Ship schedule found.
5510,348,Ajibata,Ambarita,Sumatera Utara,Pejalan Kaki,9,Bayi Ekonomi,BAYI,2026-08-21,07:00,2627160930380753063,40,7000.0,7000.0,IDR,OK,200,Ship schedule found.
5511,349,Ambarita,Ajibata,Sumatera Utara,Kendaraan,11,Golongan I,GOL I,2026-08-21,07:30,2627160930380753203,0,22300.0,22300.0,IDR,OK,200,Ship schedule found.
5511,349,Ambarita,Ajibata,Sumatera Utara,Kendaraan,12,Golongan II ,GOL II,2026-08-21,07:30,2627160930380753203,3,39900.0,39900.0,IDR,OK,200,Ship schedule found.
5511,349,Ambarita,Ajibata,Sumatera Utara,Kendaraan,13,Golongan III,GOL III,2026-08-21,07:30,2627160930380753203,5,79100.0,79100.0,IDR,OK,200,Ship schedule found.
5511,349,Ambarita,Ajibata,Sumatera Utara,Kendaraan,14,Golongan IV - Penumpang,GOL IV A,2026-08-21,07:30,2627160930380753203,35,232700.0,232700.0,IDR,OK,200,Ship schedule found.
5511,349,Ambarita,Ajibata,Sumatera Utara,Kendaraan,15,Golongan IV - Barang,GOL IV B,2026-08-21,07:30,2627160930380753203,0,187200.0,187200.0,IDR,OK,200,Ship schedule found.
5511,349,Ambarita,Ajibata,Sumatera Utara,Kendaraan,16,Golongan V - Penumpang,GOL V A,2026-08-21,07:30,2627160930380753203,2,422900.0,422900.0,IDR,OK,200,Ship schedule found.
5511,349,Ambarita,Ajibata,Sumatera Utara,Kendaraan,17,Golongan V - Barang,GOL V B,2026-08-21,07:30,2627160930380753203,0,332300.0,332300.0,IDR,OK,200,Ship schedule found.
5511,349,Ambarita,Ajibata,Sumatera Utara,Kendaraan,18,Golongan VI - Penumpang,GOL VI A,2026-08-21,07:30,2627160930380753203,0,684800.0,684800.0,IDR,OK,200,Ship schedule found.
5511,349,Ambarita,Ajibata,Sumatera Utara,Kendaraan,19,Golongan VI - Barang,GOL VI B,2026-08-21,07:30,2627160930380753203,0,540800.0,540800.0,IDR,OK,200,Ship schedule found.
5511,349,Ambarita,Ajibata,Sumatera Utara,Kendaraan,20,Golongan VII,GOL VII,2026-08-21,07:30,2627160930380753203,0,769900.0,769900.0,IDR,OK,200,Ship schedule found.
5511,349,Ambarita,Ajibata,Sumatera Utara,Kendaraan,21,Golongan VIII,GOL VIII,2026-08-21,07:30,2627160930380753203,0,1058200.0,1058200.0,IDR,OK,200,Ship schedule found.
5511,349,Ambarita,Ajibata,Sumatera Utara,Kendaraan,22,Golongan IX,GOL IX,2026-08-21,07:30,2627160930380753203,0,1449200.0,1449200.0,IDR,OK,200,Ship schedule found.
5511,349,Ambarita,Ajibata,Sumatera Utara,Pejalan Kaki,7,Dewasa Ekonomi,DEWASA,2026-08-21,07:30,2627160930380753203,250,16700.0,16700.0,IDR,OK,200,Ship schedule found.
5511,349,Ambarita,Ajibata,Sumatera Utara,Pejalan Kaki,9,Bayi Ekonomi,BAYI,2026-08-21,07:30,2627160930380753203,50,7000.0,7000.0,IDR,OK,200,Ship schedule found.
5513,200,Sape,Labuan Bajo,Nusa Tenggara Timur,Kendaraan,11,Golongan I,GOL I,2026-08-21,,,,,,IDR,SCHEDULE_DATA_NOT_FOUND,0,Gateway returned no schedule data for route
5513,200,Sape,Labuan Bajo,Nusa Tenggara Timur,Kendaraan,12,Golongan II ,GOL II,2026-08-21,,,,,,IDR,SCHEDULE_DATA_NOT_FOUND,0,Gateway returned no schedule data for route
5513,200,Sape,Labuan Bajo,Nusa Tenggara Timur,Kendaraan,13,Golongan III,GOL III,2026-08-21,,,,,,IDR,SCHEDULE_DATA_NOT_FOUND,0,Gateway returned no schedule data for route
5513,200,Sape,Labuan Bajo,Nusa Tenggara Timur,Kendaraan,14,Golongan IV - Penumpang,GOL IV A,2026-08-21,,,,,,IDR,SCHEDULE_DATA_NOT_FOUND,0,Gateway returned no schedule data for route
5513,200,Sape,Labuan Bajo,Nusa Tenggara Timur,Kendaraan,15,Golongan IV - Barang,GOL IV B,2026-08-21,,,,,,IDR,SCHEDULE_DATA_NOT_FOUND,0,Gateway returned no schedule data for route
5513,200,Sape,Labuan Bajo,Nusa Tenggara Timur,Kendaraan,16,Golongan V - Penumpang,GOL V A,2026-08-21,,,,,,IDR,SCHEDULE_DATA_NOT_FOUND,0,Gateway returned no schedule data for route
5513,200,Sape,Labuan Bajo,Nusa Tenggara Timur,Kendaraan,17,Golongan V - Barang,GOL V B,2026-08-21,,,,,,IDR,SCHEDULE_DATA_NOT_FOUND,0,Gateway returned no schedule data for route
5513,200,Sape,Labuan Bajo,Nusa Tenggara Timur,Kendaraan,18,Golongan VI - Penumpang,GOL VI A,2026-08-21,,,,,,IDR,SCHEDULE_DATA_NOT_FOUND,0,Gateway returned no schedule data for route
5513,200,Sape,Labuan Bajo,Nusa Tenggara Timur,Kendaraan,19,Golongan VI - Barang,GOL VI B,2026-08-21,,,,,,IDR,SCHEDULE_DATA_NOT_FOUND,0,Gateway returned no schedule data for route
5513,200,Sape,Labuan Bajo,Nusa Tenggara Timur,Kendaraan,20,Golongan VII,GOL VII,2026-08-21,,,,,,IDR,SCHEDULE_DATA_NOT_FOUND,0,Gateway returned no schedule data for route
5513,200,Sape,Labuan Bajo,Nusa Tenggara Timur,Kendaraan,21,Golongan VIII,GOL VIII,2026-08-21,,,,,,IDR,SCHEDULE_DATA_NOT_FOUND,0,Gateway returned no schedule data for route
5513,200,Sape,Labuan Bajo,Nusa Tenggara Timur,Kendaraan,22,Golongan IX,GOL IX,2026-08-21,,,,,,IDR,SCHEDULE_DATA_NOT_FOUND,0,Gateway returned no schedule data for route
5513,200,Sape,Labuan Bajo,Nusa Tenggara Timur,Pejalan Kaki,504,Bayi Bisnis,BAYI,2026-08-21,,,,,,IDR,SCHEDULE_DATA_NOT_FOUND,0,Gateway returned no schedule data for route
5513,200,Sape,Labuan Bajo,Nusa Tenggara Timur,Pejalan Kaki,7,Dewasa Ekonomi,DEWASA,2026-08-21,,,,,,IDR,SCHEDULE_DATA_NOT_FOUND,0,Gateway returned no schedule data for route
5513,200,Sape,Labuan Bajo,Nusa Tenggara Timur,Pejalan Kaki,9,Bayi Ekonomi,BAYI,2026-08-21,,,,,,IDR,SCHEDULE_DATA_NOT_FOUND,0,Gateway returned no schedule data for route
5514,199,Labuan Bajo,Sape,Nusa Tenggara Barat,Kendaraan,11,Golongan I,GOL I,2026-08-21,,,,,,IDR,SCHEDULE_DATA_NOT_FOUND,0,Gateway returned no schedule data for route
5514,199,Labuan Bajo,Sape,Nusa Tenggara Barat,Kendaraan,12,Golongan II ,GOL II,2026-08-21,,,,,,IDR,SCHEDULE_DATA_NOT_FOUND,0,Gateway returned no schedule data for route
5514,199,Labuan Bajo,Sape,Nusa Tenggara Barat,Kendaraan,13,Golongan III,GOL III,2026-08-21,,,,,,IDR,SCHEDULE_DATA_NOT_FOUND,0,Gateway returned no schedule data for route
5514,199,Labuan Bajo,Sape,Nusa Tenggara Barat,Kendaraan,14,Golongan IV - Penumpang,GOL IV A,2026-08-21,,,,,,IDR,SCHEDULE_DATA_NOT_FOUND,0,Gateway returned no schedule data for route
5514,199,Labuan Bajo,Sape,Nusa Tenggara Barat,Kendaraan,15,Golongan IV - Barang,GOL IV B,2026-08-21,,,,,,IDR,SCHEDULE_DATA_NOT_FOUND,0,Gateway returned no schedule data for route
5514,199,Labuan Bajo,Sape,Nusa Tenggara Barat,Kendaraan,16,Golongan V - Penumpang,GOL V A,2026-08-21,,,,,,IDR,SCHEDULE_DATA_NOT_FOUND,0,Gateway returned no schedule data for route
5514,199,Labuan Bajo,Sape,Nusa Tenggara Barat,Kendaraan,17,Golongan V - Barang,GOL V B,2026-08-21,,,,,,IDR,SCHEDULE_DATA_NOT_FOUND,0,Gateway returned no schedule data for route
5514,199,Labuan Bajo,Sape,Nusa Tenggara Barat,Kendaraan,18,Golongan VI - Penumpang,GOL VI A,2026-08-21,,,,,,IDR,SCHEDULE_DATA_NOT_FOUND,0,Gateway returned no schedule data for route
5514,199,Labuan Bajo,Sape,Nusa Tenggara Barat,Kendaraan,19,Golongan VI - Barang,GOL VI B,2026-08-21,,,,,,IDR,SCHEDULE_DATA_NOT_FOUND,0,Gateway returned no schedule data for route
5514,199,Labuan Bajo,Sape,Nusa Tenggara Barat,Kendaraan,20,Golongan VII,GOL VII,2026-08-21,,,,,,IDR,SCHEDULE_DATA_NOT_FOUND,0,Gateway returned no schedule data for route
5514,199,Labuan Bajo,Sape,Nusa Tenggara Barat,Kendaraan,21,Golongan VIII,GOL VIII,2026-08-21,,,,,,IDR,SCHEDULE_DATA_NOT_FOUND,0,Gateway returned no schedule data for route
5514,199,Labuan Bajo,Sape,Nusa Tenggara Barat,Kendaraan,22,Golongan IX,GOL IX,2026-08-21,,,,,,IDR,SCHEDULE_DATA_NOT_FOUND,0,Gateway returned no schedule data for route
5514,199,Labuan Bajo,Sape,Nusa Tenggara Barat,Pejalan Kaki,7,Dewasa Ekonomi,DEWASA,2026-08-21,,,,,,IDR,SCHEDULE_DATA_NOT_FOUND,0,Gateway returned no schedule data for route
5514,199,Labuan Bajo,Sape,Nusa Tenggara Barat,Pejalan Kaki,9,Bayi Ekonomi,BAYI,2026-08-21,,,,,,IDR,SCHEDULE_DATA_NOT_FOUND,0,Gateway returned no schedule data for route
5515,26,Tanjung Uban,Matak,Kepulauan Riau,Kendaraan,11,Golongan I,GOL I,2026-08-21,,,,,,IDR,SCHEDULE_DATA_NOT_FOUND,0,Gateway returned no schedule data for route
5515,26,Tanjung Uban,Matak,Kepulauan Riau,Kendaraan,12,Golongan II ,GOL II,2026-08-21,,,,,,IDR,SCHEDULE_DATA_NOT_FOUND,0,Gateway returned no schedule data for route
5515,26,Tanjung Uban,Matak,Kepulauan Riau,Kendaraan,13,Golongan III,GOL III,2026-08-21,,,,,,IDR,SCHEDULE_DATA_NOT_FOUND,0,Gateway returned no schedule data for route
5515,26,Tanjung Uban,Matak,Kepulauan Riau,Kendaraan,14,Golongan IV - Penumpang,GOL IV A,2026-08-21,,,,,,IDR,SCHEDULE_DATA_NOT_FOUND,0,Gateway returned no schedule data for route
5515,26,Tanjung Uban,Matak,Kepulauan Riau,Kendaraan,15,Golongan IV - Barang,GOL IV B,2026-08-21,,,,,,IDR,SCHEDULE_DATA_NOT_FOUND,0,Gateway returned no schedule data for route
5515,26,Tanjung Uban,Matak,Kepulauan Riau,Kendaraan,16,Golongan V - Penumpang,GOL V A,2026-08-21,,,,,,IDR,SCHEDULE_DATA_NOT_FOUND,0,Gateway returned no schedule data for route
5515,26,Tanjung Uban,Matak,Kepulauan Riau,Kendaraan,17,Golongan V - Barang,GOL V B,2026-08-21,,,,,,IDR,SCHEDULE_DATA_NOT_FOUND,0,Gateway returned no schedule data for route
5515,26,Tanjung Uban,Matak,Kepulauan Riau,Kendaraan,18,Golongan VI - Penumpang,GOL VI A,2026-08-21,,,,,,IDR,SCHEDULE_DATA_NOT_FOUND,0,Gateway returned no schedule data for route
5515,26,Tanjung Uban,Matak,Kepulauan Riau,Kendaraan,19,Golongan VI - Barang,GOL VI B,2026-08-21,,,,,,IDR,SCHEDULE_DATA_NOT_FOUND,0,Gateway returned no schedule data for route
5515,26,Tanjung Uban,Matak,Kepulauan Riau,Kendaraan,20,Golongan VII,GOL VII,2026-08-21,,,,,,IDR,SCHEDULE_DATA_NOT_FOUND,0,Gateway returned no schedule data for route
5515,26,Tanjung Uban,Matak,Kepulauan Riau,Kendaraan,21,Golongan VIII,GOL VIII,2026-08-21,,,,,,IDR,SCHEDULE_DATA_NOT_FOUND,0,Gateway returned no schedule data for route
5515,26,Tanjung Uban,Matak,Kepulauan Riau,Kendaraan,22,Golongan IX,GOL IX,2026-08-21,,,,,,IDR,SCHEDULE_DATA_NOT_FOUND,0,Gateway returned no schedule data for route
5515,26,Tanjung Uban,Matak,Kepulauan Riau,Pejalan Kaki,7,Dewasa Ekonomi,DEWASA,2026-08-21,,,,,,IDR,SCHEDULE_DATA_NOT_FOUND,0,Gateway returned no schedule data for route
5515,26,Tanjung Uban,Matak,Kepulauan Riau,Pejalan Kaki,9,Bayi Ekonomi,BAYI,2026-08-21,,,,,,IDR,SCHEDULE_DATA_NOT_FOUND,0,Gateway returned no schedule data for route
5516,26,Tanjung Uban,Tambelan,Kepulauan Riau,Kendaraan,11,Golongan I,GOL I,2026-08-21,,,,,,IDR,NO_SCHEDULE_FOR_DATE,0,No departure slots found for date 2026-08-21 (1 total across other dates)
5516,26,Tanjung Uban,Tambelan,Kepulauan Riau,Kendaraan,12,Golongan II ,GOL II,2026-08-21,,,,,,IDR,NO_SCHEDULE_FOR_DATE,0,No departure slots found for date 2026-08-21 (1 total across other dates)
5516,26,Tanjung Uban,Tambelan,Kepulauan Riau,Kendaraan,13,Golongan III,GOL III,2026-08-21,,,,,,IDR,NO_SCHEDULE_FOR_DATE,0,No departure slots found for date 2026-08-21 (1 total across other dates)
5516,26,Tanjung Uban,Tambelan,Kepulauan Riau,Kendaraan,14,Golongan IV - Penumpang,GOL IV A,2026-08-21,,,,,,IDR,NO_SCHEDULE_FOR_DATE,0,No departure slots found for date 2026-08-21 (1 total across other dates)
5516,26,Tanjung Uban,Tambelan,Kepulauan Riau,Kendaraan,15,Golongan IV - Barang,GOL IV B,2026-08-21,,,,,,IDR,NO_SCHEDULE_FOR_DATE,0,No departure slots found for date 2026-08-21 (1 total across other dates)
5516,26,Tanjung Uban,Tambelan,Kepulauan Riau,Kendaraan,16,Golongan V - Penumpang,GOL V A,2026-08-21,,,,,,IDR,NO_SCHEDULE_FOR_DATE,0,No departure slots found for date 2026-08-21 (1 total across other dates)
5516,26,Tanjung Uban,Tambelan,Kepulauan Riau,Kendaraan,17,Golongan V - Barang,GOL V B,2026-08-21,,,,,,IDR,NO_SCHEDULE_FOR_DATE,0,No departure slots found for date 2026-08-21 (1 total across other dates)
5516,26,Tanjung Uban,Tambelan,Kepulauan Riau,Kendaraan,18,Golongan VI - Penumpang,GOL VI A,2026-08-21,,,,,,IDR,NO_SCHEDULE_FOR_DATE,0,No departure slots found for date 2026-08-21 (1 total across other dates)
5516,26,Tanjung Uban,Tambelan,Kepulauan Riau,Kendaraan,19,Golongan VI - Barang,GOL VI B,2026-08-21,,,,,,IDR,NO_SCHEDULE_FOR_DATE,0,No departure slots found for date 2026-08-21 (1 total across other dates)
5516,26,Tanjung Uban,Tambelan,Kepulauan Riau,Kendaraan,20,Golongan VII,GOL VII,2026-08-21,,,,,,IDR,NO_SCHEDULE_FOR_DATE,0,No departure slots found for date 2026-08-21 (1 total across other dates)
5516,26,Tanjung Uban,Tambelan,Kepulauan Riau,Kendaraan,21,Golongan VIII,GOL VIII,2026-08-21,,,,,,IDR,NO_SCHEDULE_FOR_DATE,0,No departure slots found for date 2026-08-21 (1 total across other dates)
5516,26,Tanjung Uban,Tambelan,Kepulauan Riau,Kendaraan,22,Golongan IX,GOL IX,2026-08-21,,,,,,IDR,NO_SCHEDULE_FOR_DATE,0,No departure slots found for date 2026-08-21 (1 total across other dates)
5516,26,Tanjung Uban,Tambelan,Kepulauan Riau,Pejalan Kaki,7,Dewasa Ekonomi,DEWASA,2026-08-21,,,,,,IDR,NO_SCHEDULE_FOR_DATE,0,No departure slots found for date 2026-08-21 (1 total across other dates)
5516,26,Tanjung Uban,Tambelan,Kepulauan Riau,Pejalan Kaki,9,Bayi Ekonomi,BAYI,2026-08-21,,,,,,IDR,NO_SCHEDULE_FOR_DATE,0,No departure slots found for date 2026-08-21 (1 total across other dates)
5641002,564,Jangkar,Kalianget,Jawa Timur,Kendaraan,11,Golongan I,GOL I,2026-08-21,08:00,2627160930380754188,0,13600.0,13600.0,IDR,OK,200,Ship schedule found.
5641002,564,Jangkar,Kalianget,Jawa Timur,Kendaraan,12,Golongan II ,GOL II,2026-08-21,08:00,2627160930380754188,0,81000.0,81000.0,IDR,OK,200,Ship schedule found.
5641002,564,Jangkar,Kalianget,Jawa Timur,Kendaraan,13,Golongan III,GOL III,2026-08-21,08:00,2627160930380754188,0,77800.0,77800.0,IDR,OK,200,Ship schedule found.
5641002,564,Jangkar,Kalianget,Jawa Timur,Kendaraan,14,Golongan IV - Penumpang,GOL IV A,2026-08-21,08:00,2627160930380754188,0,522200.0,522200.0,IDR,OK,200,Ship schedule found.
5641002,564,Jangkar,Kalianget,Jawa Timur,Kendaraan,15,Golongan IV - Barang,GOL IV B,2026-08-21,08:00,2627160930380754188,0,480811.0,480811.0,IDR,OK,200,Ship schedule found.
5641002,564,Jangkar,Kalianget,Jawa Timur,Kendaraan,16,Golongan V - Penumpang,GOL V A,2026-08-21,08:00,2627160930380754188,0,673345.0,673345.0,IDR,OK,200,Ship schedule found.
5641002,564,Jangkar,Kalianget,Jawa Timur,Kendaraan,17,Golongan V - Barang,GOL V B,2026-08-21,08:00,2627160930380754188,0,594929.0,594929.0,IDR,OK,200,Ship schedule found.
5641002,564,Jangkar,Kalianget,Jawa Timur,Kendaraan,18,Golongan VI - Penumpang,GOL VI A,2026-08-21,08:00,2627160930380754188,0,813205.0,813205.0,IDR,OK,200,Ship schedule found.
5641002,564,Jangkar,Kalianget,Jawa Timur,Kendaraan,19,Golongan VI - Barang,GOL VI B,2026-08-21,08:00,2627160930380754188,0,784573.0,784573.0,IDR,OK,200,Ship schedule found.
5641002,564,Jangkar,Kalianget,Jawa Timur,Kendaraan,20,Golongan VII,GOL VII,2026-08-21,08:00,2627160930380754188,0,1295748.0,1295748.0,IDR,OK,200,Ship schedule found.
5641002,564,Jangkar,Kalianget,Jawa Timur,Kendaraan,21,Golongan VIII,GOL VIII,2026-08-21,08:00,2627160930380754188,0,1427430.0,1427430.0,IDR,OK,200,Ship schedule found.
5641002,564,Jangkar,Kalianget,Jawa Timur,Kendaraan,22,Golongan IX,GOL IX,2026-08-21,08:00,2627160930380754188,0,1732510.0,1732510.0,IDR,OK,200,Ship schedule found.
5641002,564,Jangkar,Kalianget,Jawa Timur,Pejalan Kaki,7,Dewasa Ekonomi,DEWASA,2026-08-21,08:00,2627160930380754188,0,61500.0,61500.0,IDR,OK,200,Ship schedule found.
5641002,564,Jangkar,Kalianget,Jawa Timur,Pejalan Kaki,9,Bayi Ekonomi,BAYI,2026-08-21,08:00,2627160930380754188,0,6000.0,6000.0,IDR,OK,200,Ship schedule found.
5641003,564,Jangkar,Kangean,Jawa Timur,Kendaraan,11,Golongan I,GOL I,2026-08-21,,,,,,IDR,SCHEDULE_DATA_NOT_FOUND,0,Gateway returned no schedule data for route
5641003,564,Jangkar,Kangean,Jawa Timur,Kendaraan,12,Golongan II ,GOL II,2026-08-21,,,,,,IDR,SCHEDULE_DATA_NOT_FOUND,0,Gateway returned no schedule data for route
5641003,564,Jangkar,Kangean,Jawa Timur,Kendaraan,13,Golongan III,GOL III,2026-08-21,,,,,,IDR,SCHEDULE_DATA_NOT_FOUND,0,Gateway returned no schedule data for route
5641003,564,Jangkar,Kangean,Jawa Timur,Kendaraan,14,Golongan IV - Penumpang,GOL IV A,2026-08-21,,,,,,IDR,SCHEDULE_DATA_NOT_FOUND,0,Gateway returned no schedule data for route
5641003,564,Jangkar,Kangean,Jawa Timur,Kendaraan,15,Golongan IV - Barang,GOL IV B,2026-08-21,,,,,,IDR,SCHEDULE_DATA_NOT_FOUND,0,Gateway returned no schedule data for route
5641003,564,Jangkar,Kangean,Jawa Timur,Kendaraan,16,Golongan V - Penumpang,GOL V A,2026-08-21,,,,,,IDR,SCHEDULE_DATA_NOT_FOUND,0,Gateway returned no schedule data for route
5641003,564,Jangkar,Kangean,Jawa Timur,Kendaraan,17,Golongan V - Barang,GOL V B,2026-08-21,,,,,,IDR,SCHEDULE_DATA_NOT_FOUND,0,Gateway returned no schedule data for route
5641003,564,Jangkar,Kangean,Jawa Timur,Kendaraan,18,Golongan VI - Penumpang,GOL VI A,2026-08-21,,,,,,IDR,SCHEDULE_DATA_NOT_FOUND,0,Gateway returned no schedule data for route
5641003,564,Jangkar,Kangean,Jawa Timur,Kendaraan,19,Golongan VI - Barang,GOL VI B,2026-08-21,,,,,,IDR,SCHEDULE_DATA_NOT_FOUND,0,Gateway returned no schedule data for route
5641003,564,Jangkar,Kangean,Jawa Timur,Kendaraan,20,Golongan VII,GOL VII,2026-08-21,,,,,,IDR,SCHEDULE_DATA_NOT_FOUND,0,Gateway returned no schedule data for route
5641003,564,Jangkar,Kangean,Jawa Timur,Kendaraan,21,Golongan VIII,GOL VIII,2026-08-21,,,,,,IDR,SCHEDULE_DATA_NOT_FOUND,0,Gateway returned no schedule data for route
5641003,564,Jangkar,Kangean,Jawa Timur,Kendaraan,22,Golongan IX,GOL IX,2026-08-21,,,,,,IDR,SCHEDULE_DATA_NOT_FOUND,0,Gateway returned no schedule data for route
5641003,564,Jangkar,Kangean,Jawa Timur,Pejalan Kaki,5,Dewasa Bisnis I,DEWASA,2026-08-21,,,,,,IDR,SCHEDULE_DATA_NOT_FOUND,0,Gateway returned no schedule data for route
5641003,564,Jangkar,Kangean,Jawa Timur,Pejalan Kaki,504,Bayi Bisnis,BAYI,2026-08-21,,,,,,IDR,SCHEDULE_DATA_NOT_FOUND,0,Gateway returned no schedule data for route
5641003,564,Jangkar,Kangean,Jawa Timur,Pejalan Kaki,7,Dewasa Ekonomi,DEWASA,2026-08-21,,,,,,IDR,SCHEDULE_DATA_NOT_FOUND,0,Gateway returned no schedule data for route
5641003,564,Jangkar,Kangean,Jawa Timur,Pejalan Kaki,9,Bayi Ekonomi,BAYI,2026-08-21,,,,,,IDR,SCHEDULE_DATA_NOT_FOUND,0,Gateway returned no schedule data for route
5641004,564,Jangkar,Sapudi,Jawa Timur,Kendaraan,11,Golongan I,GOL I,2026-08-21,08:00,2627160930380754187,0,14600.0,14600.0,IDR,OK,200,Ship schedule found.
5641004,564,Jangkar,Sapudi,Jawa Timur,Kendaraan,12,Golongan II ,GOL II,2026-08-21,08:00,2627160930380754187,30,73000.0,73000.0,IDR,OK,200,Ship schedule found.
5641004,564,Jangkar,Sapudi,Jawa Timur,Kendaraan,13,Golongan III,GOL III,2026-08-21,08:00,2627160930380754187,0,161300.0,161300.0,IDR,OK,200,Ship schedule found.
5641004,564,Jangkar,Sapudi,Jawa Timur,Kendaraan,14,Golongan IV - Penumpang,GOL IV A,2026-08-21,08:00,2627160930380754187,0,449200.0,449200.0,IDR,OK,200,Ship schedule found.
5641004,564,Jangkar,Sapudi,Jawa Timur,Kendaraan,15,Golongan IV - Barang,GOL IV B,2026-08-21,08:00,2627160930380754187,7,436500.0,436500.0,IDR,OK,200,Ship schedule found.
5641004,564,Jangkar,Sapudi,Jawa Timur,Kendaraan,16,Golongan V - Penumpang,GOL V A,2026-08-21,08:00,2627160930380754187,0,519100.0,519100.0,IDR,OK,200,Ship schedule found.
5641004,564,Jangkar,Sapudi,Jawa Timur,Kendaraan,17,Golongan V - Barang,GOL V B,2026-08-21,08:00,2627160930380754187,0,517728.0,517728.0,IDR,OK,200,Ship schedule found.
5641004,564,Jangkar,Sapudi,Jawa Timur,Kendaraan,18,Golongan VI - Penumpang,GOL VI A,2026-08-21,08:00,2627160930380754187,0,610700.0,610700.0,IDR,OK,200,Ship schedule found.
5641004,564,Jangkar,Sapudi,Jawa Timur,Kendaraan,19,Golongan VI - Barang,GOL VI B,2026-08-21,08:00,2627160930380754187,0,596963.0,596963.0,IDR,OK,200,Ship schedule found.
5641004,564,Jangkar,Sapudi,Jawa Timur,Kendaraan,20,Golongan VII,GOL VII,2026-08-21,08:00,2627160930380754187,0,994677.0,994677.0,IDR,OK,200,Ship schedule found.
5641004,564,Jangkar,Sapudi,Jawa Timur,Kendaraan,21,Golongan VIII,GOL VIII,2026-08-21,08:00,2627160930380754187,0,1142440.0,1142440.0,IDR,OK,200,Ship schedule found.
5641004,564,Jangkar,Sapudi,Jawa Timur,Kendaraan,22,Golongan IX,GOL IX,2026-08-21,08:00,2627160930380754187,0,1366610.0,1366610.0,IDR,OK,200,Ship schedule found.
5641004,564,Jangkar,Sapudi,Jawa Timur,Pejalan Kaki,7,Dewasa Ekonomi,DEWASA,2026-08-21,08:00,2627160930380754187,114,52500.0,52500.0,IDR,OK,200,Ship schedule found.
5641004,564,Jangkar,Sapudi,Jawa Timur,Pejalan Kaki,9,Bayi Ekonomi,BAYI,2026-08-21,08:00,2627160930380754187,15,5000.0,5000.0,IDR,OK,200,Ship schedule found.
5641005,564,Jangkar,Raas,Jawa Timur,Kendaraan,11,Golongan I,GOL I,2026-08-21,,,,,,IDR,SCHEDULE_DATA_NOT_FOUND,0,Gateway returned no schedule data for route
5641005,564,Jangkar,Raas,Jawa Timur,Kendaraan,12,Golongan II ,GOL II,2026-08-21,,,,,,IDR,SCHEDULE_DATA_NOT_FOUND,0,Gateway returned no schedule data for route
5641005,564,Jangkar,Raas,Jawa Timur,Kendaraan,13,Golongan III,GOL III,2026-08-21,,,,,,IDR,SCHEDULE_DATA_NOT_FOUND,0,Gateway returned no schedule data for route
5641005,564,Jangkar,Raas,Jawa Timur,Kendaraan,14,Golongan IV - Penumpang,GOL IV A,2026-08-21,,,,,,IDR,SCHEDULE_DATA_NOT_FOUND,0,Gateway returned no schedule data for route
5641005,564,Jangkar,Raas,Jawa Timur,Kendaraan,15,Golongan IV - Barang,GOL IV B,2026-08-21,,,,,,IDR,SCHEDULE_DATA_NOT_FOUND,0,Gateway returned no schedule data for route
5641005,564,Jangkar,Raas,Jawa Timur,Kendaraan,16,Golongan V - Penumpang,GOL V A,2026-08-21,,,,,,IDR,SCHEDULE_DATA_NOT_FOUND,0,Gateway returned no schedule data for route
5641005,564,Jangkar,Raas,Jawa Timur,Kendaraan,17,Golongan V - Barang,GOL V B,2026-08-21,,,,,,IDR,SCHEDULE_DATA_NOT_FOUND,0,Gateway returned no schedule data for route
5641005,564,Jangkar,Raas,Jawa Timur,Kendaraan,18,Golongan VI - Penumpang,GOL VI A,2026-08-21,,,,,,IDR,SCHEDULE_DATA_NOT_FOUND,0,Gateway returned no schedule data for route
5641005,564,Jangkar,Raas,Jawa Timur,Kendaraan,19,Golongan VI - Barang,GOL VI B,2026-08-21,,,,,,IDR,SCHEDULE_DATA_NOT_FOUND,0,Gateway returned no schedule data for route
5641005,564,Jangkar,Raas,Jawa Timur,Kendaraan,20,Golongan VII,GOL VII,2026-08-21,,,,,,IDR,SCHEDULE_DATA_NOT_FOUND,0,Gateway returned no schedule data for route
5641005,564,Jangkar,Raas,Jawa Timur,Kendaraan,21,Golongan VIII,GOL VIII,2026-08-21,,,,,,IDR,SCHEDULE_DATA_NOT_FOUND,0,Gateway returned no schedule data for route
5641005,564,Jangkar,Raas,Jawa Timur,Kendaraan,22,Golongan IX,GOL IX,2026-08-21,,,,,,IDR,SCHEDULE_DATA_NOT_FOUND,0,Gateway returned no schedule data for route
5641005,564,Jangkar,Raas,Jawa Timur,Pejalan Kaki,7,Dewasa Ekonomi,DEWASA,2026-08-21,,,,,,IDR,SCHEDULE_DATA_NOT_FOUND,0,Gateway returned no schedule data for route
5641005,564,Jangkar,Raas,Jawa Timur,Pejalan Kaki,9,Bayi Ekonomi,BAYI,2026-08-21,,,,,,IDR,SCHEDULE_DATA_NOT_FOUND,0,Gateway returned no schedule data for route
564565,564,Jangkar,Lembar,Nusa Tenggara Barat,Kendaraan,11,Golongan I,GOL I,2026-08-21,,,,,,IDR,NO_SCHEDULE_FOR_DATE,0,No departure slots found for date 2026-08-21 (1 total across other dates)
564565,564,Jangkar,Lembar,Nusa Tenggara Barat,Kendaraan,12,Golongan II ,GOL II,2026-08-21,,,,,,IDR,NO_SCHEDULE_FOR_DATE,0,No departure slots found for date 2026-08-21 (1 total across other dates)
564565,564,Jangkar,Lembar,Nusa Tenggara Barat,Kendaraan,13,Golongan III,GOL III,2026-08-21,,,,,,IDR,NO_SCHEDULE_FOR_DATE,0,No departure slots found for date 2026-08-21 (1 total across other dates)
564565,564,Jangkar,Lembar,Nusa Tenggara Barat,Kendaraan,14,Golongan IV - Penumpang,GOL IV A,2026-08-21,,,,,,IDR,NO_SCHEDULE_FOR_DATE,0,No departure slots found for date 2026-08-21 (1 total across other dates)
564565,564,Jangkar,Lembar,Nusa Tenggara Barat,Kendaraan,15,Golongan IV - Barang,GOL IV B,2026-08-21,,,,,,IDR,NO_SCHEDULE_FOR_DATE,0,No departure slots found for date 2026-08-21 (1 total across other dates)
564565,564,Jangkar,Lembar,Nusa Tenggara Barat,Kendaraan,16,Golongan V - Penumpang,GOL V A,2026-08-21,,,,,,IDR,NO_SCHEDULE_FOR_DATE,0,No departure slots found for date 2026-08-21 (1 total across other dates)
564565,564,Jangkar,Lembar,Nusa Tenggara Barat,Kendaraan,17,Golongan V - Barang,GOL V B,2026-08-21,,,,,,IDR,NO_SCHEDULE_FOR_DATE,0,No departure slots found for date 2026-08-21 (1 total across other dates)
564565,564,Jangkar,Lembar,Nusa Tenggara Barat,Kendaraan,18,Golongan VI - Penumpang,GOL VI A,2026-08-21,,,,,,IDR,NO_SCHEDULE_FOR_DATE,0,No departure slots found for date 2026-08-21 (1 total across other dates)
564565,564,Jangkar,Lembar,Nusa Tenggara Barat,Kendaraan,19,Golongan VI - Barang,GOL VI B,2026-08-21,,,,,,IDR,NO_SCHEDULE_FOR_DATE,0,No departure slots found for date 2026-08-21 (1 total across other dates)
564565,564,Jangkar,Lembar,Nusa Tenggara Barat,Kendaraan,20,Golongan VII,GOL VII,2026-08-21,,,,,,IDR,NO_SCHEDULE_FOR_DATE,0,No departure slots found for date 2026-08-21 (1 total across other dates)
564565,564,Jangkar,Lembar,Nusa Tenggara Barat,Kendaraan,21,Golongan VIII,GOL VIII,2026-08-21,,,,,,IDR,NO_SCHEDULE_FOR_DATE,0,No departure slots found for date 2026-08-21 (1 total across other dates)
564565,564,Jangkar,Lembar,Nusa Tenggara Barat,Kendaraan,22,Golongan IX,GOL IX,2026-08-21,,,,,,IDR,NO_SCHEDULE_FOR_DATE,0,No departure slots found for date 2026-08-21 (1 total across other dates)
564565,564,Jangkar,Lembar,Nusa Tenggara Barat,Pejalan Kaki,7,Dewasa Ekonomi,DEWASA,2026-08-21,,,,,,IDR,NO_SCHEDULE_FOR_DATE,0,No departure slots found for date 2026-08-21 (1 total across other dates)
564565,564,Jangkar,Lembar,Nusa Tenggara Barat,Pejalan Kaki,9,Bayi Ekonomi,BAYI,2026-08-21,,,,,,IDR,NO_SCHEDULE_FOR_DATE,0,No departure slots found for date 2026-08-21 (1 total across other dates)
569570,569,Tanjung Api Api,Tanjung Kalian,Bangka Belitung,Kendaraan,11,Golongan I,GOL I,2026-08-21,07:00,2627160930380748608,15,74500.0,74500.0,IDR,OK,200,Ship schedule found.
569570,569,Tanjung Api Api,Tanjung Kalian,Bangka Belitung,Kendaraan,12,Golongan II ,GOL II,2026-08-21,07:00,2627160930380748608,14,138000.0,138000.0,IDR,OK,200,Ship schedule found.
569570,569,Tanjung Api Api,Tanjung Kalian,Bangka Belitung,Kendaraan,13,Golongan III,GOL III,2026-08-21,07:00,2627160930380748608,15,231600.0,231600.0,IDR,OK,200,Ship schedule found.
569570,569,Tanjung Api Api,Tanjung Kalian,Bangka Belitung,Kendaraan,14,Golongan IV - Penumpang,GOL IV A,2026-08-21,07:00,2627160930380748608,14,1051200.0,1051200.0,IDR,OK,200,Ship schedule found.
569570,569,Tanjung Api Api,Tanjung Kalian,Bangka Belitung,Kendaraan,15,Golongan IV - Barang,GOL IV B,2026-08-21,07:00,2627160930380748608,12,912221.0,912221.0,IDR,OK,200,Ship schedule found.
569570,569,Tanjung Api Api,Tanjung Kalian,Bangka Belitung,Kendaraan,16,Golongan V - Penumpang,GOL V A,2026-08-21,07:00,2627160930380748608,2,1864200.0,1864200.0,IDR,OK,200,Ship schedule found.
569570,569,Tanjung Api Api,Tanjung Kalian,Bangka Belitung,Kendaraan,17,Golongan V - Barang,GOL V B,2026-08-21,07:00,2627160930380748608,12,1700200.0,1700200.0,IDR,OK,200,Ship schedule found.
569570,569,Tanjung Api Api,Tanjung Kalian,Bangka Belitung,Kendaraan,18,Golongan VI - Penumpang,GOL VI A,2026-08-21,07:00,2627160930380748608,2,3045500.0,3045500.0,IDR,OK,200,Ship schedule found.
569570,569,Tanjung Api Api,Tanjung Kalian,Bangka Belitung,Kendaraan,19,Golongan VI - Barang,GOL VI B,2026-08-21,07:00,2627160930380748608,2,2599200.0,2599200.0,IDR,OK,200,Ship schedule found.
569570,569,Tanjung Api Api,Tanjung Kalian,Bangka Belitung,Kendaraan,20,Golongan VII,GOL VII,2026-08-21,07:00,2627160930380748608,2,3093500.0,3093500.0,IDR,OK,200,Ship schedule found.
569570,569,Tanjung Api Api,Tanjung Kalian,Bangka Belitung,Kendaraan,21,Golongan VIII,GOL VIII,2026-08-21,07:00,2627160930380748608,2,4454800.0,4454800.0,IDR,OK,200,Ship schedule found.
569570,569,Tanjung Api Api,Tanjung Kalian,Bangka Belitung,Kendaraan,22,Golongan IX,GOL IX,2026-08-21,07:00,2627160930380748608,0,6125000.0,6125000.0,IDR,OK,200,Ship schedule found.
569570,569,Tanjung Api Api,Tanjung Kalian,Bangka Belitung,Pejalan Kaki,7,Dewasa Ekonomi,DEWASA,2026-08-21,07:00,2627160930380748608,173,58100.0,58100.0,IDR,OK,200,Ship schedule found.
569570,569,Tanjung Api Api,Tanjung Kalian,Bangka Belitung,Pejalan Kaki,9,Bayi Ekonomi,BAYI,2026-08-21,07:00,2627160930380748608,15,7400.0,7400.0,IDR,OK,200,Ship schedule found.
58,106,Bastiong,Babang,Maluku Utara,Kendaraan,11,Golongan I,GOL I,2026-08-21,,,,,,IDR,SCHEDULE_DATA_NOT_FOUND,0,Gateway returned no schedule data for route
58,106,Bastiong,Babang,Maluku Utara,Kendaraan,12,Golongan II ,GOL II,2026-08-21,,,,,,IDR,SCHEDULE_DATA_NOT_FOUND,0,Gateway returned no schedule data for route
58,106,Bastiong,Babang,Maluku Utara,Kendaraan,13,Golongan III,GOL III,2026-08-21,,,,,,IDR,SCHEDULE_DATA_NOT_FOUND,0,Gateway returned no schedule data for route
58,106,Bastiong,Babang,Maluku Utara,Kendaraan,14,Golongan IV - Penumpang,GOL IV A,2026-08-21,,,,,,IDR,SCHEDULE_DATA_NOT_FOUND,0,Gateway returned no schedule data for route
58,106,Bastiong,Babang,Maluku Utara,Kendaraan,15,Golongan IV - Barang,GOL IV B,2026-08-21,,,,,,IDR,SCHEDULE_DATA_NOT_FOUND,0,Gateway returned no schedule data for route
58,106,Bastiong,Babang,Maluku Utara,Kendaraan,16,Golongan V - Penumpang,GOL V A,2026-08-21,,,,,,IDR,SCHEDULE_DATA_NOT_FOUND,0,Gateway returned no schedule data for route
58,106,Bastiong,Babang,Maluku Utara,Kendaraan,17,Golongan V - Barang,GOL V B,2026-08-21,,,,,,IDR,SCHEDULE_DATA_NOT_FOUND,0,Gateway returned no schedule data for route
58,106,Bastiong,Babang,Maluku Utara,Kendaraan,18,Golongan VI - Penumpang,GOL VI A,2026-08-21,,,,,,IDR,SCHEDULE_DATA_NOT_FOUND,0,Gateway returned no schedule data for route
58,106,Bastiong,Babang,Maluku Utara,Kendaraan,19,Golongan VI - Barang,GOL VI B,2026-08-21,,,,,,IDR,SCHEDULE_DATA_NOT_FOUND,0,Gateway returned no schedule data for route
58,106,Bastiong,Babang,Maluku Utara,Kendaraan,20,Golongan VII,GOL VII,2026-08-21,,,,,,IDR,SCHEDULE_DATA_NOT_FOUND,0,Gateway returned no schedule data for route
58,106,Bastiong,Babang,Maluku Utara,Kendaraan,21,Golongan VIII,GOL VIII,2026-08-21,,,,,,IDR,SCHEDULE_DATA_NOT_FOUND,0,Gateway returned no schedule data for route
58,106,Bastiong,Babang,Maluku Utara,Kendaraan,22,Golongan IX,GOL IX,2026-08-21,,,,,,IDR,SCHEDULE_DATA_NOT_FOUND,0,Gateway returned no schedule data for route
58,106,Bastiong,Babang,Maluku Utara,Pejalan Kaki,7,Dewasa Ekonomi,DEWASA,2026-08-21,,,,,,IDR,SCHEDULE_DATA_NOT_FOUND,0,Gateway returned no schedule data for route
58,106,Bastiong,Babang,Maluku Utara,Pejalan Kaki,9,Bayi Ekonomi,BAYI,2026-08-21,,,,,,IDR,SCHEDULE_DATA_NOT_FOUND,0,Gateway returned no schedule data for route
83313,83,Batulicin,Garongkong,Sulawesi Selatan,Kendaraan,11,Golongan I,GOL I,2026-08-21,,,,,,IDR,SCHEDULE_DATA_NOT_FOUND,0,Gateway returned no schedule data for route
83313,83,Batulicin,Garongkong,Sulawesi Selatan,Kendaraan,12,Golongan II ,GOL II,2026-08-21,,,,,,IDR,SCHEDULE_DATA_NOT_FOUND,0,Gateway returned no schedule data for route
83313,83,Batulicin,Garongkong,Sulawesi Selatan,Kendaraan,13,Golongan III,GOL III,2026-08-21,,,,,,IDR,SCHEDULE_DATA_NOT_FOUND,0,Gateway returned no schedule data for route
83313,83,Batulicin,Garongkong,Sulawesi Selatan,Kendaraan,14,Golongan IV - Penumpang,GOL IV A,2026-08-21,,,,,,IDR,SCHEDULE_DATA_NOT_FOUND,0,Gateway returned no schedule data for route
83313,83,Batulicin,Garongkong,Sulawesi Selatan,Kendaraan,15,Golongan IV - Barang,GOL IV B,2026-08-21,,,,,,IDR,SCHEDULE_DATA_NOT_FOUND,0,Gateway returned no schedule data for route
83313,83,Batulicin,Garongkong,Sulawesi Selatan,Kendaraan,16,Golongan V - Penumpang,GOL V A,2026-08-21,,,,,,IDR,SCHEDULE_DATA_NOT_FOUND,0,Gateway returned no schedule data for route
83313,83,Batulicin,Garongkong,Sulawesi Selatan,Kendaraan,17,Golongan V - Barang,GOL V B,2026-08-21,,,,,,IDR,SCHEDULE_DATA_NOT_FOUND,0,Gateway returned no schedule data for route
83313,83,Batulicin,Garongkong,Sulawesi Selatan,Kendaraan,18,Golongan VI - Penumpang,GOL VI A,2026-08-21,,,,,,IDR,SCHEDULE_DATA_NOT_FOUND,0,Gateway returned no schedule data for route
83313,83,Batulicin,Garongkong,Sulawesi Selatan,Kendaraan,19,Golongan VI - Barang,GOL VI B,2026-08-21,,,,,,IDR,SCHEDULE_DATA_NOT_FOUND,0,Gateway returned no schedule data for route
83313,83,Batulicin,Garongkong,Sulawesi Selatan,Kendaraan,20,Golongan VII,GOL VII,2026-08-21,,,,,,IDR,SCHEDULE_DATA_NOT_FOUND,0,Gateway returned no schedule data for route
83313,83,Batulicin,Garongkong,Sulawesi Selatan,Kendaraan,21,Golongan VIII,GOL VIII,2026-08-21,,,,,,IDR,SCHEDULE_DATA_NOT_FOUND,0,Gateway returned no schedule data for route
83313,83,Batulicin,Garongkong,Sulawesi Selatan,Kendaraan,22,Golongan IX,GOL IX,2026-08-21,,,,,,IDR,SCHEDULE_DATA_NOT_FOUND,0,Gateway returned no schedule data for route
83313,83,Batulicin,Garongkong,Sulawesi Selatan,Pejalan Kaki,7,Dewasa Ekonomi,DEWASA,2026-08-21,,,,,,IDR,SCHEDULE_DATA_NOT_FOUND,0,Gateway returned no schedule data for route
83313,83,Batulicin,Garongkong,Sulawesi Selatan,Pejalan Kaki,9,Bayi Ekonomi,BAYI,2026-08-21,,,,,,IDR,SCHEDULE_DATA_NOT_FOUND,0,Gateway returned no schedule data for route
8384,83,Batulicin,Tanjung Serdang,Kalimantan Selatan,Kendaraan,11,Golongan I,GOL I,2026-08-21,00:00,2627160930380749500,0,15600.0,15600.0,IDR,OK,200,Ship schedule found.
8384,83,Batulicin,Tanjung Serdang,Kalimantan Selatan,Kendaraan,12,Golongan II ,GOL II,2026-08-21,00:00,2627160930380749500,0,31000.0,31000.0,IDR,OK,200,Ship schedule found.
8384,83,Batulicin,Tanjung Serdang,Kalimantan Selatan,Kendaraan,13,Golongan III,GOL III,2026-08-21,00:00,2627160930380749500,0,88000.0,88000.0,IDR,OK,200,Ship schedule found.
8384,83,Batulicin,Tanjung Serdang,Kalimantan Selatan,Kendaraan,14,Golongan IV - Penumpang,GOL IV A,2026-08-21,00:00,2627160930380749500,0,205000.0,205000.0,IDR,OK,200,Ship schedule found.
8384,83,Batulicin,Tanjung Serdang,Kalimantan Selatan,Kendaraan,15,Golongan IV - Barang,GOL IV B,2026-08-21,00:00,2627160930380749500,0,187000.0,187000.0,IDR,OK,200,Ship schedule found.
8384,83,Batulicin,Tanjung Serdang,Kalimantan Selatan,Kendaraan,16,Golongan V - Penumpang,GOL V A,2026-08-21,00:00,2627160930380749500,0,345000.0,345000.0,IDR,OK,200,Ship schedule found.
8384,83,Batulicin,Tanjung Serdang,Kalimantan Selatan,Kendaraan,17,Golongan V - Barang,GOL V B,2026-08-21,00:00,2627160930380749500,0,315000.0,315000.0,IDR,OK,200,Ship schedule found.
8384,83,Batulicin,Tanjung Serdang,Kalimantan Selatan,Kendaraan,18,Golongan VI - Penumpang,GOL VI A,2026-08-21,00:00,2627160930380749500,0,560000.0,560000.0,IDR,OK,200,Ship schedule found.
8384,83,Batulicin,Tanjung Serdang,Kalimantan Selatan,Kendaraan,19,Golongan VI - Barang,GOL VI B,2026-08-21,00:00,2627160930380749500,0,555000.0,555000.0,IDR,OK,200,Ship schedule found.
8384,83,Batulicin,Tanjung Serdang,Kalimantan Selatan,Kendaraan,20,Golongan VII,GOL VII,2026-08-21,00:00,2627160930380749500,0,705000.0,705000.0,IDR,OK,200,Ship schedule found.
8384,83,Batulicin,Tanjung Serdang,Kalimantan Selatan,Kendaraan,21,Golongan VIII,GOL VIII,2026-08-21,00:00,2627160930380749500,0,1090000.0,1090000.0,IDR,OK,200,Ship schedule found.
8384,83,Batulicin,Tanjung Serdang,Kalimantan Selatan,Kendaraan,22,Golongan IX,GOL IX,2026-08-21,00:00,2627160930380749500,0,3075000.0,3075000.0,IDR,OK,200,Ship schedule found.
8384,83,Batulicin,Tanjung Serdang,Kalimantan Selatan,Pejalan Kaki,7,Dewasa Ekonomi,DEWASA,2026-08-21,00:00,2627160930380749500,0,11000.0,11000.0,IDR,OK,200,Ship schedule found.
8384,83,Batulicin,Tanjung Serdang,Kalimantan Selatan,Pejalan Kaki,9,Bayi Ekonomi,BAYI,2026-08-21,00:00,2627160930380749500,0,1500.0,1500.0,IDR,OK,200,Ship schedule found.
8483,84,Tanjung Serdang,Batulicin,Kalimantan Selatan,Kendaraan,11,Golongan I,GOL I,2026-08-21,00:00,2627160930380750244,0,15600.0,15600.0,IDR,OK,200,Ship schedule found.
8483,84,Tanjung Serdang,Batulicin,Kalimantan Selatan,Kendaraan,12,Golongan II ,GOL II,2026-08-21,00:00,2627160930380750244,0,31000.0,31000.0,IDR,OK,200,Ship schedule found.
8483,84,Tanjung Serdang,Batulicin,Kalimantan Selatan,Kendaraan,13,Golongan III,GOL III,2026-08-21,00:00,2627160930380750244,0,88000.0,88000.0,IDR,OK,200,Ship schedule found.
8483,84,Tanjung Serdang,Batulicin,Kalimantan Selatan,Kendaraan,14,Golongan IV - Penumpang,GOL IV A,2026-08-21,00:00,2627160930380750244,0,205000.0,205000.0,IDR,OK,200,Ship schedule found.
8483,84,Tanjung Serdang,Batulicin,Kalimantan Selatan,Kendaraan,15,Golongan IV - Barang,GOL IV B,2026-08-21,00:00,2627160930380750244,0,187000.0,187000.0,IDR,OK,200,Ship schedule found.
8483,84,Tanjung Serdang,Batulicin,Kalimantan Selatan,Kendaraan,16,Golongan V - Penumpang,GOL V A,2026-08-21,00:00,2627160930380750244,0,345000.0,345000.0,IDR,OK,200,Ship schedule found.
8483,84,Tanjung Serdang,Batulicin,Kalimantan Selatan,Kendaraan,17,Golongan V - Barang,GOL V B,2026-08-21,00:00,2627160930380750244,0,315000.0,315000.0,IDR,OK,200,Ship schedule found.
8483,84,Tanjung Serdang,Batulicin,Kalimantan Selatan,Kendaraan,18,Golongan VI - Penumpang,GOL VI A,2026-08-21,00:00,2627160930380750244,0,560000.0,560000.0,IDR,OK,200,Ship schedule found.
8483,84,Tanjung Serdang,Batulicin,Kalimantan Selatan,Kendaraan,19,Golongan VI - Barang,GOL VI B,2026-08-21,00:00,2627160930380750244,0,555000.0,555000.0,IDR,OK,200,Ship schedule found.
8483,84,Tanjung Serdang,Batulicin,Kalimantan Selatan,Kendaraan,20,Golongan VII,GOL VII,2026-08-21,00:00,2627160930380750244,0,705000.0,705000.0,IDR,OK,200,Ship schedule found.
8483,84,Tanjung Serdang,Batulicin,Kalimantan Selatan,Kendaraan,21,Golongan VIII,GOL VIII,2026-08-21,00:00,2627160930380750244,0,1090000.0,1090000.0,IDR,OK,200,Ship schedule found.
8483,84,Tanjung Serdang,Batulicin,Kalimantan Selatan,Kendaraan,22,Golongan IX,GOL IX,2026-08-21,00:00,2627160930380750244,0,3075000.0,3075000.0,IDR,OK,200,Ship schedule found.
8483,84,Tanjung Serdang,Batulicin,Kalimantan Selatan,Pejalan Kaki,7,Dewasa Ekonomi,DEWASA,2026-08-21,00:00,2627160930380750244,0,11000.0,11000.0,IDR,OK,200,Ship schedule found.
8483,84,Tanjung Serdang,Batulicin,Kalimantan Selatan,Pejalan Kaki,9,Bayi Ekonomi,BAYI,2026-08-21,00:00,2627160930380750244,0,1500.0,1500.0,IDR,OK,200,Ship schedule found.
91,105,Bitung,Melonguane,Sulawesi Utara,Kendaraan,11,Golongan I,GOL I,2026-08-21,,,,,,IDR,SCHEDULE_DATA_NOT_FOUND,0,Gateway returned no schedule data for route
91,105,Bitung,Melonguane,Sulawesi Utara,Kendaraan,12,Golongan II ,GOL II,2026-08-21,,,,,,IDR,SCHEDULE_DATA_NOT_FOUND,0,Gateway returned no schedule data for route
91,105,Bitung,Melonguane,Sulawesi Utara,Kendaraan,13,Golongan III,GOL III,2026-08-21,,,,,,IDR,SCHEDULE_DATA_NOT_FOUND,0,Gateway returned no schedule data for route
91,105,Bitung,Melonguane,Sulawesi Utara,Kendaraan,14,Golongan IV - Penumpang,GOL IV A,2026-08-21,,,,,,IDR,SCHEDULE_DATA_NOT_FOUND,0,Gateway returned no schedule data for route
91,105,Bitung,Melonguane,Sulawesi Utara,Kendaraan,15,Golongan IV - Barang,GOL IV B,2026-08-21,,,,,,IDR,SCHEDULE_DATA_NOT_FOUND,0,Gateway returned no schedule data for route
91,105,Bitung,Melonguane,Sulawesi Utara,Kendaraan,16,Golongan V - Penumpang,GOL V A,2026-08-21,,,,,,IDR,SCHEDULE_DATA_NOT_FOUND,0,Gateway returned no schedule data for route
91,105,Bitung,Melonguane,Sulawesi Utara,Kendaraan,17,Golongan V - Barang,GOL V B,2026-08-21,,,,,,IDR,SCHEDULE_DATA_NOT_FOUND,0,Gateway returned no schedule data for route
91,105,Bitung,Melonguane,Sulawesi Utara,Kendaraan,18,Golongan VI - Penumpang,GOL VI A,2026-08-21,,,,,,IDR,SCHEDULE_DATA_NOT_FOUND,0,Gateway returned no schedule data for route
91,105,Bitung,Melonguane,Sulawesi Utara,Kendaraan,19,Golongan VI - Barang,GOL VI B,2026-08-21,,,,,,IDR,SCHEDULE_DATA_NOT_FOUND,0,Gateway returned no schedule data for route
91,105,Bitung,Melonguane,Sulawesi Utara,Kendaraan,20,Golongan VII,GOL VII,2026-08-21,,,,,,IDR,SCHEDULE_DATA_NOT_FOUND,0,Gateway returned no schedule data for route
91,105,Bitung,Melonguane,Sulawesi Utara,Kendaraan,21,Golongan VIII,GOL VIII,2026-08-21,,,,,,IDR,SCHEDULE_DATA_NOT_FOUND,0,Gateway returned no schedule data for route
91,105,Bitung,Melonguane,Sulawesi Utara,Kendaraan,22,Golongan IX,GOL IX,2026-08-21,,,,,,IDR,SCHEDULE_DATA_NOT_FOUND,0,Gateway returned no schedule data for route
91,105,Bitung,Melonguane,Sulawesi Utara,Pejalan Kaki,7,Dewasa Ekonomi,DEWASA,2026-08-21,,,,,,IDR,SCHEDULE_DATA_NOT_FOUND,0,Gateway returned no schedule data for route
91,105,Bitung,Melonguane,Sulawesi Utara,Pejalan Kaki,9,Bayi Ekonomi,BAYI,2026-08-21,,,,,,IDR,SCHEDULE_DATA_NOT_FOUND,0,Gateway returned no schedule data for route
93,105,Bitung,Ternate,Maluku Utara,Kendaraan,11,Golongan I,GOL I,2026-08-21,,,,,,IDR,NO_SCHEDULE_FOR_DATE,0,No departure slots found for date 2026-08-21 (1 total across other dates)
93,105,Bitung,Ternate,Maluku Utara,Kendaraan,12,Golongan II ,GOL II,2026-08-21,,,,,,IDR,NO_SCHEDULE_FOR_DATE,0,No departure slots found for date 2026-08-21 (1 total across other dates)
93,105,Bitung,Ternate,Maluku Utara,Kendaraan,13,Golongan III,GOL III,2026-08-21,,,,,,IDR,NO_SCHEDULE_FOR_DATE,0,No departure slots found for date 2026-08-21 (1 total across other dates)
93,105,Bitung,Ternate,Maluku Utara,Kendaraan,14,Golongan IV - Penumpang,GOL IV A,2026-08-21,,,,,,IDR,NO_SCHEDULE_FOR_DATE,0,No departure slots found for date 2026-08-21 (1 total across other dates)
93,105,Bitung,Ternate,Maluku Utara,Kendaraan,15,Golongan IV - Barang,GOL IV B,2026-08-21,,,,,,IDR,NO_SCHEDULE_FOR_DATE,0,No departure slots found for date 2026-08-21 (1 total across other dates)
93,105,Bitung,Ternate,Maluku Utara,Kendaraan,16,Golongan V - Penumpang,GOL V A,2026-08-21,,,,,,IDR,NO_SCHEDULE_FOR_DATE,0,No departure slots found for date 2026-08-21 (1 total across other dates)
93,105,Bitung,Ternate,Maluku Utara,Kendaraan,17,Golongan V - Barang,GOL V B,2026-08-21,,,,,,IDR,NO_SCHEDULE_FOR_DATE,0,No departure slots found for date 2026-08-21 (1 total across other dates)
93,105,Bitung,Ternate,Maluku Utara,Kendaraan,18,Golongan VI - Penumpang,GOL VI A,2026-08-21,,,,,,IDR,NO_SCHEDULE_FOR_DATE,0,No departure slots found for date 2026-08-21 (1 total across other dates)
93,105,Bitung,Ternate,Maluku Utara,Kendaraan,19,Golongan VI - Barang,GOL VI B,2026-08-21,,,,,,IDR,NO_SCHEDULE_FOR_DATE,0,No departure slots found for date 2026-08-21 (1 total across other dates)
93,105,Bitung,Ternate,Maluku Utara,Kendaraan,20,Golongan VII,GOL VII,2026-08-21,,,,,,IDR,NO_SCHEDULE_FOR_DATE,0,No departure slots found for date 2026-08-21 (1 total across other dates)
93,105,Bitung,Ternate,Maluku Utara,Kendaraan,21,Golongan VIII,GOL VIII,2026-08-21,,,,,,IDR,NO_SCHEDULE_FOR_DATE,0,No departure slots found for date 2026-08-21 (1 total across other dates)
93,105,Bitung,Ternate,Maluku Utara,Kendaraan,22,Golongan IX,GOL IX,2026-08-21,,,,,,IDR,NO_SCHEDULE_FOR_DATE,0,No departure slots found for date 2026-08-21 (1 total across other dates)
93,105,Bitung,Ternate,Maluku Utara,Pejalan Kaki,7,Dewasa Ekonomi,DEWASA,2026-08-21,,,,,,IDR,NO_SCHEDULE_FOR_DATE,0,No departure slots found for date 2026-08-21 (1 total across other dates)
93,105,Bitung,Ternate,Maluku Utara,Pejalan Kaki,9,Bayi Ekonomi,BAYI,2026-08-21,,,,,,IDR,NO_SCHEDULE_FOR_DATE,0,No departure slots found for date 2026-08-21 (1 total across other dates)
96,105,Bitung,Tobelo,Maluku Utara,Kendaraan,11,Golongan I,GOL I,2026-08-21,,,,,,IDR,NO_SCHEDULE_FOR_DATE,0,No departure slots found for date 2026-08-21 (1 total across other dates)
96,105,Bitung,Tobelo,Maluku Utara,Kendaraan,12,Golongan II ,GOL II,2026-08-21,,,,,,IDR,NO_SCHEDULE_FOR_DATE,0,No departure slots found for date 2026-08-21 (1 total across other dates)
96,105,Bitung,Tobelo,Maluku Utara,Kendaraan,13,Golongan III,GOL III,2026-08-21,,,,,,IDR,NO_SCHEDULE_FOR_DATE,0,No departure slots found for date 2026-08-21 (1 total across other dates)
96,105,Bitung,Tobelo,Maluku Utara,Kendaraan,14,Golongan IV - Penumpang,GOL IV A,2026-08-21,,,,,,IDR,NO_SCHEDULE_FOR_DATE,0,No departure slots found for date 2026-08-21 (1 total across other dates)
96,105,Bitung,Tobelo,Maluku Utara,Kendaraan,15,Golongan IV - Barang,GOL IV B,2026-08-21,,,,,,IDR,NO_SCHEDULE_FOR_DATE,0,No departure slots found for date 2026-08-21 (1 total across other dates)
96,105,Bitung,Tobelo,Maluku Utara,Kendaraan,16,Golongan V - Penumpang,GOL V A,2026-08-21,,,,,,IDR,NO_SCHEDULE_FOR_DATE,0,No departure slots found for date 2026-08-21 (1 total across other dates)
96,105,Bitung,Tobelo,Maluku Utara,Kendaraan,17,Golongan V - Barang,GOL V B,2026-08-21,,,,,,IDR,NO_SCHEDULE_FOR_DATE,0,No departure slots found for date 2026-08-21 (1 total across other dates)
96,105,Bitung,Tobelo,Maluku Utara,Kendaraan,18,Golongan VI - Penumpang,GOL VI A,2026-08-21,,,,,,IDR,NO_SCHEDULE_FOR_DATE,0,No departure slots found for date 2026-08-21 (1 total across other dates)
96,105,Bitung,Tobelo,Maluku Utara,Kendaraan,19,Golongan VI - Barang,GOL VI B,2026-08-21,,,,,,IDR,NO_SCHEDULE_FOR_DATE,0,No departure slots found for date 2026-08-21 (1 total across other dates)
96,105,Bitung,Tobelo,Maluku Utara,Kendaraan,20,Golongan VII,GOL VII,2026-08-21,,,,,,IDR,NO_SCHEDULE_FOR_DATE,0,No departure slots found for date 2026-08-21 (1 total across other dates)
96,105,Bitung,Tobelo,Maluku Utara,Kendaraan,21,Golongan VIII,GOL VIII,2026-08-21,,,,,,IDR,NO_SCHEDULE_FOR_DATE,0,No departure slots found for date 2026-08-21 (1 total across other dates)
96,105,Bitung,Tobelo,Maluku Utara,Kendaraan,22,Golongan IX,GOL IX,2026-08-21,,,,,,IDR,NO_SCHEDULE_FOR_DATE,0,No departure slots found for date 2026-08-21 (1 total across other dates)
96,105,Bitung,Tobelo,Maluku Utara,Pejalan Kaki,7,Dewasa Ekonomi,DEWASA,2026-08-21,,,,,,IDR,NO_SCHEDULE_FOR_DATE,0,No departure slots found for date 2026-08-21 (1 total across other dates)
96,105,Bitung,Tobelo,Maluku Utara,Pejalan Kaki,9,Bayi Ekonomi,BAYI,2026-08-21,,,,,,IDR,NO_SCHEDULE_FOR_DATE,0,No departure slots found for date 2026-08-21 (1 total across other dates)
